month,trading_days_cash,trades_cash_total,adt_cash_trades,value_open_trading_audbn,value_auctions_audbn,value_centrepoint_audbn,value_tradereport_audbn,value_cash_onmarket_audbn,value_cash_total_audbn,adt_cash_onmarket_audbn,adt_cash_total_audbn,avg_value_per_trade_aud,vix_asx200_avg,trading_days_futures,contracts_futures_total,adv_futures_contracts,contracts_options_on_futures_total,adv_options_on_futures_contracts,contracts_futures_and_options_total,adv_futures_and_options_contracts,trading_days_eto,contracts_single_stock_options_total,adv_single_stock_options_contracts,contracts_index_options_total,adv_index_options_contracts,listed_entities_total,new_listed_entities,delisted_entities,capital_initial_raised_audmn,mktcap_new_listings_audmn,capital_secondary_audmn,capital_other_scrip_audmn,capital_secondary_total_audmn,capital_total_raised_incl_other_audmn,capital_new_quoted_audmn,mktcap_delisted_audmn,capital_net_new_quoted_audmn,otc_notional_cleared_audbn,otc_open_notional_audbn,billable_cash_cleared_audbn,margin_cash_onbs_audbn,margin_total_audbn,chess_holdings_audbn,settlement_msgs_mn,austraclear_holdings_audbn,participants_asx_total,participants_asx24_total,contracts_spi200_futures,oi_spi200_futures,contracts_3y_bond_futures,oi_3y_bond_futures,contracts_10y_bond_futures,oi_10y_bond_futures,contracts_90d_bankbill_futures,oi_90d_bankbill_futures
2016-01,19,18222770,959093,54.958,14.826,4.518,7.152,,81.454,3.911,4.287,4470,22.1,20,8993472,449674,129140,6457,9122612,456131,19,5715344,300808,980903,51626,2210,3,,37,,232,60,292,329,,,,154.366,688.256,80.969,,,1486.1,1.2,1865.7,,,,,,,,,,
2016-02,21,22317260,1062727,69.191,16.723,7.145,14.280,,107.339,4.431,5.111,4810,23.7,21,10363616,493506,195273,9299,10558889,502804,21,7529365,358541,1070936,50997,2209,8,,2894,,601,2191,2792,5686,,,,260.944,779.918,101.961,,,1452.6,1.5,1868.7,,,,,,,,,,
2016-03,21,21168037,1008002,63.705,20.623,7.320,12.873,,104.521,4.364,4.977,4938,17.1,21,14985658,713603,200229,9535,15185887,723137,21,8938513,425643,1013122,48244,2203,5,,503,,1346,504,1850,2353,,,,226.652,841.252,99.342,,,1517.5,1.6,1888.7,,,,,,,,,,
2016-04,20,19299962,964998,57.013,14.322,7.005,10.496,,88.836,3.917,4.442,4603,17.4,21,10108908,481377,144826,6896,10253734,488273,20,7536879,376844,891695,44585,2205,10,,4527,,4205,661,4866,9393,,,,126.044,862.274,87.349,,,1575.1,1.4,1893.9,,,,,,,,,,
2016-05,22,22501722,1022806,69.896,19.408,8.795,12.800,,110.899,4.459,5.041,4928,17.6,22,11416728,518942,220888,10040,11637616,528983,22,7634078,347004,1126936,51224,2206,10,,1190,,1592,661,2253,3443,,,,512.091,1152.409,107.621,,,1637.7,1.5,1909.8,,,,,,,,,,
2016-06,21,22321943,1062950,65.927,19.810,8.433,11.663,,105.833,4.484,5.040,4741,19.4,22,16441909,747360,181305,8241,16623214,755601,21,7296949,347474,1483409,70639,2204,11,,959,,1726,126,1852,2811,,,,644.460,1600.194,102.365,,,1596.8,1.5,1895.6,,,,,,,,,,
2016-07,21,20577507,979881,58.261,16.798,7.203,10.091,,92.353,3.917,4.398,4488,16.3,21,8527885,406090,145451,6926,8673336,413016,21,6538759,311369,886671,42222,2210,12,,1424,,6927,278,7205,8629,,,,298.076,1691.781,91.332,,,1706.2,1.6,1910.8,121,52,,,,,,,,
2016-08,23,23069725,1003032,66.910,18.267,9.322,14.979,,109.478,4.109,4.760,4746,13.2,23,7658247,332967,106201,4617,7764448,337585,23,7549322,328231,929649,40420,2192,16,,2551,,3014,720,3734,6285,,,,299.554,1652.707,105.116,,,1673.2,1.7,1918.3,121,52,,,,,,,,
2016-09,22,22449067,1020412,62.892,21.353,9.423,15.245,,108.913,4.258,4.951,,14.4,22,15554527,707024,100324,4560,15654851,711584,22,7798816,354492,951326,43242,2187,5,,144,,2873,335,3208,3352,,,,446.487,1741.256,104.243,,,1692.7,1.6,1927.1,121,51,,,,,,,,
2016-10,21,20420864,972422,55.574,16.888,8.807,11.904,,93.173,3.870,4.437,4563,14.1,21,11090881,528137,109951,5236,11200832,533373,21,6112904,291091,737000,35095,2190,14,,2192,,3902,422,4324,6516,,,,323.944,1837.651,90.745,,,1657.1,1.5,1939.7,121,52,,,,,,,,
2016-11,22,24366378,1107563,71.596,20.061,10.731,13.688,,116.076,4.654,5.276,4764,15.2,22,11658394,529927,142868,6494,11801262,536421,22,8534064,387912,1192086,54186,2207,22,,3743,,1563,226,1789,5532,,,,445.396,1981.494,113.358,,,1706.0,1.6,1940.0,121,51,,,,,,,,
2016-12,20,20100667,1005033,56.029,20.292,8.548,10.611,,95.480,4.243,4.774,4750,11.9,20,13840765,692038,103350,5168,13944115,697206,20,8706994,435350,883216,44161,2215,17,,1026,,5340,156,5496,6522,,,,346.225,1916.342,94.491,,,1767.5,1.4,1947.3,121,52,,,,,,,,
2017-01,20,18992925,949646,50.038,15.683,7.019,11.457,,84.197,3.637,4.210,4433,13.1,21,7838553,373264,58273,2775,7896826,376039,20,6901028,345051,697552,34878,2218,9,,99,,614,140,754,853,,,,367.929,2083.935,81.571,,,1757.2,1.2,1966.2,121,52,,,,,,,,
2017-02,20,22794580,1139729,61.422,18.255,9.337,16.199,,105.213,4.451,5.261,4616,12.1,20,9367124,468356,101333,5067,9468457,473423,20,7699629,384981,728440,36422,2222,7,,109,,1135,311,1446,1555,,,,534.431,2427.581,99.943,,,1800.3,1.4,1941.3,121,52,,,,,,,,
2017-03,23,23739799,1032165,66.963,24.312,9.149,15.378,,115.802,4.366,5.035,4878,11.1,23,17485161,760224,150109,6526,17635270,766751,23,8807022,382914,850572,36981,2224,12,,250,,3600,244,3844,4094,,,,561.507,2493.595,111.679,,,1851.6,1.6,1969.2,121,52,,,,,,,,
2017-04,17,18336891,1078641,49.519,15.238,6.811,10.164,,81.732,4.210,4.808,4457,12.7,18,8901810,494545,124649,6925,9026459,501470,17,7631279,448899,731390,43023,2228,9,,419,,4484,241,4725,5144,,,,443.387,2695.544,80.630,,,1872.5,1.1,1825.3,121,52,,,,,,,,
2017-05,23,26505982,1152434,71.339,23.237,10.864,19.559,,124.999,4.584,5.435,4716,12.2,23,11170855,485689,114583,4982,11285438,490671,23,8665227,376749,841525,36588,2231,14,,1720,,2095,129,2224,3944,,,,579.179,2903.990,118.681,,,1809.2,1.6,1839.8,121,52,,,,,,,,
2017-06,21,25079005,1194238,64.904,26.599,9.829,18.102,,119.434,4.825,5.687,4762,12.7,22,17941120,815505,86213,3919,18027333,819424,21,8349917,397615,958673,45651,2239,15,,975,,1613,954,2567,3542,,,,519.834,2924.287,112.925,,,1805.0,1.5,1860.3,122,51,,,,,,,,
2017-07,21,23175944,1103616,55.713,20.242,8.311,11.999,,96.265,4.013,4.584,4154,13.4,21,12062303,574395,116373,5542,12178676,579937,21,6974098,332100,905273,43108,2242,12,,1430,,3145,393,3538,4968,,,,621.131,3244.181,95.099,,,1805.5,1.3,1862.7,121,50,,,,,,,,
2017-08,23,25888396,1125582,64.350,20.682,10.666,17.700,,113.398,4.161,4.930,4380,13.5,23,8863013,385348,79541,3458,8942554,388807,23,8948308,389057,962977,41869,2237,4,,487,,4620,731,5351,5838,,,,474.370,3334.883,108.488,,,1819.3,1.6,1881.0,120,52,,,,,,,,
2017-09,21,23421250,1115298,52.832,19.589,8.408,12.932,,93.761,3.849,4.465,4003,12.7,21,17385593,827885,90015,4286,17475608,832172,21,7060944,336235,996956,47474,2245,12,,1394,,3252,3350,6602,7996,,,,485.867,3288.164,91.829,,,1826.6,1.5,1881.7,121,52,,,,,,,,
2017-10,22,24697769,1122626,53.973,17.838,8.485,12.625,80.296,92.921,3.650,4.224,3762,11.3,22,10036645,456211,103538,4706,10140183,460917,22,6459042,293593,1146145,52098,2248,13,,2312,,3791,223,4014,6326,,,,448.908,3436.282,92.712,,,1908.3,1.433,1895.2,122,56,,,,,,,,
2017-11,22,27003755,1227443,60.688,22.592,9.472,19.634,92.752,112.386,4.216,5.108,4162,11.7,22,10423965,473817,95078,4322,10519043,478138,22,6285782,285717,1135452,51611,2265,21,,3761,,3368,251,3619,7380,,,,637.512,3672.446,106.109,,,1943.8,1.533,1901.1,122,56,,,,,,,,
2017-12,19,20692946,1089102,46.663,21.528,8.095,14.456,76.286,90.742,4.015,4.776,4385,11.0,19,15203685,800194,32513,1711,15236198,801905,19,6039696,317879,785650,41350,2275,15,,1589,,5673,5057,10730,12319,,,,469.762,3473.810,85.695,,,1971.5,1.421,1902.5,121,55,,,,,,,,
2018-01,21,22718480,1081832,49.254,18.825,7.722,10.647,75.801,86.448,3.610,4.117,3805,11.1,22,11187509,508523,75658,3439,11263167,511962,21,5765321,274539,857472,40832,2282,12,,176,,1435,1201,2636,2812,,,,470.547,3673.008,86.988,,,1969.4,1.344,1914.3,122,54,,,,,,,,
2018-02,20,26172825,1308641,65.120,22.293,9.568,18.682,96.981,115.663,4.849,5.783,4419,16.3,20,11819213,590961,73367,3668,11892580,594629,20,6449265,322463,1344319,67216,2284,6,,125,,2819,95,2914,3039,,,,694.690,3940.114,109.692,,,1983.8,1.528,1913.2,122,55,,,,,,,,
2018-03,21,25901098,1233386,58.572,24.691,8.955,16.699,92.218,108.917,4.391,5.187,4205,14.0,21,18201971,866761,52795,2514,18254766,869275,21,6564643,312602,1015993,48381,2282,8,,139,,5182,500,5682,5821,,,,648.945,3927.622,103.162,,,1904.4,1.576,1930.1,121,55,,,,,,,,
2018-04,19,21558581,1134662,48.403,17.497,7.525,13.691,73.425,87.116,3.864,4.585,4041,13.3,20,9406229,470311,70950,3548,9477179,473859,19,5625508,296079,908417,47811,2279,10,,2354,,4732,793,5525,7879,,,,384.195,3917.975,82.941,,,1996.1,1.367,1930.7,121,53,,,,,,,,
2018-05,23,27013141,1174484,65.396,26.852,10.230,20.288,102.478,122.766,4.456,5.338,4545,12.0,23,12819288,557360,72690,3160,12891978,560521,23,7237583,314678,1211281,52664,2283,13,,10847,,1843,69,1912,12759,,,,528.750,3957.636,114.711,,,2017.2,1.667,1940.7,121,53,,,,,,,,
2018-06,20,24284081,1214204,56.929,29.497,9.044,15.963,95.470,111.433,4.774,5.572,4589,11.7,21,18004755,857369,92047,4383,18096802,861752,20,6680981,334049,1191140,59557,2285,11,,1079,,3161,336,3497,4576,,,,449.645,3773.703,104.606,,,2071.4,1.608,1948.8,121,53,,,,,,,,
2018-07,22,25429411,1155882,55.637,22.920,8.927,15.040,87.484,102.524,3.977,4.660,4032,12.6,22,9543984,433817,77017,3501,9621001,437318,22,5317032,241683,927492,42159,2296,16,,5392,,1815,301,2116,7508,,,,379.644,3778.925,97.074,,,2096.5,1.571,1950.7,121,52,,,,,,,,
2018-08,23,30439417,1323453,70.143,25.896,11.365,22.348,107.404,129.752,4.670,5.641,4263,11.6,23,10471168,455268,125787,5469,10596955,460737,23,7366864,320298,968604,42113,2288,9,,605,,1715,215,1930,2535,,,,404.456,3821.887,118.587,,,2122.0,1.790,1957.7,122,52,,,,,,,,
2018-09,20,26507892,1325395,56.826,26.541,8.942,16.862,92.309,109.171,4.615,5.459,4118,12.4,20,17242172,862109,70026,3501,17312198,865610,20,5861863,293093,922012,46101,2294,12,,608,,7177,326,7503,8111,,,,304.654,3606.389,101.508,,,2083.5,1.588,1974.6,121,52,,,,,,,,
2018-10,23,31387715,1364683,67.496,27.442,9.828,16.762,104.766,121.528,4.555,5.284,3872,16.4,23,11823990,514087,90955,3955,11914945,518041,23,6221429,270497,1355555,58937,2288,9,,4300,,4945,3173,8118,12418,,,,215.374,3469.087,115.929,,,1927.7,1.802,1984.5,119,53,,,,,,,,
2018-11,22,31470629,1430483,64.079,28.491,9.977,19.558,102.547,122.105,4.661,5.550,3880,16.2,22,11980845,544584,99816,4537,12080661,549121,22,5915629,268892,1027680,46713,2290,12,,20163,,2534,542,3076,23239,,,,447.075,3492.252,112.687,,,1897.9,1.837,1990.9,119,53,,,,,,,,
2018-12,19,26038415,1370443,54.140,29.903,8.129,13.592,92.172,105.764,4.851,5.567,4062,17.6,19,16856487,887184,54292,2857,16910779,890041,19,5952708,313300,994440,52339,2284,14,,1014,,5007,2141,7148,8162,,,,285.335,3185.268,99.593,,,1891.4,1.488,1988.2,117,52,,,,,,,,
2019-01,21,26555488,1264547,47.562,23.312,7.278,13.879,78.152,92.031,3.722,4.382,3466,14.8,22,10899308,495423,100402,4564,10999710,499987,21,5207234,247964,746417,35544,2283,5,,35,,209,199,408,443,,,,721.773,3687.717,85.636,,,1952.7,1.350,1999.0,115,52,,,,,,,,
2019-02,20,32353562,1617678,63.342,26.497,10.161,20.062,100.000,120.062,5.000,6.003,3711,12.6,20,12706334,635317,125330,6267,12831664,641583,20,6419210,320961,771907,38595,2282,5,,112,,1144,20,1164,1276,,,,1213.803,4504.854,111.364,,,2053.4,1.534,2031.0,114,52,,,,,,,,
2019-03,21,32808619,1562315,60.180,34.695,9.840,20.782,104.715,125.497,4.986,5.976,3825,12.1,21,21925914,1044091,132538,6311,22058452,1050402,21,6388746,304226,961224,45773,2275,4,,130,,3990,1209,5199,5329,,,,1051.626,5024.513,115.164,,,2061.1,1.656,2032.4,112,52,,,,,,,,
2019-04,19,28054731,1476565,51.122,23.076,7.853,13.800,82.051,95.851,4.318,5.045,3417,11.4,20,11906561,595328,125715,6286,12032276,601614,19,5877146,309323,753056,39635,2268,6,,1188,,2316,1327,3643,4831,,,,1219.654,5956.630,91.013,,,2116.3,1.483,2032.2,112,51,,,,,,,,
2019-05,23,36499893,1586952,70.358,30.557,11.475,19.555,112.390,131.945,4.887,5.737,3615,13.6,23,14455820,628514,176581,7677,14632401,636191,23,6711234,291793,1016045,44176,2266,7,,2048,,2794,211,3005,5053,,,,1774.934,6846.987,124.375,,,2136.5,1.907,2048.4,112,51,,,,,,,,
2019-06,19,32439372,1707335,61.226,34.649,9.255,19.328,105.130,124.458,5.533,6.550,3837,13.7,20,20721416,1036071,95523,4776,20816939,1040847,19,6586026,346633,837641,44086,2269,12,,1807,,5373,119,5492,7299,,,,1692.288,7207.582,115.104,,,2181.2,1.642,2054.5,112,49,,,,,,,,
2019-07,23,37019731,1609554,64.433,29.169,8.980,24.211,102.582,126.793,4.460,5.513,3425,11.2,23,11042082,480091,64773,2816,11106855,482907,23,5688419,247323,781576,33982,2265,4,,134,,4436,211,4647,4781,,,,1207.074,7471.577,113.657,,,2271.0,1.739,2069.3,111,48,,,,,,,,
2019-08,22,39567382,1798517,78.044,31.845,10.767,25.162,120.656,145.818,5.484,6.628,3685,15.9,22,12852856,584221,148492,6750,13001348,590970,22,6118343,278107,918229,41738,2245,7,,943,,3167,792,3959,4902,,,,1268.972,7309.903,132.710,,,2202.3,1.825,2067.2,112,47,,,,,,,,
2019-09,21,36295243,1728345,68.287,36.382,8.605,27.501,113.274,140.775,5.394,6.704,3879,13.1,21,20749238,988059,140121,6672,20889359,994731,21,6314526,300692,702964,33474,2242,7,,560,,4446,403,4849,5409,,,,1425.680,7360.700,123.850,,,2214.6,1.631,2074.0,111,47,,,,,,,,
2019-10,23,37439381,1627799,67.150,27.517,8.328,19.564,102.995,122.559,4.478,5.329,3274,13.6,23,11474249,498880,91544,3980,11565793,502861,23,5217696,226856,771877,33560,2242,10,,2213,,3079,409,3488,5701,,,,1045.112,7602.600,114.411,10.9,,2228.6,1.687,2075.8,111,47,,,,,,,,
2019-11,21,35139400,1673305,66.433,31.347,9.397,21.497,107.177,128.674,5.104,6.127,3662,11.1,21,11430362,544303,113044,5383,11543406,549686,21,5341223,254344,670193,31914,2237,7,,2108,,7100,434,7534,9642,,,,665.166,6847.925,117.376,11.1,,2307.8,1.681,2084.4,111,47,,,,,,,,
2019-12,20,29418743,1470937,54.236,30.441,7.394,17.136,92.071,109.207,4.604,5.460,3712,12.0,20,18007593,900380,126265,6313,18133858,906693,20,5247456,262373,813978,40699,2240,20,,3113,,8052,433,8485,11598,,,,1447.212,5829.372,100.136,10.5,,2274.1,1.475,2097.0,111,47,,,,,,,,
2020-01,21,32169426,1531877,59.779,27.051,7.510,14.730,94.340,109.070,4.492,5.194,3390,12.4,22,11762935,534679,109357,4971,11872292,539650,21,4931528,234835,913176,43.485,2244,7,,86,,850,389,1239,1325,,,,1215.871,6384.446,104.756,10.5,,2376.7,1.423,2111.7,111,47,,,,,,,,
2020-02,20,38483894,1924195,82.823,32.332,11.158,26.608,126.313,152.921,6.316,7.646,3974,14.9,20,14305144,715257,176636,8832,14481780,724089,20,5840794,292040,1312453,65623,2214,7,,104,,2045,262,2307,2411,,,,1360.826,6938.705,138.933,11.2,,2202.8,1.658,2112.3,112,47,,,,,,,,
2020-03,22,67499988,3068181,157.656,54.668,19.123,32.715,231.447,264.162,10.520,12.007,3914,36.6,22,24451547,1111434,71400,3245,24522947,1114679,22,7356191,334372,1451084,65958,2206,1,,1063,,2117,978,3095,4158,,,,1300.088,6673.449,247.446,14.3,,1788.4,3.001,2114.6,111,47,,,,,,,,
2020-04,20,37618834,1880942,92.704,33.128,9.591,17.624,135.423,153.047,6.771,7.652,4068,31.4,20,7929243,396462,11439,572,7940682,397034,20,3812731,190637,449063,22453,2208,7,,97,,13334,337,13671,13768,,,,439.645,6345.316,144.153,12.3,,1961.9,2.072,2218.9,111,47,,,,,,,,
2020-05,21,32615809,1553134,92.999,34.373,9.416,19.643,136.788,156.431,6.514,7.449,4796,24.7,21,8463347,403017,49961,2379,8513308,405396,21,4619937,219997,504388,24018,2195,3,,7,,7335,196,7531,7538,,,,652.233,5848.885,146.863,12.0,,2055.0,2.048,2320.9,111,48,,,,,,,,
2020-06,21,37520966,1786713,110.775,41.623,10.167,19.662,162.565,182.227,7.741,8.678,4857,22.2,22,15646753,711216,21690,986,15668443,712202,21,5404793,257371,552921,26330,2188,3,,16536,,9072,349,9421,25957,,,,426.428,5098.019,175.049,12.5,,2080.1,2.547,2358.2,111,48,2292898,322253,5143604,998282,6827371,1231419,1004150,748813
2020-07,23,32529655,1414333,91.126,25.796,7.607,15.936,124.529,140.465,5.414,6.107,4318,19.1,23,8599426,373888,16318,709,8615744,374598,23,4860059,211307,534149,23224,2185,6,,387,,3764,263,4027,4414,,,,535.601,5140.238,134.954,13.0,,2115.1,1.863,2431.8,110,48,938452,333194,2729936,1225826,3953583,1353237,734413,760275
2020-08,21,32691381,1556732,92.211,28.595,9.577,19.111,130.383,149.494,6.209,7.119,4573,19.0,21,9876975,470332,31476,1499,9908451,471831,21,4868605,231838,466392,22209,2167,7,,270,,4532,144,4676,4946,,,,531.460,5221.102,141.687,13.1,,2181.2,1.824,2475.2,110,48,867863,323787,3131808,1231483,4836269,1612571,696766,808797
2020-09,22,34409738,1564079,92.488,33.609,9.548,21.770,135.645,157.415,6.166,7.155,4575,20.8,22,18168847,825857,30934,1406,18199781,827263,22,4936472,224385,562228,25556,2164,9,,1649,,5453,817,6270,7919,,,,802.910,4917.111,147.012,13.2,,2096.8,2.073,2542.8,110,48,2180480,317976,6770735,1177321,7537457,1527578,1237654,769181
2020-10,22,31607210,1436691,81.786,25.185,8.286,16.562,115.257,131.819,5.239,5.992,4171,20.9,22,9953192,452418,14027,638,9967219,453055,22,4142823,188310,494080,22458,2168,15,,3961,,3232,438,3670,7631,,,,837.109,5317.323,125.925,12.8,,2139.2,1.871,2568.4,108,48,1043197,297469,3238519,1183746,4347701,1574902,867063,787850
2020-11,21,33767566,1607979,95.536,33.493,9.145,19.837,138.174,158.011,6.580,7.524,4679,18.0,21,11328110,539434,19321,920,11347431,540354,21,5624821,267849,402257,19155,2176,15,,4409,,3592,416,4008,8417,,,,257.879,4956.287,150.073,13.5,,2335.4,1.971,2566.4,109,48,1034437,307190,3504525,941415,5104632,1592232,1095879,867121
2020-12,21,29103252,1385869,77.461,31.486,8.887,17.138,117.834,134.972,5.611,6.427,4638,13.8,21,14690195,699533,22316,1063,14712511,700596,21,4690994,223381,366650,17460,2200,33,,7082,,10694,845,11539,18621,,,,814.632,4039.552,126.741,12.3,,2390.1,1.912,2583.7,109,48,1705407,263522,4735986,825914,7014845,1400986,805487,769779
2021-01,19,26765134,1408691,69.464,26.279,7.573,12.783,103.316,116.099,5.438,6.110,4338,14.4,20,7302711,365136,22503,1125,7325214,366261,19,4212287,221699,351406,18495,2199,9,,172,,788,111,899,1071,,,,215.525,4007.300,113.126,12.2,,2393.6,1.553,2581.6,108,48,750441,260525,1970700,931780,3918048,1403839,386865,785007
2021-02,20,33331863,1666593,87.508,28.735,9.941,19.180,126.184,145.364,6.309,7.268,4361,15.1,20,12884196,644210,21611,1081,12905807,645290,20,5048312,252416,404378,20219,2188,12,,88,,1899,6398,8297,8385,,,,399.322,3798.071,138.574,13.7,,2434.0,2.038,2583.1,108,48,820391,267093,3949041,1008826,5822457,1459766,1788678,946363
2021-03,23,37451143,1628311,89.121,38.109,10.822,21.158,138.052,159.210,6.002,6.922,4251,14.3,23,17914094,778874,11586,504,17925680,779377,23,5048306,219492,433337,18841,2190,14,,1409,,5734,289,6023,7432,,,,186.602,3264.339,149.517,11.6,,2476.4,2.203,2608.1,107,47,1952019,247916,5486581,676898,7968653,1295646,1796913,882737
2021-04,20,28588496,1429425,66.414,26.212,7.582,16.185,100.208,116.393,5.010,5.820,4071,11.7,20,8246710,412336,6759,338,8253469,412673,20,3716022,185801,378744,18937,2199,14,,3856,,5317,534,5851,9707,,,,141.509,3132.583,109.154,11.8,,2579.2,1.805,2630.3,106,46,680139,246460,2383979,818485,4083907,1411475,831711,896278
2021-05,21,32481042,1546716,74.480,32.266,8.540,18.125,115.286,133.411,5.490,6.353,4107,12.6,21,8520223,405725,18977,904,8539200,406629,21,4561888,217233,408645,19459,2209,18,,4714,,2751,413,3164,7878,,,,122.951,3066.226,124.309,11.5,,2598.1,1.882,2644.3,106,46,812403,253749,2560814,900937,3939444,1385386,808136,900069
2021-06,21,31423160,1496341,76.836,33.433,8.626,19.386,118.895,138.281,5.662,6.585,4401,12.1,22,16080496,730932,19296,877,16099792,731809,21,5176228,246487,525268,25013,2228,24,,12577,,2805,691,3496,16073,,,,354.602,3101.448,128.142,12.1,,2644.8,1.751,2667.4,105,46,1639914,261658,5134961,721426,6844438,1220440,1781212,875947
2021-07,22,31563603,1434709,78.455,30.378,8.776,17.820,117.609,135.429,5.346,6.156,4291,12.0,22,9761781,443717,13208,600,9774989,444318,22,4303255,195603,423324,19242,2245,32,,5805,,4188,356,4544,10349,,,,300.846,3109.294,127.750,12.3,,2694.5,1.819,2685.1,105,46,841304,272603,3065746,790512,4141230,1267993,1332363,883439
2021-08,22,37362457,1698294,96.200,33.903,11.214,22.091,141.317,163.408,6.424,7.428,4374,11.4,22,8105930,368451,8355,380,8114285,368831,22,4957647,225348,384729,17488,2238,11,,1045,,4222,2529,6751,7796,,,,264.447,3170.241,152.857,12.6,,2764.5,1.907,2702.8,105,47,765402,288409,2408502,860998,3544025,1334138,953257,868636
2021-09,22,39044804,1774764,100.924,42.609,11.610,23.385,155.143,178.528,7.052,8.115,4572,12.0,22,15267353,693971,6313,287,15273666,694258,22,5428685,246758,478132,21733,2261,31,,2629,,6373,1727,8100,10729,,,,557.539,3343.201,167.922,12.3,,2721.5,2.013,2723.5,105,47,2006882,264223,4268725,774429,7057303,1254323,1397656,872409
2021-10,21,34605250,1647869,88.553,31.341,10.085,20.405,129.979,150.384,6.189,7.161,4346,13.5,21,12496171,595056,13725,654,12509896,595709,21,4466668,212698,359115,17101,2271,23,,6707,,9102,4500,13602,20309,,,,300.543,3350.330,142.200,12.2,,2723.5,1.757,2759.7,105,47,803995,243923,4221224,735050,4235089,1277386,2851783,1037514
2021-11,22,37507686,1704895,91.784,38.393,11.434,21.984,141.611,163.595,6.437,7.436,4362,12.8,22,8831786,401445,13251,602,8845037,402047,22,5034737,228852,463391,21063,2284,27,,10391,,5046,741,5787,16178,,,,308.110,3520.951,152.863,11.6,,2700.4,1.865,2785.1,105,47,856115,244877,2811949,868199,3151223,1218315,1640739,1001331
2021-12,21,33103553,1576360,74.512,35.897,9.263,18.577,119.672,138.249,5.699,6.583,4176,12.6,21,12229123,582339,8993,428,12238116,582767,21,4421521,210549,451972,21522,2299,26,,3084,,12007,9832,21839,24923,,,,184.823,3457.492,127.373,11.6,,2775.1,1.778,2790.8,105,47,1562873,238005,3644248,814340,5419949,1098383,1210355,960007
2022-01,19,37258897,1960995,90.672,48.313,10.959,31.243,149.944,181.187,7.892,9.536,4863,14.7,20,7353482,367674,9283,464,7362765,368138,19,4433824,233359,457761,24093,2311,15,,15884,,881,650,1531,17415,,,,207.676,3561.912,158.303,12.9,,2651.8,1.612,2822.1,104,47,1082109,266115,2291288,942983,2663560,1116017,1078923,979436
2022-02,20,40831610,2041581,99.267,41.999,12.852,32.555,154.118,186.673,7.706,9.334,4572,16.5,20,10070085,503504,10373,519,10080458,504023,20,5239883,261994,498221,24911,2309,7,,56,,1739,96796,98535,98591,,,,413.922,3811.797,164.810,11.9,,2643.0,1.804,2827.0,105,47,1100427,266784,3374381,1016481,3390628,1089183,1869260,960705
2022-03,23,45344902,1971517,106.105,50.297,14.049,30.910,170.451,201.361,7.411,8.755,4441,16.3,23,16301208,708748,15272,664,16316480,709412,23,5803646,252332,688874,29951,2304,8,,1115,,4730,4395,9125,10240,,,,636.462,4116.787,183.092,12.0,,2806.0,2.132,2842.2,104,47,2015584,241066,5187047,858992,6228652,996893,2316128,937254
2022-04,18,30639727,1702207,71.330,29.761,9.197,18.054,110.288,128.342,6.127,7.130,4189,13.4,19,9453963,497577,6693,352,9460656,497929,18,4744437,263580,463671,25760,2311,18,,386,,1901,766,2667,3053,,,,419.756,4373.896,119.775,12.7,,2790.4,1.562,2863.4,104,47,758726,234794,3414035,877234,3165919,1150734,1719039,970380
2022-05,22,40745645,1852075,90.953,41.759,11.721,24.720,144.433,169.153,6.565,7.689,4151,17.2,22,10155260,461603,11067,503,10166327,462106,22,5334442,242475,598849,27220,2315,10,,10996,,2596,528,3124,14120,,,,509.792,4366.769,155.728,12.9,,2712.7,1.873,2891.3,104,47,1084949,239964,2892126,884668,3465012,1102902,2204236,987836
2022-06,21,40267757,1917512,90.240,45.550,12.205,24.882,147.995,172.877,7.047,8.232,4293,18.6,22,16347028,743047,8822,401,16355850,743448,21,6003412,285877,627878,29899,2317,9,,759,,1366,19499,20865,21624,,,,534.681,4265.587,159.509,13.1,,2466.1,1.914,2915.6,104,47,1936539,248950,5039083,773860,6167471,1001191,2658373,883461
2022-07,21,33124064,1577336,68.124,31.618,9.229,17.886,108.971,126.857,5.189,6.041,3830,17.3,21,8799769,419037,10327,492,8810096,419528,21,4174880,198804,414909,19758,2314,6,,278,,8568,477,9045,9323,,,,416.116,4228.768,117.823,13.5,,2625.3,1.639,2900.4,103,46,1003098,241737,2780234,876469,2719897,1009342,1944031,951302
2022-08,23,38080564,1655677,83.681,35.947,11.781,19.960,131.409,151.369,5.713,6.581,3975,14.4,23,9620490,418282,8813,383,9629303,418665,23,5348956,232563,627104,27265,2301,4,,17,,4794,936,5730,5747,,,,547.403,4074.832,142.431,13.7,,2665.1,1.912,2925.6,103,46,980785,247191,3114446,849644,3057515,1038191,2087278,936764
2022-09,21,36237440,1725592,79.843,43.941,10.917,18.895,134.701,153.596,6.414,7.314,4239,17.0,22,15221762,691898,7039,320,15228801,692218,21,4512900,214900,560347,26683,2297,8,,494,,4548,426,4974,5468,,,,607.947,4002.616,145.045,11.5,,2472.5,1.787,2917.5,103,46,2135983,240178,4358856,789290,5988488,938843,2273140,872633
2022-10,21,32324515,1539263,75.524,32.887,10.317,18.569,118.728,137.297,5.654,6.538,4247,18.8,21,9244037,440192,7795,371,9251832,440563,21,4498434,214211,531092,25290,2299,8,,342,,2190,654,2844,3186,,,,427.535,3950.566,129.530,11.7,,2563.5,1.686,2921.3,102,44,1054136,228034,2684674,782868,2687248,933833,2414472,877657
2022-11,22,32584152,1481098,80.593,40.029,13.073,24.245,133.695,157.940,6.077,7.179,4847,14.7,22,10230929,465042,9651,439,10240580,465481,22,5127185,233054,684384,31108,2293,6,,35,,3726,314,4040,4075,,,,590.168,4048.439,144.588,11.2,,2750.9,1.815,2944.9,101,44,1022959,239995,3062994,788999,3295758,1111765,2249781,913180
2022-12,20,26205065,1310253,62.158,32.819,10.326,16.763,105.303,122.066,5.265,6.103,4658,12.6,20,12493413,624671,5197,260,12498610,624931,20,4413278,220664,505235,25262,2292,8,,829,,2839,704,3543,4372,,,,282.479,3539.210,114.234,10.6,,2540.4,1.692,2953.3,102,45,1594022,245167,3558886,674632,5060099,934911,1755753,884405
2023-01,20,26157516,1307876,59.622,26.752,11.185,15.615,97.559,113.174,4.878,5.659,4327,12.7,21,8729059,415669,18270,870,8747329,416539,20,4379791,218990,649650,32483,2294,6,,338,,756,1864,2620,2958,,,,601.778,3904.971,106.593,11.5,,2771.5,1.517,2980.1,102,45,853208,286153,2600488,715682,2471447,975444,2415364,1012267
2023-02,20,29301565,1465078,69.725,32.013,13.507,20.506,115.245,135.751,5.762,6.788,4633,12.7,20,10772536,538627,12817,641,10785353,539268,20,4977014,248851,503736,25187,2289,1,,5,,1050,528,1578,1583,,,,805.133,4367.154,126.590,12.2,,2733.4,1.679,2988.8,101,45,945404,319844,3349535,809582,2870553,1123398,3117325,1169915
2023-03,23,33830103,1470874,81.167,45.488,14.897,28.370,141.552,169.922,6.154,7.388,5023,13.7,23,20432534,888371,24136,1049,20456670,889420,23,5238309,227753,766013,33305,2280,2,,20,,5099,252,5351,5371,,,,870.684,4437.061,154.097,12.3,,2685.5,2.034,3027.6,100,45,2170715,246895,6409349,761592,6931899,1006364,4107529,857369
2023-04,17,23056282,1356252,52.075,25.936,9.888,19.173,87.899,107.072,5.171,6.298,4644,13.0,18,8144411,452467,13003,722,8157414,453190,17,4710147,277067,633459,37262,2274,1,,14,,2049,497,2546,2560,,,,592.545,4668.108,96.372,12.7,,2724.1,1.409,2999.8,100,46,677360,256032,2607769,715472,2567536,1086795,1878203,860261
2023-05,23,28969149,1259528,68.609,39.806,11.917,28.008,120.332,148.340,5.232,6.450,5121,12.4,23,11436536,497241,46648,2028,11483184,499269,23,5439542,236502,800193,34791,2263,2,,107,,2257,440,2697,2804,,,,823.121,4849.798,130.051,11.7,,2661.9,1.797,3024.5,101,46,1095795,243772,3806304,796652,3155443,1113834,2773735,943901
2023-06,21,29713470,1414927,67.226,41.500,11.086,26.849,119.812,146.661,5.705,6.984,4936,11.9,22,16942492,770113,20958,953,16963450,771066,21,5524649,263079,994596,47362,2255,5,,34,,3996,245,4241,4275,,,,743.589,4544.160,129.067,12.1,,2688.7,1.794,3068.4,100,45,1855052,246886,5328988,758913,5770386,983707,3305447,910018
2023-07,21,27759282,1321871,62.189,32.371,10.732,20.666,105.292,125.958,5.014,5.998,4538,11.8,21,9894618,471172,11228,535,9905846,471707,21,5387721,256558,791629,37697,2247,5,,1354,,1178,566,1744,3098,,,,371.053,4307.738,114.279,11.9,,2756.8,1.609,3047.4,99,45,935794,259453,2945869,783512,2980476,1010011,2605176,930940
2023-08,23,34152849,1484906,73.390,38.337,12.871,26.918,124.598,151.516,5.417,6.588,4436,11.8,23,10905633,474158,13692,595,10919325,474753,23,6343185,275791,777672,33812,2221,3,,1961,,2850,196,3046,5007,,,,537.127,4216.794,135.143,10.7,,2732.0,1.822,3067.4,99,45,974961,259727,3561510,797252,3148516,1025611,2760950,1001028
2023-09,21,29545868,1406946,61.154,38.372,10.532,21.691,110.058,131.749,5.241,6.274,4459,11.9,21,15263256,726822,9796,466,15273052,727288,21,5346285,254585,731905,34853,2219,5,,1444,,5293,612,5905,7349,,,,300.628,3543.535,119.628,9.8,,2633.7,1.680,3081.6,99,45,1824980,224169,4530786,774489,5807918,1040223,2629548,1016297
2023-10,22,30704337,1395652,63.285,35.013,10.656,21.035,108.954,129.989,4.952,5.909,4234,13.6,22,12933496,587886,17691,804,12951187,588690,22,4585019,208410,561468,25521,2216,6,,,21135,2353,669,3022,,24157,,,386.871,3466.852,120.072,10.0,,2507.0,1.624,3089.3,99,47,1146580,231006,3955824,823854,4286779,1218769,2931932,1171649
2023-11,22,31321312,1423696,61.696,36.544,10.725,24.655,108.965,133.620,4.953,6.074,4266,11.6,22,12663733,575624,17952,816,12681685,576440,22,4758534,216297,475240,21602,2204,4,,,40,2956,474,3430,,3470,,,515.263,3556.810,119.247,9.6,,2669.7,1.678,3107.5,99,46,998684,233496,3744717,846900,3729447,1339879,3438650,1337875
2023-12,19,28106530,1479291,55.288,35.842,10.924,19.543,102.054,121.597,5.371,6.400,4326,10.2,19,15475415,814496,13019,685,15488434,815181,19,5007510,263553,534455,28129,2191,5,,,7231,4651,738,5389,,12620,,,300.734,3191.610,113.007,10.6,,2841.1,1.596,3114.0,99,46,1797332,232580,4523912,693733,5905385,1046655,2704674,1156465
2024-01,21,28047423,1335592,52.999,31.198,9.145,14.487,93.342,107.829,4.445,5.135,3845,11.2,22,11156106,507096,14921,678,11171027,507774,21,4351050,207193,549445,26164,2187,4,,,26,1028,174,1202,,1228,,,534.648,3527.705,103.296,10.9,,2881.7,1.498,3089.7,98,45,840399,263951,3717350,743252,3339355,1121298,2806729,1333919
2024-02,21,33946168,1616484,69.539,38.424,12.556,24.179,120.519,144.698,5.739,6.890,4263,11.4,21,11888567,566122,11281,537,11899848,566659,21,5196506,247453,535543,25502,2183,6,,,358,1719,420,2139,,2497,,,435.270,3593.652,132.525,11.6,,2908.2,1.761,3101.4,97,44,918594,284577,4034553,817547,3286686,1104869,3068259,1351314
2024-03,20,32608662,1630433,63.406,46.302,11.755,23.723,121.463,145.186,6.073,7.259,4452,11.1,20,16642330,832117,8707,435,16651037,832552,20,5371637,268582,591131,29557,2179,3,,,6,4437,788,5225,,5231,,,817.822,3915.363,131.865,11.4,,2983.4,1.785,3133.9,97,44,1837191,285093,5379506,791506,6048586,1062903,2857895,1220277
2024-04,20,31598002,1579900,59.212,33.396,12.007,22.022,104.615,126.637,5.231,6.332,4008,11.7,21,13687482,651785,21793,1038,13709275,652823,20,4617180,230859,567233,28362,2172,5,,,358,3265,746,4011,,4369,,,585.679,4305.596,115.776,10.5,,2894.5,1.723,3097.0,97,46,933293,259658,4100248,820011,4156939,1102775,4047089,1318088
2024-05,23,38374286,1668447,66.367,45.836,12.350,27.338,124.553,151.891,5.415,6.604,3958,11.4,23,14656958,637259,18122,788,14675080,638047,23,5452062,237046,621569,27025,2159,3,-16,,30,3515,1049,4564,,4594,-7177,-2583,498.825,4383.288,135.530,12.3,,2901.8,1.926,3098.2,97,44,958582,292206,4382209,882835,4562049,1209180,3951104,1308338
2024-06,19,31965427,1682391,54.908,41.409,10.033,25.387,106.350,131.737,5.597,6.934,4121,10.9,20,18167296,908365,8733,437,18176029,908801,19,5206162,274009,523538,27555,2155,7,-11,,2425,4068,1632,5700,,8125,-2803,5322,321.878,4088.278,116.807,12.4,,2921.1,1.744,3109.3,96,44,1769854,287834,5498727,849710,6846479,1037970,3499101,1120788
2024-07,23,35756110,1554613,65.981,38.762,10.821,21.768,115.564,137.332,5.025,5.971,3841,11.8,23,14360831,624384,18888,821,14379719,625205,23,5540004,240870,601078,26134,2154,11,-12,,4190,2073,950,3023,,7213,-17939,-10726,460.798,4326.544,128.427,13.1,,3000.5,1.901,3111.4,96,44,919019,297906,4808499,936888,4610930,1106927,3391871,1248371
2024-08,22,38785255,1762966,74.222,42.511,12.253,26.378,128.986,155.364,5.863,7.062,4006,13.0,22,15401939,700088,24111,1096,15426050,701184,22,5709204,259509,670855,30493,2126,0,-28,,0,2041,1495,3536,,3536,-14314,-10778,701.656,4623.500,142.742,,13.7,3002.1,1.937,3134.4,96,44,979743,258461,5353184,932202,4706587,1117673,3881929,1277371
2024-09,21,39459095,1879005,71.769,51.409,13.274,25.959,136.452,162.411,6.498,7.734,4116,12.1,21,18176137,865530,13609,648,18189746,866178,21,5433465,258736,528963,25189,2124,4,-6,,357,5052,548,5600,,5957,-485,5472,842.436,4639.074,148.639,,12.2,3079.1,1.920,3139.1,96,43,1738747,232296,5725056,795157,6703704,1035146,3494790,1161447
2024-10,23,38219820,1661731,70.486,42.358,12.125,20.756,124.969,145.725,5.433,6.336,3813,12.3,23,13995865,608516,23493,1021,14019358,609537,23,4973349,216233,510723,22205,2118,7,-13,,313,2554,246,2800,,3113,-6680,-3567,415.739,4784.703,137.597,,12.1,3095.9,1.942,3167.7,95,43,825623,226610,4823869,869910,4435137,1070566,3548008,1351798
2024-11,21,36294013,1728286,66.747,42.718,11.307,20.893,120.772,141.665,5.751,6.746,3903,11.2,21,13228559,629931,22227,1058,13250786,630990,21,4885196,232628,542353,25826,2121,8,-5,,1026,3111,184,3295,,4321,-20,4301,459.637,4587.944,132.259,,11.4,3178.8,1.797,3152.8,95,43,804137,238022,4537302,898453,4147378,1092683,3315021,1466453
2024-12,20,31687388,1584369,56.882,39.391,9.548,17.523,105.821,123.344,5.291,6.167,3893,10.6,20,17278130,863907,12514,626,17290644,864532,20,4699545,234977,496332,24817,2116,9,-14,,2991,2286,1901,4187,,7178,-1056,6122,513.772,4161.147,116.236,,11.6,3101.7,1.666,3148.2,94,43,1590478,231444,5466981,859393,6269224,1035444,3591727,1333639
2025-01,21,32386190,1542200,55.349,31.797,8.852,14.199,95.998,110.197,4.571,5.247,3403,10.9,22,12696867,577130,37139,1688,12734006,578818,21,4585765,218370,567262,27012,2113,2,-5,,473,700,1175,1875,,2348,-981,1367,585.957,4482.177,105.187,,12.5,3236.8,1.583,3182.2,94,43,693477,239939,4413598,922912,3984783,1127930,3233650,1398067
2025-02,20,41639063,2081953,77.752,46.529,13.498,25.053,137.779,162.832,6.889,8.142,3911,11.4,20,15145006,757250,21688,1084,15166694,758335,20,5505989,275299,599010,29951,2101,5,-17,,0,5263,28605,33868,,33868,-1752,32116,617.405,4628.208,149.323,,15.3,3110.1,1.802,3198.8,94,43,824820,265428,4913141,975482,4850053,1222481,4100013,1478918
2025-03,21,45935861,2187422,78.880,56.863,13.095,27.426,148.838,176.264,7.088,8.394,3837,13.7,21,22658204,1078962,15259,727,22673463,1079689,21,5298122,252292,730845,34802,2092,4,-13,,631,1571,285,1856,,2487,-3025,-538,622.552,4615.426,160.250,,12.9,2962.3,2.035,3223.9,94,43,1784787,239189,7585782,959467,8411907,1211117,4353555,1343908
2025-04,19,45963260,2419119,81.577,46.416,13.994,23.899,141.987,165.886,7.473,8.731,3609,16.0,20,18040404,902020,8435,422,18048839,902442,19,5415294,285015,782610,41190,2083,3,-12,,225,1696,218,1914,,2139,-286,1853,720.353,4499.657,154.781,,12.9,3029.5,1.915,3194.9,94,43,1132634,204199,6476216,995679,4950052,1193343,4952114,1478764
2025-05,22,45489262,2067694,77.358,51.844,13.964,31.357,143.166,174.523,6.508,7.933,3837,11.9,22,15160054,689093,21869,994,15181923,690087,22,5293404,240609,585788,26627,2078,5,-10,,0,1766,5040,6806,,6806,-7714,-908,865.424,4617.360,155.426,,13.5,3193.0,1.965,3223.5,94,42,740141,214131,5155128,1015223,4237707,1200978,4433578,1547060
2025-06,20,43741425,2187071,75.806,52.652,12.876,26.191,141.334,167.525,7.067,8.376,3830,11.1,21,18979702,903795,24263,1155,19003965,904951,20,5182198,259110,512418,25621,2083,11,-6,,7362,3384,263,3647,,11009,-172,10837,1002.000,5042.000,153.096,,13.0,3241.1,2.000,3251.0,94,41,1389933,233969,6262244,988029,7296899,1201503,3572870,1420403
2025-07,23,47806329,2078536,80.735,43.112,13.053,27.565,136.900,164.465,5.952,7.151,3440,11.3,23,13617490,592065,19164,833,13636654,592898,23,4682685,203595,601035,26132,2092,16,-7,,1668,2356,3677,6033,,7701,-1121,6580,706.591,5066.189,150.730,,13.0,3345.1,2.076,3268.6,93,42,678877,248237,4288226,1000229,4873651,1212851,3326442,1447042
2025-08,21,53993176,2571104,86.135,48.959,15.291,33.216,150.385,183.601,7.161,8.743,3400,10.8,21,12438454,592307,27112,1291,12465566,593598,21,5049208,240438,618492,29452,2056,4,-40,,219,3344,1012,4356,,4575,-8358,-3783,492.771,4628.059,166019,,14.0,3437.0,2.052,3266.7,93,42,711951,274286,3997794,1018783,3743033,1283952,3486912,1520441
2025-09,22,54531566,2478708,87.101,60.524,15.586,35.159,163.211,198.370,7.419,9.017,3638,11.0,22,21939804,997264,46426,2110,21986230,999374,22,5128287,233104,602549,27389,2049,6,-13,,20354,4213,1035,5248,,25602,-22533,3069,874.407,4939.522,178.285,,12.7,3420.7,2.181,3347.6,93,42,1701514,264702,7572847,970932,8032627,1250851,4106106,1370906
2025-10,23,57538305,2501665,100.061,50.650,15.575,32.860,166.286,199.146,7.230,8.659,3461,11.4,23,16303787,708860,42914,1866,16346701,710726,23,5290091,230004,607263,26403,2049,14,-14,,3704,4177,1530,5707,,9411,-5304,4107,891.803,5061.654,184.682,,12.6,3439.4,2.342,3384.2,93,42,811139,257058,5822827,1033602,4894932,1273926,4270156,1546006
2025-11,20,53097114,2654856,81.205,50.544,13.518,33.247,145.267,178.514,7.263,8.926,3362,12.4,20,15620838,781042,38842,1942,15659680,782984,20,4391405,219570,672543,33627,2045,4,-8,,547,2778,7557,10335,,10882,-1579,9303,747.559,5092.675,158.651,,12.6,3416.3,2.034,3403.1,93,42,829035,270598,5331185,1143077,4435873,1337685,4449957,1772156
2025-12,21,49905581,2376456,71.996,52.688,11.842,25.862,136.526,162.388,6.501,7.733,3254,10.1,21,22172137,1055816,33899,1614,22206036,1057430,21,4572795,217752,578740,27559,2052,18,-11,,3607,5522,431,5953,,9560,-1534,8026,586.102,4124.228,148.272,,11.2,3474.1,2.049,3415.0,91,42,1594156,236873,7532766,1047626,7868528,1371756,4461227,1613988
2026-01,20,52646615,2632331,82.537,43.197,12.537,23.176,138.271,161.447,6.914,8.072,3067,10.4,21,15925124,758339,48095,2290,15973219,760629,21,4515744,215035,604218,28772,2046,4,-10,,40,1209,413,1622,,1662,-306,1356,718.632,4641.862,152.173,,10.9,3530.2,1.962,3462.2,90,42,710795,208868,5516826,1171460,4877478,1564765,4330722,1768486
2026-02,20,61519197,3075960,98.132,54.302,15.470,32.008,167.904,199.912,8.395,9.996,3250,12.1,20,15608791,780440,56456,2823,15665247,783262,20,5423262,271163,702385,35119,2042,6,-10,,32,3277,810,4087,,4119,-1513,2606,902.982,4947.417,184.509,,11.6,3611.2,2.230,3488.8,90,42,820496,210841,5426904,1270195,4660835,1671386,4287677,1896131
2026-03,22,66971882,3044176,109.806,76.688,12.981,37.098,199.475,236.573,9.067,10.753,3532,16.3,22,34337057,1560775,39074,1776,34376131,1562551,22,6081263,276421,789866,35903,2042,4,-4,,625,2622,308,2930,,3555,-306,3249,1259.084,5165.341,222.266,,11.2,3335.7,2.592,3518.3,90,41,1881477,210247,11779407,1183642,10628370,1402505,9104416,1639922
2026-04,20,56213723,2810686,85.774,52.454,12.257,24.969,150.485,175.454,7.524,8.773,3121,14.2,20,13538282,676914,31285,1564,13569567,678478,20,5101720,255086,637552,31878,2040,5,-7,,1144,2949,3005,5954,,7098,-4436,2662,479.590,5328.769,165.686,,11.1,3420.9,2.205,3537.1,89,41,839607,234550,4445355,1209693,4083276,1517929,3739384,1723593
2026-05,21,59647566,2840360,86.247,60.124,10.995,37.396,157.366,194.762,7.494,9.274,3265,12.9,21,17460291,831442,56681,2699,17516972,834142,21,5013393,238733,520316,24777,2040,8,-8,,409,2937,168,3105,,3514,-5491,-1977,638.942,5034.333,172.507,,13.6,3472.1,2.274,3560.5,89,41,843521,250576,5697396,1284605,5065927,1504206,5440718,1746835
2026-06,21,67434491,3211166,96.456,66.093,14.114,38.600,176.663,215.263,8.413,10.251,3192,12.4,22,23947572,1088526,56135,2552,24003707,1091078,21,5201801,247705,623542,29692,2042,11,-9,,247,2465,633,3098,,3345,-1395,1950,661.649,4488.700,191.049,,10.4,3495.4,2.499,3597.2,87,41,1638237,236766,8288482,1191033,8366775,1382890,5222457,1560114
2026-07,23,63134490,2744978,87.482,52.604,12.748,27.980,152.834,180.814,6.645,7.861,2864,11.3,23,16353267,711012,55196,2400,16408463,713411,23,4797283,208578,574822,24992,2045,12,-9,,3143,4361,1848,6209,,9352,-964,8388,635.499,4872.671,167.565,,11.8,3562.9,3.228,3625.1,85,40,814634,231151,5442552,1287283,4502250,1425106,5206358,1784007
2026-08,21,65773054,3132050,95.495,57.096,13.871,33.213,166.462,199.675,7.927,9.508,3036,10.7,21,15713097,748243,43466,2070,15756563,750313,21,5361859,255327,565330,26920,2041,10,-14,,497,3045,447,3492,,3989,-9993,-6004,795.062,5095.469,182.229,,13.0,3619.7,1.723,3671.4,84,39,746655,255185,5356980,1447109,4734310,1617432,4589939,1960293
