month,consumer_balance_usdbn,consumer_dq30_pct,consumer_nco_pct,sbs_balance_usdbn,sbs_dq30_pct,sbs_nco_pct
2016-01,42.5,1.0,1.4,8.0,1.0,1.4
2016-02,41.7,1.0,1.4,8.0,1.1,1.4
2016-03,42.4,1.0,1.5,8.3,1.0,1.4
2016-04,43.0,0.9,1.5,8.4,1.0,1.4
2016-05,44.2,0.9,1.6,8.5,1.0,1.3
2016-06,44.6,1.1,1.3,8.6,1.1,1.2
2016-07,44.8,1.1,1.6,8.7,1.1,1.5
2016-08,45.0,1.1,1.6,8.8,1.1,1.6
2016-09,44.9,1.1,1.6,9.0,1.1,1.6
2016-10,45.5,1.1,1.6,9.2,1.1,1.5
2016-11,46.7,1.1,1.5,9.3,1.1,1.2
2016-12,48.8,1.1,1.5,9.5,1.1,1.6
2017-01,47.3,1.2,1.5,9.5,1.2,1.4
2017-02,46.2,1.2,1.8,9.5,1.3,1.5
2017-03,46.7,1.2,1.8,9.9,1.2,1.8
2017-04,47.5,1.1,1.8,10.1,1.2,1.5
2017-05,48.4,1.1,1.8,10.1,1.1,1.5
2017-06,48.3,1.1,1.7,10.2,1.1,1.6
2017-07,49.0,1.2,1.8,10.2,1.1,1.9
2017-08,49.5,1.2,1.8,10.4,1.1,1.6
2017-09,49.3,1.3,1.6,10.5,1.1,1.4
2017-10,50.0,1.3,1.8,10.6,1.1,1.6
2017-11,51.5,1.3,1.9,10.8,1.2,1.6
2017-12,53.7,1.3,2.0,10.9,1.2,1.6
2018-01,53.2,1.4,1.7,10.9,1.3,1.4
2018-02,52.1,1.4,2.2,10.9,1.4,1.7
2018-03,52.7,1.4,2.2,11.3,1.3,1.8
2018-04,53.1,1.3,2.3,11.3,1.2,1.9
2018-05,54.4,1.3,2.2,11.6,1.2,1.9
2018-06,54.7,1.3,2.0,11.7,1.2,1.6
2018-07,55.3,1.3,2.2,11.6,1.1,2.0
2018-08,55.6,1.3,2.2,11.8,1.1,1.7
2018-09,56.2,1.4,2.0,11.9,1.1,1.5
2018-10,56.9,1.4,2.0,12.1,1.2,1.6
2018-11,58.2,1.4,2.0,12.2,1.2,1.6
2018-12,59.9,1.4,2.2,12.1,1.3,1.7
2019-01,58.3,1.5,2.2,12.2,1.3,1.8
2019-02,57.0,1.5,2.4,12.2,1.3,1.9
2019-03,58.0,1.5,2.5,12.7,1.3,1.9
2019-04,58.4,1.4,2.4,12.7,1.3,1.8
2019-05,59.1,1.4,2.5,13.0,1.2,2.0
2019-06,59.5,1.4,2.2,13.2,1.3,1.7
2019-07,59.7,1.4,2.2,13.2,1.3,1.9
2019-08,59.9,1.5,2.3,13.4,1.2,1.9
2019-09,59.7,1.5,2.0,13.4,1.3,1.7
2019-10,60.0,1.6,2.3,13.7,1.3,1.9
2019-11,60.4,1.6,2.4,13.8,1.3,2.0
2019-12,62.4,1.6,2.5,13.7,1.3,2.1
2020-01,60.2,1.6,2.3,13.8,1.3,1.9
2020-02,59.1,1.6,2.6,14.0,1.3,1.9
2020-03,55.6,1.7,2.8,13.4,1.4,2.0
2020-04,50.5,1.7,2.7,12.4,1.6,2.0
2020-05,50.4,1.6,3.0,12.1,1.6,2.5
2020-06,50.3,1.5,2.6,11.7,1.6,2.4
2020-07,50.0,1.4,2.6,11.7,1.4,2.5
2020-08,50.0,1.2,2.5,11.6,1.2,2.4
2020-09,49.7,1.1,2.0,11.6,1.1,1.8
2020-10,49.8,1.1,2.2,11.9,1.0,2.1
2020-11,50.2,1.0,1.9,12.2,0.8,2.3
2020-12,51.3,1.0,1.6,12.8,0.7,1.5
2021-01,48.7,1.0,1.3,12.9,0.7,1.4
2021-02,47.5,1.0,1.4,12.8,0.6,1.0
2021-03,48.3,0.9,1.1,13.3,0.6,0.7
2021-04,48.5,0.8,1.0,13.6,0.5,0.7
2021-05,51.0,0.7,1.1,14.2,0.5,0.6
2021-06,51.8,0.6,0.7,14.5,0.4,0.6
2021-07,52.4,0.6,0.7,14.7,0.4,0.5
2021-08,52.5,0.6,0.6,14.6,0.5,0.5
2021-09,52.6,0.7,0.4,14.8,0.5,0.4
2021-10,54.8,0.7,0.6,15.6,0.5,0.5
2021-11,57.1,0.7,0.5,16.2,0.5,0.5
2021-12,59.8,0.7,0.7,17.0,0.5,0.6
2022-01,56.6,0.8,0.7,16.6,0.5,0.5
2022-02,56.8,0.8,0.9,16.9,0.6,0.6
2022-03,59.1,0.8,0.8,18.1,0.6,0.7
2022-04,60.5,0.7,0.9,18.6,0.5,0.6
2022-05,62.9,0.7,0.9,19.0,0.6,0.7
2022-06,63.7,0.7,0.8,19.4,0.6,0.6
2022-07,65.1,0.7,0.8,20.0,0.6,0.6
2022-08,65.9,0.8,0.8,20.2,0.7,0.7
2022-09,66.3,0.9,0.8,20.7,0.7,0.7
2022-10,68.3,0.9,0.9,21.2,0.8,0.8
2022-11,70.4,0.9,1.0,21.4,0.8,0.9
2022-12,72.7,1.0,1.2,21.4,0.9,1.0
2023-01,71.3,1.0,1.5,21.9,1.0,1.2
2023-02,70.7,1.1,1.4,22.0,1.1,1.1
2023-03,71.9,1.1,1.7,23.0,1.1,1.4
2023-04,73.8,1.1,1.5,23.5,1.1,1.4
2023-05,75.5,1.1,1.6,23.7,1.1,1.7
2023-06,75.6,1.1,1.8,23.8,1.2,1.7
2023-07,77.3,1.1,1.8,24.2,1.2,1.8
2023-08,77.7,1.2,1.7,24.5,1.2,1.8
2023-09,77.7,1.3,1.7,25.2,1.2,1.7
2023-10,79.0,1.3,1.9,25.6,1.3,2.0
2023-11,81.3,1.4,1.7,25.9,1.3,2.0
2023-12,83.2,1.4,2.5,25.8,1.4,2.2
2024-01,81.1,1.5,2.1,26.2,1.5,2.1
2024-02,80.4,1.5,2.4,26.5,1.5,2.3
2024-03,82.3,1.4,2.3,27.6,1.5,2.4
2024-04,82.6,1.4,2.5,27.7,1.4,2.2
2024-05,84.0,1.3,2.4,28.2,1.4,2.5
2024-06,85.0,1.3,2.3,28.6,1.4,2.4
2024-07,85.9,1.3,2.1,29.2,1.4,2.3
2024-08,87.3,1.3,2.2,30.1,1.4,2.3
2024-09,86.8,1.4,1.9,29.9,1.5,2.1
2024-10,88.0,1.4,2.4,30.5,1.5,2.2
2024-11,89.3,1.4,2.0,30.7,1.5,2.3
2024-12,92.6,1.4,2.1,29.6,1.5,2.4
2025-01,89.4,1.4,2.3,30.1,1.6,2.5
2025-02,87.8,1.4,2.5,30.2,1.6,2.6
2025-03,90.1,1.4,2.4,31.2,1.6,2.6
2025-04,90.7,1.4,2.0,31.6,1.6,2.4
2025-05,92.0,1.3,2.1,32.0,1.5,2.4
2025-06,92.6,1.3,2.1,30.1,1.6,2.6
2025-07,93.7,1.3,2.0,30.5,1.6,2.7
2025-08,94.6,1.3,2.0,30.9,1.6,2.7
2025-09,94.1,1.4,1.9,30.7,1.6,2.5
2025-10,95.2,1.4,2.2,31.2,1.6,2.6
2025-11,97.7,1.4,2.1,31.4,1.6,2.7
2025-12,100.2,1.3,2.1,30.8,1.7,2.7
2026-01,97.2,1.4,1.9,31.4,1.7,2.8
2026-02,95.1,1.4,2.0,31.3,1.7,2.8
2026-03,97.5,1.4,2.2,32.2,1.7,2.9
2026-04,111.4,1.2,2.1,45.8,1.5,2.4
2026-05,113.8,1.1,2.0,46.7,1.4,2.6
2026-06,113.8,1.1,1.4,45.9,1.4,2.3
