month,adv_us_options_kcontracts,rpc_us_options_usd,adv_futures_kcontracts,rpc_futures_usd,adv_us_equities_matched_shares_bn,rpc_us_equities_usd_per100shares,adv_eu_equities_adnv_eurbn,rpc_eu_equities_bps,adv_fx_adnv_usdbn,rpc_fx_usd_per_usdmn,adv_multilist_options_kcontracts,rpc_multilist_options_usd,adv_index_options_kcontracts,rpc_index_options_usd,adv_spx_options_kcontracts,adv_vix_options_kcontracts,adv_vix_futures_kcontracts,adv_xsp_options_kcontracts,adv_minivix_futures_kcontracts
2016-01,7083.987895,0.266780,272.021211,1.636000,1.987714,0.019041,14.028315,0.139453,30.687322,2.836483,5088.328895,0.087335,1995.659000,0.738295,1163.186211,677.005053,271.994158,,
2016-02,6163.312850,0.265273,204.623650,1.623000,1.884873,0.018585,13.234546,0.139920,32.587403,2.733333,4421.283250,0.084029,1742.029600,0.733131,979.992500,641.335200,204.609350,,
2016-03,5757.617409,0.264290,179.127818,1.643000,1.613460,0.019460,10.686084,0.143024,25.505649,2.725562,4042.556727,0.080558,1715.060682,0.719988,949.851045,652.964318,179.115636,,
2016-04,5779.969286,0.252362,219.308143,1.697000,1.448921,0.020531,10.357954,0.148904,25.592297,2.625591,4306.113571,0.076984,1473.855714,0.706025,818.243429,561.491333,219.281810,,
2016-05,5711.379048,0.245067,229.340190,1.721000,1.442438,0.021756,9.374724,0.155102,23.373246,2.646676,4173.913476,0.073716,1537.465571,0.698214,899.005810,527.948143,229.266571,,
2016-06,6804.423409,0.245317,322.790682,1.682000,1.542495,0.021990,12.351604,0.151731,28.789877,2.614632,4760.583682,0.070936,2043.839727,0.701107,1195.702955,725.052409,322.753000,,
2016-07,6138.047600,0.248159,223.786900,1.677000,1.350015,0.022372,10.094408,0.150847,26.238822,2.695540,4442.160350,0.067770,1695.887250,0.704494,1061.948000,533.549000,223.767000,,
2016-08,5385.917609,0.247004,207.247957,1.702000,1.290238,0.022270,8.050995,0.155982,22.631837,2.726247,3939.852652,0.065965,1446.064957,0.705797,865.762913,502.529826,207.229609,,
2016-09,6790.028048,0.234203,302.232000,1.709000,1.473400,0.021647,9.437093,0.156147,28.264911,2.701123,4995.499762,0.060013,1794.528286,0.706569,1087.056238,615.166238,302.205095,,
2016-10,5890.932905,0.227978,233.821905,1.718000,1.293618,0.020752,10.063803,0.158244,25.293665,2.692742,4451.863952,0.059500,1439.068952,0.709290,899.523000,453.035905,233.800857,,
2016-11,7473.326762,0.229995,270.519286,1.679488,1.617598,0.020348,10.574201,0.157197,30.372597,2.636861,5427.338095,0.059092,2045.988667,0.711497,1239.362429,689.361524,270.488095,,
2016-12,6066.211952,0.234330,203.458762,1.683000,1.326921,0.020956,8.700388,0.160428,24.382568,2.654069,4327.315190,0.058554,1738.896762,0.712352,1147.233762,486.857714,203.429857,,
2017-01,6521.75895,0.242424,233.7069,1.710289,1.30235,0.02134,9.133515,0.165564,29.550458,2.589864,4687.68275,0.059666,1834.0762,0.71221,1104.46885,629.127,233.5644,,
2017-02,7105.014684,0.24544,262.099579,1.778512,1.31082,0.022423,10.093421,0.171748,26.9796,2.596112,5052.646947,0.059206,2052.367737,0.711265,1242.679737,710.791789,261.867684,,
2017-03,6929.896522,0.24287,268.127739,1.814093,1.324905,0.022956,10.172819,0.168849,29.695577,2.565684,4996.178696,0.059381,1933.717826,0.70814,1185.385217,647.335,267.863174,,
2017-04,7191.714895,0.241279,301.408842,1.793531,1.270699,0.023477,10.995318,0.16633,27.700633,2.61539,5095.017421,0.058226,2096.697474,0.69809,1113.296316,880.811263,300.640684,,
2017-05,7039.189227,0.232135,305.254318,1.766833,1.285309,0.023463,10.197143,0.161832,28.141275,2.634016,5269.891227,0.057736,1769.298,0.695817,1033.402,652.619,304.410045,,
2017-06,6895.243318,0.225021,312.958318,1.761566,1.387309,0.023223,9.953278,0.162115,27.907539,2.652051,5185.293682,0.058177,1709.949636,0.693549,1038.872182,585.331682,312.545818,,
2017-07,6427.313,0.222195,298.2531,1.790862,1.158016,0.023381,9.685297,0.161042,27.096033,2.643399,4614.86035,0.058366,1812.45265,0.690345,998.2532,734.726,297.85115,,
2017-08,7036.985957,0.236554,398.57913,1.738543,1.154736,0.022822,8.046672,0.163724,27.075757,2.667016,4807.182435,0.060455,2229.803522,0.682509,1166.82887,968.457,397.969435,,
2017-09,6746.75555,0.246842,286.23735,1.751643,1.185267,0.022183,8.340694,0.167931,33.123814,2.62531,4615.83335,0.060831,2130.9222,0.668704,1189.97205,849.02745,285.8109,,
2017-10,6871.228318,0.24939,266.679318,1.734067,1.153686,0.021267,8.82732,0.172812,32.035529,2.591378,4870.332591,0.060407,2000.895727,0.674191,1233.974682,684.760318,266.142955,,
2017-11,7393.419429,0.241768,301.858286,1.801604,1.238908,0.021192,9.682464,0.174739,33.971142,2.539944,5249.69681,0.057442,2143.722619,0.675375,1393.950667,657.431476,301.013667,,
2017-12,6821.23755,0.239481,288.9939,1.79916,1.138152,0.022089,7.981902,0.177182,31.172506,2.574589,4790.55855,0.056396,2030.679,0.681763,1265.0587,677.21625,284.99735,,
2018-01,9040.050524,0.240603,350.095,1.775744,1.293165,0.023486,10.028991,0.184123,42.620023,2.518768,6385.586714,0.055398,2654.46381,0.68671,1551.759048,996.179048,342.513143,,
2018-02,10164.337789,0.258149,482.969,1.754428,1.676972,0.02403,11.672735,0.190986,44.206698,2.478552,6671.218263,0.058978,3493.119526,0.695314,1823.097421,1560.902053,475.886684,,
2018-03,8173.436143,0.260934,281.431,1.727253,1.482425,0.022885,10.72651,0.190276,38.107558,2.450733,5837.07619,0.060561,2336.359952,0.709762,1549.324286,693.96281,274.003286,,
2018-04,7538.353429,0.262671,261.154,1.658356,1.343239,0.022073,10.198362,0.185933,36.331115,2.496794,5541.269476,0.064285,1997.083952,0.723679,1339.672714,579.431238,255.401095,,
2018-05,6710.652091,0.248101,243.501,1.632006,1.252334,0.021939,10.491359,0.183607,40.881477,2.542093,5015.813727,0.065765,1694.838364,0.744534,1210.066136,412.964,237.545818,,
2018-06,7054.978762,0.240987,269.569,1.632687,1.287067,0.023151,10.903323,0.183114,37.794978,2.563087,5246.919381,0.062918,1808.059381,0.752864,1209.246619,525.013429,265.796667,,
2018-07,6394.555619,0.239674,221.037,1.664568,1.10379,0.023856,9.657336,0.185761,33.171186,2.585759,4777.529095,0.064366,1617.026524,0.754698,1167.719381,388.686048,216.006,,
2018-08,6812.46913,0.240219,253.321,1.682619,1.087899,0.024741,8.937317,0.18833,34.871829,2.62204,4995.618174,0.063034,1816.850957,0.747264,1288.24487,463.469826,248.841652,,
2018-09,7011.755105,0.243841,240.861211,1.708993,1.146952,0.025755,10.221026,0.194909,35.776922,2.630676,5135.492158,0.068179,1876.262947,0.737111,1301.414579,508.653,237.329474,,
2018-10,9354.135478,0.258666,422.439174,1.722098,1.563201,0.026159,11.989243,0.196108,36.574572,2.620729,6624.360522,0.073682,2729.774957,0.739965,1800.008217,808.694,419.889174,,
2018-11,7720.851571,0.265414,271.229,1.712389,1.348253,0.02704,10.316303,0.19832,34.860458,2.623187,5555.268762,0.079256,2165.58281,0.73963,1554.355857,542.079238,266.788714,,
2018-12,8692.120053,0.280219,310.61075,1.697168,1.609432,0.027379,9.295752,0.200217,33.551389,2.633625,5958.608105,0.083434,2733.511947,0.749749,2027.102947,609.033947,306.35685,,
2019-01,7346.315526,0.270773,235.61969,1.726169,1.281345,0.028696,9.115052,0.205539,36.324446,2.631045,5407.364571,0.079281,1938.950954,0.746867,1369.993,498.569238,233.16045,27.61057142857143,
2019-02,6727.213737,0.261705,201.335842,1.735084,1.148765,0.029506,9.439346,0.209718,34.519735,2.621802,5018.243368,0.074139,1708.970368,0.744564,1156.117316,486.212,199.680105,30.064,
2019-03,7083.238143,0.240292,254.20904,1.739186,1.180059,0.029337,9.118976,0.210138,38.548176,2.610601,5201.809476,0.066692,1881.428667,0.730351,1221.62481,556.214286,252.12919,55.051904761904765,
2019-04,6519.36519,0.232723,217.51955,1.761132,1.018752,0.029081,8.804514,0.215305,31.510857,2.622207,4838.387714,0.060601,1680.977476,0.723978,1104.278524,465.30381,215.443,71.4482380952381,
2019-05,8115.4625,0.238443,341.565182,1.73054,1.145411,0.027697,8.125759,0.218829,33.05166,2.611923,5854.084818,0.059039,2261.377682,0.727617,1421.019455,714.6415,338.327455,70.61536363636364,
2019-06,7099.469,0.238391,206.61295,1.747675,1.101966,0.027848,7.869968,0.223653,33.081988,2.650882,5265.6608,0.057887,1833.8082,0.7362,1285.24455,395.06205,205.61345,107.74505,
2019-07,6739.257591,0.240182,235.859182,1.74488,1.085584,0.025331,6.719277,0.226212,27.500381,2.707768,4973.586773,0.058841,1765.670818,0.737462,1139.750136,488.442591,235.773136,96.3455,
2019-08,8457.327636,0.239906,360.771227,1.752074,1.272731,0.02283,6.679499,0.229564,33.092311,2.777079,6179.783091,0.057945,2277.544545,0.747848,1488.423318,680.637091,360.540727,52.99845454545454,
2019-09,7986.70455,0.236342,236.576,1.746156,1.207154,0.020057,6.951997,0.232788,30.36691,2.804892,6017.52095,0.055745,1969.1836,0.751001,1346.0083,497.7688,236.1052,70.7692,
2019-10,7432.335261,0.236182,236.553348,1.749872,1.116712,0.019292,7.345236,0.23684,31.667686,2.792993,5630.688261,0.056968,1801.647,0.764283,1273.217043,405.626174,236.333217,76.84591304347826,
2019-11,7243.46775,0.223924,218.59825,1.787935,1.14138,0.020012,6.17178,0.242511,28.490675,2.817501,5618.1799,0.054788,1625.28785,0.764523,1112.49925,390.46755,218.42335,80.29805,
2019-12,7201.305762,0.224906,226.658524,1.793994,1.07462,0.023053,5.774501,0.248374,29.909986,2.803071,5403.275952,0.054793,1798.02981,0.766056,1243.932857,430.012286,226.483238,83.68357142857144,
2020-01,9162.763905,0.214809,275.560905,1.779326,1.234309,0.024965,6.764785,0.256049,33.59181,2.787329,7110.926714,0.050719,2051.83719,0.757892,1382.502286,495.228952,275.447476,124.7084761904762,
2020-02,11029.041368,0.221488,377.995895,1.74663,1.498086,0.025506,8.699955,0.254655,41.253368,2.740544,8381.728842,0.052831,2647.312526,0.764255,1788.060579,674.933895,377.866474,123.70073684210529,
2020-03,11971.493227,0.233673,342.976636,1.749688,2.700965,0.025773,11.775701,0.243866,54.983289,2.694206,8712.751318,0.053,3258.741909,0.781191,1973.687091,1180.721591,342.162318,62.04922727272727,
2020-04,9563.252571,0.226758,111.569714,1.742233,2.02947,0.025686,6.172965,0.24377,29.255855,2.721726,7997.348524,0.053146,1565.904048,0.80841,1167.867333,333.733,111.360238,27.137809523809523,
2020-05,9571.38295,0.21173,133.7322,1.767905,1.897192,0.025752,5.625349,0.24551,31.364962,2.731518,8068.2108,0.050486,1503.17215,0.835665,1087.3849,352.00575,132.4216,29.60485,
2020-06,10645.133136,0.181639,183.655682,1.742904,2.019643,0.024701,7.133817,0.248392,34.620987,2.766665,8953.296636,0.050629,1691.8365,0.869961,1215.743545,408.568909,182.990182,22.259045454545458,
2020-07,8955.051364,0.1762,143.484182,1.748385,1.60975,0.023574,5.874005,0.240465,30.030768,2.716679,7634.263545,0.050732,1320.787818,0.861606,940.434727,325.574227,143.037955,24.773454545454545,
2020-08,9585.488333,0.17223,177.298429,1.602361,1.367495,0.021332,4.947215,0.238259,28.702137,2.721571,8203.164619,0.052341,1382.323714,0.847979,977.245381,346.361905,141.735476,26.217095238095236,
2020-09,10195.559905,0.173262,195.995429,1.526926,1.534761,0.016798,5.876034,0.244857,31.913345,2.703128,8593.958619,0.055519,1601.601286,0.841688,1176.743476,364.391381,172.981857,22.117380952380955,
2020-10,9417.915273,0.183921,150.532864,1.467157,1.443359,0.01177,5.819369,0.250341,30.944108,2.699445,7819.705091,0.063254,1598.210182,0.831238,1038.771364,492.199773,135.335273,29.868136363636363,
2020-11,10854.42065,0.187631,175.15405,1.560615,1.724758,0.012132,8.207524,0.253813,37.573964,2.632878,9191.9196,0.067246,1662.50105,0.820375,1054.01205,534.0164,163.0383,25.49365,
2020-12,10676.006818,0.182417,152.975318,1.57492,1.583694,0.014796,5.778415,0.258951,32.687105,2.635463,9146.333773,0.067583,1529.673045,0.809216,1074.864364,394.779045,139.814864,16.767454545454545,
2021-01,13573.687579,0.174075,272.064842,1.6012,2.281605,0.019942,6.671014,0.267914,35.206508,2.65035,11584.623737,0.065906,1989.063842,0.799322,1234.407211,662.449105,247.628684,26.232526315789475,22.616947368421055
2021-02,13122.382684,0.173165,268.938947,1.625389,2.305076,0.017797,7.532113,0.282094,37.345581,2.670383,11178.133,0.066189,1944.249684,0.798637,1215.225789,659.998632,252.439895,19.82363157894737,14.59542105263158
2021-03,11578.161522,0.177455,231.88087,1.638625,2.047868,0.015385,8.227812,0.283829,38.462466,2.652598,9784.419913,0.06706,1793.741609,0.803277,1208.969783,517.272957,215.950435,17.290956521739133,14.24695652173913
2021-04,10212.980238,0.184021,198.935333,1.659388,1.465671,0.014563,7.69362,0.277323,30.997322,2.660627,8465.202429,0.066336,1747.77781,0.814125,1170.317095,506.020524,186.653429,23.117571428571427,10.240761904761904
2021-05,11003.2296,0.193948,266.4163,1.643594,1.558295,0.017197,7.2165,0.267973,32.800567,2.679412,9004.4419,0.067453,1998.7877,0.819154,1323.5814,613.5951,245.7265,14.40625,18.2242
2021-06,12010.448227,0.191988,181.930364,1.648148,1.499625,0.020037,7.01401,0.266724,33.645629,2.712091,10232.466955,0.066619,1777.981273,0.823165,1277.445,437.389091,170.193045,16.07259090909091,9.79781818181818
2021-07,11765.577429,0.19251,224.251524,1.630864,1.398151,0.019106,7.146123,0.266389,33.072165,2.726713,9847.659333,0.068062,1917.918095,0.830562,1357.555571,476.659952,208.011,18.795095238095236,13.67657142857143
2021-08,11233.310136,0.188237,186.032727,1.631442,1.269236,0.018854,6.350848,0.266876,29.350641,2.764264,9458.074409,0.066915,1775.235727,0.843766,1280.790364,414.698045,173.825545,13.8985,10.733545454545451
2021-09,12319.23719,0.199821,259.078857,1.625513,1.435862,0.019827,8.179599,0.263699,34.889992,2.772005,10091.664476,0.068918,2227.572714,0.850448,1663.320333,471.35481,241.028381,20.614904761904764,16.569952380952383
2021-10,12335.370333,0.200809,210.112714,1.639285,1.395399,0.021909,8.573933,0.265064,35.092293,2.770331,10288.514905,0.067903,2046.855429,0.857051,1541.678238,421.904381,200.773571,17.576095238095238,7.943904761904761
2021-11,13603.034333,0.200659,237.488238,1.646518,1.471804,0.023769,10.053792,0.259591,35.973725,2.740384,11436.173381,0.067922,2166.860952,0.856304,1569.857571,492.566524,224.995048,20.99385714285714,11.30457142857143
2021-12,12169.533682,0.199161,240.3825,1.650995,1.440747,0.02477,7.601599,0.25647,30.267943,2.769561,9887.555636,0.066142,2281.978045,0.84535,1556.416182,631.093182,227.155045,29.57559090909091,12.33690909090909
2022-01,14126.22075,0.203489,303.3042,1.631407,1.794286,0.020957,11.737308,0.24814,37.319981,2.745917,11573.4328,0.066631,2552.78795,0.84613,1825.36385,639.13655,285.45925,17.78335,16.07665
2022-02,13207.201842,0.210055,270.132105,1.625421,1.75806,0.018617,12.671881,0.241858,42.926097,2.723133,10804.564368,0.066472,2402.637474,0.849523,1718.529316,611.991053,253.480421,20.663736842105266,14.838526315789473
2022-03,12906.834478,0.20965,197.110783,1.637273,1.952523,0.016596,13.967928,0.23275,45.420944,2.674032,10603.883391,0.067339,2302.951087,0.85681,1654.051652,577.430739,185.839435,19.540434782608695,9.614260869565218
2022-04,12495.535,0.211259,216.52465,1.667145,1.628527,0.017948,11.27934,0.232365,37.655942,2.685238,10178.37335,0.066443,2317.16165,0.863349,1787.0749,452.4092,208.62545,17.9878,6.264399999999999
2022-05,13543.735619,0.220895,247.712667,1.675346,1.851374,0.017494,11.18658,0.233222,40.457479,2.695958,10690.648429,0.067203,2853.08719,0.869501,2167.847762,599.610238,237.55819,30.45747619047619,8.488047619047618
2022-06,13096.932143,0.233118,200.646381,1.677168,1.634385,0.020376,10.225929,0.237751,40.520695,2.706951,10254.712905,0.065615,2842.219238,0.882581,2284.161286,473.023333,191.751,30.545238095238098,7.200619047619048
2022-07,12643.1715,0.237539,186.8159,1.676835,1.437166,0.02167,10.025505,0.23659,39.085014,2.707358,10020.4699,0.063937,2622.7016,0.883559,2100.84355,444.47015,179.2023,31.202599999999997,5.8824499999999995
2022-08,13179.746174,0.235965,191.665087,1.699053,1.409459,0.024421,8.377323,0.234684,38.031191,2.718018,10464.346435,0.061425,2715.399739,0.892198,2232.860304,403.750522,184.455913,28.54934782608695,5.500565217391304
2022-09,14729.895095,0.242143,236.843429,1.70003,1.510946,0.023312,10.628724,0.228974,46.908703,2.691534,11276.518143,0.061279,3453.376952,0.896294,2820.44319,541.584667,227.326333,40.105761904761906,7.872666666666667
2022-10,14876.648619,0.252242,205.673381,1.703092,1.544779,0.022977,10.730132,0.224387,43.670792,2.676161,11286.243524,0.064011,3590.405095,0.891539,2892.824714,584.320095,197.28019,62.41547619047619,6.688476190476191
2022-11,14922.385238,0.252164,183.008238,1.686009,1.508418,0.022852,10.689394,0.222224,42.844129,2.657526,11656.510905,0.062103,3265.874333,0.883002,2591.085762,557.949,174.793619,66.28028571428571,6.582333333333333
2022-12,13837.236429,0.248285,191.10281,1.689316,1.34484,0.024192,8.521986,0.223551,35.869907,2.68947,10615.491857,0.059783,3221.744571,0.875966,2581.837857,517.228905,182.963667,68.31280952380952,6.5290952380952385
2023-01,14589.6462,0.24518,194.0496,1.70423,1.424748,0.024497,10.290153,0.222363,42.036823,2.68773,11218.6133,0.057391,3371.0329,0.883328,2657.383,570.78945,187.07615,64.8604,6.451149999999999
2023-02,14721.688211,0.253042,227.005526,1.721366,1.426807,0.0238,11.530985,0.220593,42.991105,2.689001,11219.458105,0.059277,3502.230105,0.887781,2686.774211,698.006789,219.518421,55.591,6.908947368421052
2023-03,14662.388696,0.266571,268.718,1.724731,1.629009,0.018802,12.300962,0.214981,49.559646,2.642299,10795.338435,0.064158,3867.050261,0.889356,2873.795609,862.948522,256.093609,51.54234782608696,11.998869565217392
2023-04,13317.250211,0.274131,186.159053,1.74275,1.354399,0.016986,10.413047,0.216819,40.599408,2.651155,9810.347211,0.064635,3506.903,0.885181,2656.480421,719.791684,180.103895,66.53852631578948,5.511789473684211
2023-05,14130.705318,0.277959,206.723227,1.768137,1.383256,0.017476,8.726509,0.218982,41.807165,2.651023,10517.304273,0.065086,3613.401045,0.881137,2716.284955,770.324955,199.338864,56.946,6.632
2023-06,15383.018905,0.2711,197.947,1.826391,1.365626,0.020514,8.730277,0.229548,44.834421,2.664692,11466.49781,0.061115,3916.521095,0.876648,2927.295952,838.742619,190.732048,69.01647619047618,6.670666666666667
2023-07,14481.23535,0.263368,212.13315,1.829806,1.360273,0.021249,8.258103,0.231267,44.947915,2.647088,11037.32835,0.059469,3443.907,0.876006,2633.6371,689.7873,203.4021,53.2053,8.17525
2023-08,14831.793696,0.26279,240.278043,1.789633,1.345782,0.021379,7.24196,0.231387,42.139051,2.641269,11007.129,0.054458,3824.664696,0.885546,2961.639522,735.916652,230.015261,60.50530434782609,9.575391304347828
2023-09,14425.7536,0.270082,236.14415,1.752685,1.266796,0.022123,8.470843,0.231713,46.416601,2.642904,10477.0966,0.054708,3948.657,0.894284,3026.71005,787.026,227.15095,67.07635,8.46475
2023-10,15763.126409,0.286319,292.069909,1.714457,1.37633,0.021583,9.277088,0.228808,47.932986,2.627087,11229.620636,0.055805,4533.505773,0.899828,3478.115409,880.096773,280.990636,94.98618181818182,10.655227272727272
2023-11,14407.826905,0.292846,202.853143,1.725531,1.350145,0.020687,8.921639,0.23122,47.271862,2.608606,10436.069095,0.056959,3971.75781,0.900974,3113.023095,698.64581,196.116381,75.23366666666666,6.174714285714285
2023-12,14455.9611,0.297246,201.05935,1.728735,1.65442,0.012848,8.815672,0.233252,45.600093,2.602642,10472.03425,0.05964,3983.92685,0.90807,3206.56445,623.04445,194.7156,62.696949999999994,5.90205
2024-01,14676.760571,0.297983,229.29481,1.738566,1.536954,0.011265,9.450471,0.241291,44.815321,2.60046,10558.543571,0.060932,4118.217,0.915693,3281.481143,691.11619,221.577667,65.80452380952381,7.135714285714285
2024-02,15203.83375,0.2998,213.1876,1.743436,1.527742,0.011125,10.093494,0.246579,43.628198,2.610247,11113.8513,0.064984,4089.98245,0.918608,3218.5739,723.3989,207.363,58.0534,5.17525
2024-03,14627.14415,0.298738,217.0787,1.749497,1.463747,0.018712,10.247857,0.248535,47.345578,2.62168,10569.8762,0.064326,4057.26795,0.914689,3170.88195,729.1293,212.54785,72.4628,4.12575
2024-04,14570.1275,0.303534,309.419045,1.741133,1.310167,0.022416,10.503054,0.246258,51.307212,2.650261,10223.392136,0.06515,4346.735364,0.910702,3268.871818,928.032727,302.100545,75.60036363636364,6.788681818181818
2024-05,13737.881318,0.301815,213.748409,1.745657,1.423547,0.025641,8.633783,0.249293,43.351185,2.677321,9962.026545,0.063999,3775.854773,0.901729,2803.488182,835.184636,208.3075,67.65086363636364,4.7585
2024-06,14915.257789,0.295489,235.096421,1.75717,1.292501,0.026632,9.677781,0.251221,48.650806,2.689961,11002.259316,0.062005,3912.998474,0.898123,3011.486211,753.151526,230.355158,72.86021052631578,4.172578947368421
2024-07,15284.266545,0.28439,267.400636,1.787572,1.279716,0.026981,9.228739,0.255541,45.586439,2.685888,11144.659636,0.059136,4139.606909,0.89482,3156.327227,806.012409,261.434364,82.80222727272728,5.163454545454545
2024-08,14746.883636,0.292112,317.565,1.785372,1.258414,0.025346,8.472498,0.253781,51.329791,2.661527,10343.689818,0.060458,4403.193818,0.894268,3069.502364,1186.274864,305.721727,67.45909090909092,10.8755
2024-09,14588.8086,0.298405,232.48735,1.767279,1.233999,0.023539,10.121378,0.257173,48.096166,2.664555,10458.6329,0.062829,4130.1757,0.89218,3024.60215,944.64425,226.304,62.84025,5.311
2024-10,14768.777696,0.30021,186.979348,1.760475,1.288767,0.021604,10.53441,0.257219,44.373076,2.679644,10793.054348,0.065536,3975.723348,0.893553,3064.630826,775.43613,181.888261,67.02382608695653,4.195130434782609
2024-11,16496.01935,0.287997,221.67085,1.752672,1.600813,0.020239,11.262491,0.259953,49.564903,2.68671,12355.3671,0.066527,4140.65225,0.895455,3126.99615,859.0233,215.9945,72.49445,4.6365
2024-12,15878.425571,0.281069,213.155286,1.764898,1.514888,0.018213,9.290952,0.261388,43.122007,2.723542,11863.939571,0.064332,4014.486,0.905137,3154.476667,706.852667,207.171429,70.13152380952381,4.975523809523809
2025-01,17686.0648,0.276895,220.0566,1.768482,1.637037,0.016075,11.422837,0.263489,50.312214,2.766834,13150.57445,0.063992,4535.49035,0.903861,3455.6441,927.77105,214.43695,78.6357,4.64585
2025-02,18024.695053,0.277978,241.013632,1.773306,1.673278,0.014709,13.718088,0.260605,50.69948,2.810669,13556.181526,0.063435,4468.513526,0.913334,3492.669579,773.610684,234.729368,123.01510526315788,4.912210526315789
2025-03,18799.603762,0.287306,284.976381,1.739888,1.617197,0.013902,16.422389,0.251514,54.784058,2.765479,13529.299381,0.066403,5270.304381,0.908217,3933.645667,1124.304095,276.707714,114.71652380952382,7.350238095238096
2025-04,18346.788714,0.297917,308.914286,1.709468,2.118485,0.012403,17.410335,0.243865,65.339869,2.754895,13259.824381,0.070519,5086.964333,0.914635,3809.926048,1076.926143,292.204333,107.95180952380952,15.401857142857144
2025-05,17040.75119,0.29887,165.649238,1.693758,1.860853,0.012625,12.106114,0.248119,51.047114,2.755428,12711.141143,0.069597,4329.610048,0.9155,3461.726476,689.074048,160.849524,105.46757142857145,2.9117619047619048
2025-06,16475.4557,0.299835,185.36935,1.691006,1.780243,0.012404,11.811114,0.26063,51.222295,2.807732,11836.2269,0.068316,4639.2288,0.923085,3681.0723,755.30495,179.78055,111.15825,4.1479
2025-07,16684.033773,0.29284,178.253409,1.709212,1.790308,0.013609,12.48989,0.281848,48.513811,2.838028,12214.956773,0.06176,4469.077,0.925699,3600.186955,676.734,174.114409,118.60872727272728,2.740681818181818
2025-08,19218.090286,0.288424,218.121095,1.722558,1.645838,0.013465,10.700943,0.287674,48.819334,2.88147,14325.197238,0.056672,4892.893048,0.924307,3833.586857,851.659143,212.308857,122.80457142857144,3.5448095238095236
2025-09,20523.214571,0.280677,206.857286,1.744773,1.703041,0.014835,11.7889,0.287618,52.428866,2.89386,15273.349381,0.055034,5249.86519,0.925966,4254.842667,772.278095,202.107286,114.08814285714286,3.1129523809523807
2025-10,21403.572609,0.283739,259.075391,1.740273,2.019611,0.016105,13.192103,0.283542,55.133846,2.902865,15892.294261,0.06152,5511.278348,0.929347,4385.625304,900.816826,251.691087,123.15878260869565,5.878434782608696
2025-11,20285.143579,0.298914,284.488474,1.724672,1.80164,0.01734,12.772925,0.279905,53.120027,2.9163,14428.703526,0.069425,5856.440053,0.931751,4566.460895,1049.676421,274.089421,132.30957894736844,6.880473684210527
2025-12,16597.573591,0.317263,179.210682,1.717339,1.415265,0.017661,10.449111,0.277955,51.527989,2.945354,11550.431636,0.075008,5047.141955,0.937549,4069.406591,767.9085,174.066091,127.32359090909092,3.044681818181818
2026-01,19569.35755,0.326233,230.2154,1.712148,1.871754,0.017339,15.218132,0.275538,67.232894,2.952522,14092.53455,0.074719,5476.823,0.940231,4379.93165,852.6843,223.43255,150.2965,4.18325
2026-02,19449.540211,0.335612,276.482789,1.681694,1.960562,0.01711,17.962524,0.277813,63.372385,2.941313,13476.305211,0.078677,5973.235,0.944759,4750.197526,950.546211,258.787105,186.2721052631579,7.278157894736842
2026-03,21078.884727,0.342863,337.532227,1.64864,2.047799,0.016506,18.62946,0.271741,79.864597,2.871489,14202.764136,0.080052,6876.120591,0.939931,5377.202773,1160.257636,318.037636,222.4032272727273,12.186136363636365
2026-04,20630.959952,0.34731,222.349286,1.634148,1.677178,0.017734,16.623677,0.275409,57.873347,2.874912,14373.56781,0.078324,6257.392143,0.938249,5036.044524,944.006048,213.420238,188.44147619047615,5.851095238095239
2026-05,21983.98725,0.334075,202.8338,1.645872,1.824147,0.018224,14.886829,0.280847,59.609953,2.902111,15973.36295,0.071863,6010.6243,0.941795,5019.90025,732.2174,194.65995,167.11329999999998,3.59125
2026-06,22977.300429,0.31667508461614496,241.989238,1.664292591461991,2.185341,0.018580622309741314,14.950121,0.289348610597915,64.266868,2.9648346312545737,16629.933381,0.06439251002150567,6347.367048,0.952795171392088,5293.101429,726.349381,232.311048,228.65319047619047,5.851666666666667
2026-07,21676.99782272727,,206.9779545454545,,1.5690317247272727,,14.023719028447,,61.07079029,,15686.9725,,5990.0253227272715,,4894.647227272727,769.654,200.67863636363634,238.31381818181816,3.992409090909091
