month,adv_total_kcontracts,adv_rates_kcontracts,adv_equity_kcontracts,adv_energy_kcontracts,adv_ag_kcontracts,adv_fx_kcontracts,adv_metals_kcontracts,adv_globex_electronic_kcontracts,adv_openoutcry_kcontracts,adv_privately_negotiated_kcontracts,adv_clearport_kcontracts,oi_total_contracts,oi_rates_contracts,oi_equity_contracts,oi_energy_contracts,oi_ag_contracts,oi_fx_contracts,oi_metals_contracts,trading_days
2008-01,15964,8733,4078,1398,906,596,253,12307,3004,231,421,90313556,51361111,6316205,22993625,6984420,1376755,1281440,21
2008-02,14968,8485,3115,1535,1041,566,226,11766,2491,262,450,90015166,49730087,6388173,23877230,7064729,1604697,1350250,20
2008-03,15389,7512,4282,1657,903,759,276,12267,2304,325,493,80552566,40148574,5452690,24829735,7507950,1379061,1234556,20
2008-04,11833,6038,2622,1410,937,613,212,9162,2078,180,414,83671918,42757073,5818649,25351192,6977508,1478184,1289312,22
2008-05,12440,6627,2649,1563,751,621,227,9784,2003,196,457,85578319,43562915,6318106,25591626,7349006,1600775,1155891,21
2008-06,14069,6758,3729,1492,1110,764,216,11317,2151,240,360,80473173,39313774,5594167,26043181,6957408,1304104,1260539,21
2008-07,12943,5952,3693,1509,878,640,271,10544,1747,194,458,83136964,40818922,6245859,26480108,6957700,1355137,1279238,22
2008-08,10936,5056,2733,1396,852,659,240,8835,1524,165,412,82270810,40344845,6185896,26597330,6509728,1417464,1215547,21
2008-09,15564,7086,5105,1519,736,835,283,12685,2164,251,464,74253037,33648621,5768336,25948973,6524161,1183305,1179641,21
2008-10,12448,4566,4930,1413,772,561,206,10023,1743,199,484,77403706,35591889,6388645,26808631,6116912,1259133,1238496,23
2008-11,10315,3737,3913,1249,724,471,221,8282,1455,166,413,72557906,33882975,6388880,25554629,4602297,1201582,927543,19
2008-12,8132,2741,3083,1196,577,405,130,6432,1156,137,407,63048966,26138135,4502824,26001948,4628237,762486,1015336,22
2009-01,9403,3577,2985,1510,655,460,215,7353,1330,165,555,70132910,29120339,5266564,28664917,5040491,934596,1106003,20
2009-02,10717,4143,3436,1621,789,512,216,8519,1393,171,634,73191422,30141936,6010128,30510576,4258779,1050526,1219477,19
2009-03,10788,3825,4126,1452,624,546,215,8759,1298,159,572,69161166,25815109,4835102,31534294,4921647,878352,1176662,22
2009-04,9099,3321,3045,1318,801,451,164,7343,1134,138,484,73336459,27891995,5056904,33516183,4751026,924457,1195894,21
2009-05,10606,4723,2996,1407,731,544,206,8443,1535,159,470,75535998,29127588,5235997,33284399,5557681,1076283,1254050,20
2009-06,11307,5107,2926,1460,912,702,201,8987,1621,220,479,73411652,27385171,4284093,34411178,5101940,926165,1303105,22
2009-07,9676,4168,2532,1421,748,612,195,7908,1185,150,433,76928457,29067752,4695544,35480656,5349007,1021837,1313661,22
2009-08,10194,4738,2452,1470,735,616,184,8267,1339,149,440,79135743,30686715,4909765,35842303,5235751,1099287,1361922,21
2009-09,10548,4373,2990,1564,639,756,226,8645,1273,142,489,76399595,28245984,4472741,35470709,5667589,1074251,1468321,21
2009-10,10793,4472,2824,1726,785,747,239,8873,1186,175,559,82707729,31087552,4901737,38142685,5730059,1178331,1667365,22
2009-11,10794,4786,2479,1514,862,782,372,8822,1372,174,427,82755686,33158010,5006458,36783754,4926598,1316926,1563940,20
2009-12,9191,3886,2237,1448,614,735,273,7540,1087,160,403,78198925,29425067,4292591,36831339,4866402,1168076,1615450,22
2010-01,11213,4761,2861,1646,771,820,355,9201,1317,179,516,85194618,33261709,5065461,38367583,5638241,1295505,1566119,19
2010-02,12515,5671,2956,1706,913,931,338,10476,1354,218,467,87079776,34845146,5315531,38496678,5276016,1531133,1615272,19
2010-03,11016,4961,2662,1497,692,907,296,9105,1288,177,446,85825740,32906842,4537689,39093263,6088623,1584006,1615317,23
2010-04,11939,5605,2590,1748,894,842,260,9970,1409,172,388,90960717,36669471,5181327,39570262,5998979,1779659,1761019,22
2010-05,16768,8105,4228,2000,731,1306,398,14041,1974,246,507,90760367,35961768,5378671,39548591,6301766,1843964,1725607,20
2010-06,12162,4697,3617,1665,929,981,273,10256,1273,181,452,85843887,32245733,5091746,39610452,5605750,1433471,1856735,22
2010-07,10829,4484,2850,1504,859,833,300,9012,1206,153,459,89587245,34126658,5250204,40693320,6248422,1542378,1726263,21
2010-08,11722,5427,2584,1704,964,818,226,9652,1380,196,495,93185868,36316800,5576462,41155727,6614701,1649755,1872423,22
2010-09,12092,5130,3004,1761,1000,951,246,10054,1392,195,450,90176123,32958806,5192131,40772140,7660697,1549671,2042678,21
2010-10,11445,4722,2657,1712,1113,889,351,9444,1344,209,447,93481186,35121249,5444491,40911126,8122621,1604356,2277343,21
2010-11,14152,6971,2849,1606,1263,964,500,11769,1717,263,403,90809652,35218141,5742802,38974498,7361829,1607371,1905011,21
2010-12,10528,5031,2147,1433,836,811,270,8777,1203,196,351,84873276,30900971,4761228,38007869,7778506,1405825,2018877,22
2011-01,12282,5312,2553,2011,1056,939,412,10379,1263,182,457,90973828,34820496,5403169,38612871,8698028,1572062,1867202,20
2011-02,14672,7368,2554,2150,1315,933,352,12160,1709,254,548,93848592,38014200,5871352,38167036,8015387,1738315,2042302,19
2011-03,14385,6611,3504,1794,1108,1003,366,12212,1445,234,493,92462312,36154731,5441910,38579945,8743702,1600014,1942010,23
2011-04,12143,5734,2224,1679,1284,796,424,10125,1337,237,444,95684243,39231643,5707301,38910103,7948334,1744928,2141934,20
2011-05,13458,6494,2735,1826,967,972,463,11312,1386,222,460,97149014,41624423,5774535,37796704,8257936,1702014,1993402,21
2011-06,14853,7056,3504,1761,1228,977,326,12661,1466,294,432,93936145,40339363,5308801,37891610,6971266,1375682,2049423,22
2011-07,12669,6121,2883,1447,955,885,377,10768,1332,219,350,96568671,42655000,5742113,37215598,7286181,1523270,2146509,20
2011-08,17095,7979,4726,1848,1030,991,522,14420,1884,306,484,99924342,43938680,7373643,37301901,7447967,1514141,2348010,23
2011-09,14018,5296,4392,1688,1107,1083,453,11932,1413,239,433,91116004,36904404,6299550,36252547,7876888,1500239,2282376,21
2011-10,12421,4799,3439,1876,1078,926,303,10514,1203,212,492,90498926,36335271,6029875,36773976,7440738,1632205,2286861,21
2011-11,13156,5850,3190,1821,1112,811,373,10961,1422,224,549,87557645,35914223,6194062,35672232,6173358,1798062,1805708,21
2011-12,9580,3539,2811,1416,821,724,268,8117,894,175,394,78317537,28870361,4978575,34862669,6089383,1600883,1915666,21
2012-01,11619,5202,2227,2024,1056,744,365,9492,1336,208,582,87053143,33890141,5441249,37027547,6865990,1824635,2003581,20
2012-02,12768,5991,2201,2143,1191,848,395,10545,1374,225,624,91845180,37418906,6054626,37676600,6556606,1918376,2220066,20
2012-03,12516,5643,2710,1714,1118,936,395,10464,1335,252,464,89681624,34660635,5910955,37468283,7774999,1719747,2147005,22
2012-04,10694,4351,2350,1613,1293,759,329,9095,969,219,412,90900969,36095792,5942009,37076075,7650965,1892080,2244048,21
2012-05,13245,5959,2948,1813,1175,947,404,11308,1224,225,489,91972757,36662829,6560168,36341327,8000130,2143344,2264959,22
2012-06,13147,5059,3458,1788,1407,1054,381,11348,1128,271,400,83589621,30583586,5990694,35939951,7149818,1681624,2243948,21
2012-07,10421,3886,2486,1540,1384,801,324,8841,1051,198,330,84004807,31071939,5955584,34755116,8298213,1788594,2135361,21
2012-08,10320,4700,1981,1570,1047,731,290,8850,913,185,373,84467193,31313976,6520461,34223318,8136235,2030633,2242570,23
2012-09,11928,4983,2783,1669,1084,1035,374,10330,980,248,370,79678775,28530308,6034302,32392025,8398084,1925389,2398667,19
2012-10,9878,4050,2263,1608,973,709,275,8556,798,188,335,80842956,30656468,6314722,31641047,7883285,1887952,2459482,23
2012-11,11045,4574,2685,1505,1091,775,415,9670,795,229,351,77305607,30474656,6607504,29603490,6602935,2007552,2009470,21
2012-12,9645,3642,2682,1334,878,826,284,8482,649,214,300,69940737,25499893,5761961,28340805,6467808,1833895,2036375,20
2013-01,11429,5328,2108,1679,1030,900,384,9919,884,232,394,78075997,30683030,6626755,29160135,7326920,2066549,2212608,21
2013-02,13678,6472,2686,1751,1263,1067,439,12001,941,339,398,80322770,32327217,7274849,29320630,6712512,2274817,2412745,19
2013-03,12458,5225,3059,1764,969,1072,368,10908,834,259,455,78440848,29336003,6832297,30266944,7463979,2096077,2445548,20
2013-04,11566,4272,2720,1934,1210,898,532,10096,749,239,481,82322482,31942485,7059263,31455585,7066270,2064258,2734621,22
2013-05,14707,7790,2773,1711,958,1031,444,12872,1180,264,391,88143937,36092371,8151464,31340685,7806501,2266512,2486404,22
2013-06,16933,8581,3810,1738,1156,1213,435,14599,1508,420,406,85901903,36213995,6670386,31653737,6992494,1697872,2673419,20
2013-07,10863,4968,2029,1698,984,807,376,9236,1025,271,331,88464630,37875734,7042544,31668320,7313588,1899893,2664551,22
2013-08,12218,6060,2351,1570,1117,745,374,10402,1195,319,303,91625025,41377467,7333522,31288627,7051153,1937129,2637127,22
2013-09,13067,6554,2888,1555,918,825,327,11034,1312,357,364,89701372,40111960,6719849,30971143,7477732,1825752,2594936,20
2013-10,11097,4868,2682,1626,976,644,302,9503,966,254,374,92487264,41691674,7598084,31137456,7308274,2038775,2713001,23
2013-11,12079,6017,2213,1533,1220,718,379,10481,966,278,355,91142176,42738793,7666794,29888089,6290390,2175332,2382778,20
2013-12,10873,5010,2487,1547,793,760,276,9243,938,308,384,83726311,36687609,6609628,29763683,6230660,1977005,2457726,21
2014-01,12946,6303,2610,1849,1031,822,331,11003,1116,827,,90839471,41329286,7435102,30492694,7032174,2152713,2397502,21
2014-02,14002,6846,2829,1825,1383,769,351,12020,1231,751,,91128086,42421062,7862239,29514081,6668965,2144621,2517118,19
2014-03,14062,7036,3226,1452,1111,855,382,12116,1194,752,,90376269,42863515,6764298,28810144,7604005,1792254,2542053,21
2014-04,12218,5976,2750,1452,1159,559,321,10575,1029,614,,91212692,43870318,7004056,28563937,7233231,1830619,2710531,21
2014-05,12998,7594,2169,1407,915,589,324,11183,1181,634,,93839557,45888047,7397049,28182210,7788305,1956002,2627974,21
2014-06,12691,6434,2476,1512,1179,765,325,10906,1091,694,,91952092,43622015,6881254,29596427,7300172,1866120,2686104,21
2014-07,12243,6219,2411,1636,1076,583,319,10517,1053,673,,100818058,49582275,7569855,30823247,8138821,2120747,2583113,22
2014-08,13040,7297,2287,1449,1058,669,281,11372,1133,535,,103685942,52986735,8069016,30175049,7578670,2370391,2506081,21
2014-09,15254,8074,3070,1597,1038,1150,325,13046,1445,763,,104181192,53932934,7540856,29156995,8511983,2364402,2674022,21
2014-10,17586,9199,4035,1766,1270,986,330,15377,1484,725,,104876349,53357961,8537640,29414111,8251026,2437958,2877653,23
2014-11,12953,6271,2042,1923,1310,929,477,11355,993,604,,100627681,51563140,8271943,28599619,7161403,2588571,2443005,19
2014-12,13623,6624,3076,1719,952,957,293,11882,1133,607,,93655205,46795789,7062789,28296557,6920018,2148024,2432028,22
2015-01,15622,7686,3190,2196,1144,996,410,13545,1323,754,,99922119,49933794,7261473,29889906,7881110,2416045,2539791,20
2015-02,15810,8706,2255,2413,1352,755,329,13690,1436,684,,100173821,51806660,7565735,28692427,7194277,2417608,2497114,19
2015-03,13706,6467,2833,1859,1096,1087,365,12004,1136,567,,96429047,48230952,7142802,28244944,7958000,2338453,2513896,22
2015-04,11450,5126,2092,1791,1279,838,324,10007,956,487,,99938863,51452358,8025768,27946351,7457346,2420259,2636781,22
2015-05,14065,7834,2108,1743,1162,880,337,12383,1134,549,,101069932,53016352,8067305,26843155,8370610,2454034,2318476,20
2015-06,14590,6949,2869,1713,1739,987,333,12787,1236,567,,95553785,48505941,7886454,26749847,7895146,2093986,2422411,22
2015-07,12835,5930,2542,1835,1414,733,381,11117,1164,554,,100285140,51769474,8232280,27451735,7967750,2337059,2526842,22
2015-08,16280,7881,3691,2118,1319,890,381,14519,1111,650,,102324617,53971320,8820597,27579992,7080168,2414104,2458436,21
2015-09,14110,6196,3664,1948,1060,947,295,12296,1054,760,,96202839,48144154,7941809,28062415,7614678,2003580,2436203,21
2015-10,12832,5804,2719,2065,1206,735,304,11019,1068,746,,101552660,52755340,7901873,28812777,7356813,2141368,2584489,22
2015-11,13712,6866,2367,1971,1376,713,419,11980,1041,692,,102004088,55696695,7750791,27348019,6736886,2454658,2017039,20
2015-12,13039,5692,3110,2055,1033,884,264,11312,1054,672,,91320527,46828260,6715979,27109355,6614406,2019487,2033040,22
2016-01,18179,8935,4139,2597,1133,970,405,15382,1954,842,,107893187,60080797,8063741,28019828,7347079,2324626,2057116,19
2016-02,18671,9639,3481,2738,1371,954,487,16390,1402,879,,111083515,62760901,8293851,28417027,6935945,2406832,2268959,20
2016-03,14307,6385,3124,2299,1119,912,467,12611,985,711,,105506930,56253649,8083752,28858887,7966861,2032127,2311654,22
2016-04,13836,5525,2696,2463,1941,771,440,12332,933,570,,109694186,58792841,8786248,29539660,7957414,2162031,2455992,21
2016-05,14903,7455,2602,2234,1416,716,479,13212,1067,624,,112770524,62297614,9280060,28098315,8569783,2222340,2302412,21
2016-06,16442,7322,3543,2271,1805,1018,483,14469,1219,753,,105696265,55664528,9330296,28208024,8020448,2032286,2440683,22
2016-07,14133,6789,2569,2207,1342,724,503,12163,1234,737,,103325646,54379732,9214668,27435504,7785873,2092951,2416918,20
2016-08,13836,7051,2336,2236,1169,632,414,12429,798,609,,105207048,56759396,9555031,27300174,7109583,2098707,2384157,23
2016-09,15025,6508,3761,2440,964,969,383,13424,942,659,,102473245,55478138,8384406,26715610,7468540,2016404,2410147,21
2016-10,13078,5719,2601,2409,1192,771,386,11678,806,595,,104283907,57241646,8754114,26201874,7368798,2315865,2401610,21
2016-11,20867,11848,3179,2772,1363,987,718,18378,1441,1048,,113256826,67647305,8900078,25760191,6449387,2401236,2098629,21
2016-12,15030,7334,2846,2575,1024,892,359,13070,1142,817,,102929909,58491296,7593865,26313931,6338823,2099272,2092722,21
2017-01,16036,8391,2495,2539,1166,920,525,13962,1260,815,,111483704,64617356,8399504,26837099,7156405,2336358,2136982,20
2017-02,18410,10553,2538,2490,1542,764,523,16188,1442,779,,117977668,70883964,9062631,26616557,6679651,2481999,2252866,19
2017-03,16937,8702,3189,2465,1113,978,491,14778,1384,775,,114130457,66422306,8214203,27093959,7864524,2295964,2239501,23
2017-04,16301,8264,2597,2539,1564,788,548,14154,1371,776,,121004719,72943452,8481211,27409988,7497570,2411797,2260701,19
2017-05,16481,8916,2347,2670,1185,823,540,14719,1038,724,,123019084,74725900,8563707,26895424,8061075,2589089,2183889,22
2017-06,16555,7457,3162,2674,1735,1014,512,14816,970,769,,112725309,66540463,7894202,26382081,7392397,2282340,2233826,22
2017-07,14036,6279,2092,2610,1642,863,550,12787,743,505,,112736719,65993620,8544028,25633177,7670577,2596634,2298683,20
2017-08,16048,7753,2687,2790,1378,817,622,14667,851,529,,119059619,71993667,9646237,25076382,7139255,2706774,2497304,23
2017-09,16977,8190,3083,2664,1123,1256,660,15276,1078,623,,113824015,67554327,9268906,24572044,7504194,2549144,2375400,20
2017-10,14890,7624,2241,2395,1176,889,565,13173,1159,557,,120975213,73682103,10229579,24219059,7734529,2639358,2470585,22
2017-11,17979,9348,2725,2691,1552,915,749,16268,1077,635,,123283109,76666325,11151413,23436599,7224683,2712664,2091425,21
2017-12,14906,6903,2963,2380,1101,1027,531,13362,953,591,,108043379,64270141,9244845,22756673,7171572,2415333,2184815,20
2018-01,18979,9684,3048,3108,1283,1093,763,16797,1343,839,,123897882,76425099,10796225,23078071,8260787,2910384,2427316,21
2018-02,27294,15816,4905,2808,1988,1087,690,24313,1971,1010,,130482876,86124003,10020400,21343437,7877806,2741486,2375744,19
2018-03,20824,10713,4410,2352,1546,1120,683,18710,1395,719,,125902594,82150423,8713885,21266464,8991807,2325750,2454265,21
2018-04,17001,7665,3432,2611,1779,832,682,15335,1070,596,,126260811,81928137,8927552,21755029,8694357,2469126,2486610,21
2018-05,20146,11604,2622,2701,1442,1102,674,18358,1092,696,,125620833,79925525,9370928,21514545,9589184,2728398,2492253,22
2018-06,17845,8216,3226,2576,1994,1167,666,16156,1035,653,,115027494,72068069,8187324,20933129,8875812,2358143,2605017,21
2018-07,13530,6151,2361,2188,1348,840,642,12198,844,487,,120563123,77088366,8920138,20388035,9081579,2420288,2664717,21
2018-08,15899,8641,2373,1949,1426,883,626,14440,931,527,,122236775,78935483,9698432,19943512,8324217,2646203,2688928,23
2018-09,17472,8597,3375,2514,1255,1132,598,15730,1048,695,,120171599,77683502,8832821,19783643,8754214,2447943,2669476,19
2018-10,20589,10628,4733,2524,1229,903,571,18790,1169,630,,128423026,84942263,9837637,19638272,8573671,2563202,2867981,23
2018-11,21684,11889,3679,3128,1460,904,624,19909,1059,716,,128127868,87019281,9626500,19151999,7416647,2572731,2340710,21
2018-12,20214.45,10235.209,5127.866,2340.712,1045.577,1026.098,438.988,18361.97,1151.996,700.485,,115669164,77212025,8117519,18313745,7216910,2292750,2516215,20
2019-01,17832,9585,3260,2491,1095,838,564,15735,1322,775,,122221118,82830582,8506218,17864787,7956571,2365810,2697150,21
2019-02,19044,11020,2679,2328,1731,762,525,17059,1192,794,,126121775,88255324,8489634,16697081,7574788,2468381,2636567,19
2019-03,19061,10403,3499,2175,1350,1042,592,16979,1329,753,,126390501,89034734,7601724,16215334,8588705,2274872,2675132,21
2019-04,15737.495,8054.213,2318.897,2485.907,1603.482,746.734,528.262,14021.487,1104.134,611.874,,132213419,93674760,8329315,16753223,8213768,2544888,2697465,21
2019-05,23888,13827,4233,2530,1895,822,582,21473,1558,857,,143093953,102663532,9095360,16561741,9533973,2618612,2620735,22
2019-06,23088.561,12851.716,3870.295,2477.081,2023.331,1065.489,800.649,19947.749,1854.924,1285.888,,141158452,103145868,7839120,16304252,8490367,2332920,3045925,20
2019-07,16614,8828,2851,2183,1304,689,760,14895,1085,633,,138542940,99832754,8270411,16177309,8527785,2576796,3157885,22
2019-08,24335.905,13746.053,4963.549,2438.393,1481.595,821.252,885.064,22135,1275,926,,139436707,100812768,9179308,15796973,7766303,2574384,3306971,22
2019-09,19746,9945,3985,2777,1160,1060,818,17770,1171,806,,127412998,90233338,8099686,15220085,8100784,2490228,3268877,20
2019-10,17018,8645,3380,2289,1267,804,633,15355,1003,659,,131891160,94044153,8594201,15084807,8117580,2647840,3402579,23
2019-11,18182,10258,2735,2247,1450,688,804,16559,892,730,,130852537,94594950,8978703,14511621,7264098,2744640,2758525,20
2019-12,15466,7089,3603,2098,1125,1022,529,14211,692,563,,113338800,78587966,7785736,14280631,7251080,2442922,2990465,21
2020-01,18898,8907,4261,2845,1276,770,839,17162,1021,716,,123255312,85905876,8336555,15228528,8184183,2654709,3035461,21
2020-02,30119,17053,6247,3192,1688,1031,909,27268,1690,1161,,132401826,93392690,10079632,15225033,7348479,3113093,3242899,19
2020-03,32077,15698,8852,3625,1568,1415,920,29347,1177,1554,,123212565,84716262,9889471,16110132,7481410,2175187,2840101,22
2020-04,17797,6808,5078,3432,1393,581,505,17032,0,765,,119784816,82251099,9096405,16161077,7414760,2146474,2714785,21
2020-05,17936,8188,5220,2361,1007,641,519,17354,0,582,,114079290,77334305,8982609,15103207,8013710,2258194,2386692,20
2020-06,17104,5787,6351,1985,1510,940,531,16624,0,480,,100876702,66463722,7543748,14764042,7506931,2119562,2478697,22
2020-07,13618,3985,5193,1695,1264,755,725,13267,0,351,,101129681,65993323,7827144,14478853,7853043,2356618,2620700,22
2020-08,16351,7170,4128,1854,1449,729,1021,15754,133,463,,100768353,66182693,8318910,14125172,7190644,2365095,2585839,21
2020-09,16936,4854,6919,2015,1408,1005,734,16226,196,514,,88915569,54815063,7561819,13807992,7979324,2253847,2497524,21
2020-10,15441,5248,5407,1972,1580,704,529,14724,251,466,,93371744,58482123,7852201,13822158,8406657,2302253,2506352,22
2020-11,19267,8750,5369,2088,1597,759,705,18365,344,558,,93847050,59954361,7936890,13326325,8062150,2354888,2212436,20
2020-12,14244.494,5044.97,4689.287,1773.216,1267.387,987.006,482.629,13581.643,230.899,431.952,,81940409,49425102,6618784,13193433,8219264,2274362,2209464,22
2021-01,19196,8171,5587,2204,1734,781,719,17997,539,660,,95165882,59951307,7619096,13561558,9452655,2322555,2258711,19
2021-02,24567,13246,5521,2684,1580,808,728,22973,803,790,,102102063,66721379,8019399,14146995,8577686,2462588,2174016,19
2021-03,21737,9754,7047,2231,1164,947,596,20355,689,693,,100800072,66326570,6962011,13949933,9202205,2217605,2141748,23
2021-04,16484,7060,4676,1876,1721,667,483,,,,,104667176,69938287,7553720,13822341,8834957,2297848,2220023,21
2021-05,20564,10193,5599,1958,1464,701,649,19400,632,532,,109609620,73780293,7917868,13783256,9416210,2590273,2121720,20
2021-06,18371,8567,4554,2050,1698,928,575,17006,701,665,,102812087,68444534,7417529,14160162,8085716,2660528,2043618,22
2021-07,17083,7816,4768,2091,1135,735,538,15890,669,523,,104261296,68938749,8436413,14092244,7953846,2777453,2062591,21
2021-08,17475,8818,4199,2140,1227,624,467,16448,565,462,,104968665,69617474,8952735,14056323,7467326,2872918,2001889,22
2021-09,18816,7665,6375,2306,1058,975,437,17627,563,626,,99578630,64505251,8405262,14189079,7603564,2853533,2021941,21
2021-10,20425,10180,5361,2519,1179,721,465,18826,867,733,,101138380,65851137,8844588,13876318,7566581,2821864,2177892,21
2021-11,23145,12274,5609,2402,1429,801,631,21577,881,687,,102953209,68915903,9409018,12953722,6772377,2945375,1956814,21
2021-12,18018,7089,6819,1853,1047,875,336,16830,634,553,,93507896,61510243,8060329,12481392,6912464,2661130,1882338,22
2022-01,24607,10829,8732,2352,1339,779,575,22882,1004,720,,104994789,69775248,9226115,13345996,7882882,2843801,1920747,20
2022-02,29130,14935,8070,2811,1861,876,576,27253,1016,860,,109911628,74545755,9362883,13177414,7752345,2994618,2078613,19
2022-03,24411,11899,7170,2411,1271,1037,623,22446,1064,900,,108173231,73204736,8653659,12904944,8447484,2830538,2131870,23
2022-04,20828,9624,6639,1976,1311,811,468,19463,628,738,,109939514,73897229,9486565,13326890,8115061,3003589,2110180,20
2022-05,24274,11626,8365,1800,1111,874,499,22846,671,757,,112539158,75945694,9616128,13324846,8680451,2993925,1978114,21
2022-06,23957,10594,8196,2023,1502,1159,483,22187,871,899,,106590789,72258326,9056179,12902077,7525173,2808167,2040867,21
2022-07,20426,9046,6657,1922,1289,959,553,19222,577,626,,108872747,74105479,9471794,12553125,7713190,2955286,2073873,20
2022-08,21233,10618,6349,1789,1184,866,427,19994,576,664,,110632974,75803821,10029004,12434555,7276997,3117468,1971129,23
2022-09,25670,11321,9395,1809,1157,1463,525,23860,966,844,,107242651,72528666,9841530,12277252,7696973,2929815,1968415,21
2022-10,22731,9753,8505,1790,1168,1026,489,21088,810,833,,111332884,76083543,9977641,12587833,7518446,3112775,2052646,21
2022-11,23488,11830,6919,1907,1279,928,625,21919,755,814,,110570787,77723637,10102978,11686192,6326631,3017608,1713741,21
2022-12,19189.763,7912.376,6970.288,1788.604,1064.128,1045.576,408.791,17830.46,672.75,686.553,,97156964,66481706,8177217,11762477,6332971,2657849,1744744,21
2023-01,21701,10344,6689,2032,1204,807,625,19532,1290,879,,114275986,80667751,9091320,12420643,7175935,2881450,2038887,20
2023-02,28224,16197,6941,2106,1519,847,614,25474,1598,1152,,121815797,87758100,9578944,12728332,6852880,2972884,1924657,19
2023-03,30255,16685,8137,2107,1415,1212,699,27128,1933,1194,,116854271,81135091,9593385,13397906,7787066,2810331,2130492,23
2023-04,19845.183,9182.112,5637.665,2092.764,1560.473,757.445,614.724,18076.93,1046.387,721.866,,111673521,75521542,10273645,13492413,7245635,2927333,2212953,19
2023-05,24992,13908,6062,2016,1530,825,650,22879,1248,865,,117559403,79636542,10942488,13458022,8316846,3046488,2159017,22
2023-06,23340,10403,6901,2205,2159,1103,570,21400,1064,877,,104221083,68306864,10121887,13223468,7779908,2790226,1998730,21
2023-07,19932,9412,5427,1966,1670,881,575,18475,757,701,,107245821,70920022,10285229,13041480,8118432,2793700,2086958,20
2023-08,24175,12980,6477,2094,1360,768,495,22647,657,871,,112221467,75527913,11222836,12937348,7539577,2974710,2019083,23
2023-09,22666,10207,7136,2324,1280,1203,517,21122,734,809,,108427676,72319263,10391263,12728693,8038407,2846414,2103188,20
2023-10,25158,11797,8041,2291,1489,935,605,23442,863,854,,115886425,78230465,11418693,13040953,7944111,2905020,2347183,22
2023-11,28311,16802,6050,2156,1693,947,664,26117,1241,954,,120018813,82294869,12467071,12952538,7115941,3063110,2125284,21
2023-12,22965,11428,6607,2013,1212,1149,556,20825,1294,846,,105047107,70162014,10276081,12998866,6943322,2602063,2064761,20
2024-01,25194,13131,6550,2502,1480,893,638,22511,1682,1001,,119477567,80778651,11414103,14074895,8431839,2688184,2089895,21
2024-02,29645,17242,6623,2535,1803,854,587,27097,1389,1161,,121530387,81339939,12896698,14329279,7940616,2969361,2054494,20
2024-03,24300.741,11177.996,7410.542,2193.213,1508.801,1209.48,800.71,22423,910,968,,112053854,71956232,11069192,14606610,8917089,2972559,2532172,20
2024-04,26461.27,12602.411,7643.61,2397.649,1813.73,987.689,1016.181,24570,972,919.905,,114899924,74295135,11599265,14985667,8072679,3140577,2806601,22
2024-05,26014,14374,5753,2454,1671,896,866,24249,775,990,,120465497,78281103,11949888,15255559,9000334,3211616,2766997,22
2024-06,25255,11520,6965,2497,2191,1382,700,23525,712,1019,,111180976,71061753,10836397,15100650,8562717,3044448,2575011,19
2024-07,24795,11560,7361,2453,1697,959,765,23126,869,799,,121298965,78881488,11812449,15595891,8836808,3352754,2819575,22
2024-08,31682,18315,7452,2553,1613,1042,708,29379,1194,1109,,124582670,83243884,12338284,15030286,7974174,3337800,2658242,22
2024-09,28401,14755,7408,2721,1525,1283,709,26082,1239,1081,,118851523,78896126,11272233,14289754,8757425,2868990,2766995,20
2024-10,24311,12450,5931,2663,1829,792,647,22390,962,959,,123891584,81515731,11942586,15161737,9416286,2986939,2868305,23
2024-11,30234,17454,6409,2587,1939,1003,843,28334,840,1059,,121140878,79937451,12348381,14502337,8927151,3073027,2352531,20
2024-12,22303.476,10105.345,6731.233,2296.373,1499.864,1131.573,539.088,20672.36,729.969,901.147,,107656188,68788724,10210904,14556225,8951721,2925512,2223102,21
2025-01,25670,11705,7019,3232,1994,1023,697,23822,781,1067,,118319873,76023029,10972382,15377922,10345726,3171717,2429097,21
2025-02,33116.664,19150.525,7221.068,2821.804,2073.657,1066.23,783.38,30948,903,1265,,122694814,80705661,11212345,15682319,9292467,3463529,2338493,19
2025-03,30835.091,14624.026,9676.069,2647.248,1817.113,1350.738,719.898,28732.475,961.687,1140.928,,118318341,75550790,10449592,16217661,10365049,3210938,2524311,21
2025-04,35879.42523809524,18436.80480952381,9749.18780952381,3271.6634285714285,2111.5086666666666,1268.4388095238094,1041.8217142857143,33466.81314285714,1119.8434285714286,1292.7686666666668,,123793454,80444109,11463252,16888401,9178440,3265471,2553781,21
2025-05,28871.195,16207.135,6588.63,2602.65,1646.441,893.26,933.078,26917.254,920.228,1033.713,,124584177,80543707,11709627,16749866,10025446,3321446,2234085,21
2025-06,25683.347,11587,6593.862,3386.125,2141.54,1127.133,848.159,23697,937,1050,,118417823,76997745,10379146,16770194,9098566,2977343,2194829,20
2025-07,21918.67659090909,10773.116818181818,5504.207545454546,2417.7920454545456,1693.4730909090908,747.0583181818182,783.0287727272727,20330.962545454546,803.9065909090909,783.8074545454546,,125363278,81717140,11434474,16914850,9929668,3141050,2226096,22
2025-08,28068.4370952381,16230.820047619049,6340.134047619047,2200.612476190476,1939.3482857142858,669.5978571428572,687.924380952381,26120.52,1051.847,896.07,,130996906,87469324,12132585,16491555,9443548,3238711,2221183,21
2025-09,26140,13254,7028,2261,1504,1088,1005,23948,1121,1071,,125735697,82978231,10872977,15986067,10166812,3209330,2522280,21
2025-10,26272,11564,7602,2684,1925,783,1714,24487,839,946,,132017044,87461762,11650410,16191194,10588958,3323228,2801492,23
2025-11,33136,17524,8907,2578,2099,746,1282,31133,953,1050,,131578132,89067853,11935609,15492014,9377232,3483107,2222317,19
2025-12,23488,10623,6872,2307,1372,1019,1294,21815,675,998,,110285580,70695824,9785415,15344653,8785606,3261223,2412859,22
2026-01,29581,13857,7287,3579,1648,991,2218,27502,929,1150,,125552462,82020894,10486101,16836772,9913972,3584097,2710626,20
2026-02,37633,21327,8395,3172,2308,946,1485,35126,1196,1311,,134462358,90581089,10970987,16788036,9821268,3795431,2505547,19
2026-03,41067,20763,10123,5056,2171,1590,1364,37918,1563,1585,,131457391,86442087,10659910,17389289,11170668,3455210,2340227,22
2026-04,25882,11371,7781,2934,1997,873,926,24328,634,920,,131169718,85430591,12211134,17049728,10491544,3702697,2284024,21
2026-05,33205.291,18822.433,7962.331,2673.499,1916.71,900.682,929.636,31196.008,833.857,1175.426,,134028825,87315848,12461691,16626578,11546342,3912181,2166185,20
2026-06,30599.986,13606.374,10125.142,2392.293,2318.991,1190.093,967.092,28435.413,1021.371,1143.201,,127600179,84498255,10742390,16170427,10284289,3702804,2202014,21
2026-07,26963.065,12610.312,8168.834,2632.58,1952.475,811.19,787.674,25160.651,878.116,924.298,,133024340,88985418,11097791,15903732,11042384,3738816,2256199,22
