product_id,zh,exchange,pool,contract_name,underlying_symbol,want,official_url,blocker,next_step,last_tried
ASX_SPI200_FUT,ASX SPI 200 股指期货,ASX,apac_deriv,ASX SPI 200 Index Futures,ASX200,multiplier + base_price,https://www.asx.com.au/markets/trade-our-derivatives-market/asx-index-derivatives,"asx.com.au 的多个路径都返回同一份 136,883 字节的通用外壳页（内容与请求的路径无关）",找 ASX 官方合约规格 PDF，或走 ASX Monthly Activity Report 的附录。,2026-08-06
ASX_XT_10Y,ASX 10 年期澳洲国债期货,ASX,rates,ASX 10 Year Treasury Bond Futures,AUGB10Y,multiplier,https://www.asx.com.au/markets/trade-our-derivatives-market/interest-rate-derivatives,同 ASX_SPI200_FUT,"同 ASX_YT_3Y。3 年与 10 年同为 A$100,000 面值但 DV01 差 3 倍以上。",2026-08-06
ASX_YT_3Y,ASX 3 年期澳洲国债期货,ASX,rates,ASX 3 Year Treasury Bond Futures,AUGB3Y,multiplier,https://www.asx.com.au/markets/trade-our-derivatives-market/interest-rate-derivatives,同 ASX_SPI200_FUT,"⚠ 澳洲国债期货的报价方式是 100 − 收益率，且交割按**票面收益率折现**，面值 A$100,000 与「名义额」的关系不像美债那么直接 —— 填进来之前必须在 notes 写清口径。",2026-08-06
CBOE_VXM_MINIVIX,Cboe Mini VIX 期货,Cboe,equity_index,Mini VIX Futures (VXM),VIX,multiplier,https://www.cboe.com/tradable_products/vix/mini_vix_futures/specifications/,本会话未抓该页（只抓了 VIX 期货与 VIX 期权两页）,Cboe 的 /tradable_products/…/specifications/ 模板服务端可读（VIX/SPX/XSP 三页都成功），照同一模板抓即可。series/cboe.csv 自 2020-08 有 adv_minivix_futures_kcontracts 列。,2026-08-06
CME_CL_WTI,CME WTI 轻质原油期货,CME,energy,Light Sweet Crude Oil (WTI) Futures,WTI,multiplier + base_price,https://www.cmegroup.com/markets/energy/crude-oil/light-sweet-crude.contractSpecs.html,"cmegroup.com 把 Contract Unit 规格表交给前端 JS 渲染，服务端 HTML 里没有该字段；已试 .contractSpecs.html / .html / .volume-oi.html / .settlements.html 四条路径（nscurl 能拿到 200 + 200-290KB 正文，但正文里没有规格）；CmeWS API 返回 {""message"": ""This IP address is blocked due to suspected web scraping activity""}",用浏览器渲染该页读 Contract Unit，或找 CME 规则手册（Rulebook）的静态 PDF —— 注意 /rulebook/CME/III/350/358/358.pdf 与 /content/dam/… 两个路径本次都是 404，真实路径要先从 rulebook 首页找。 基期价格另需 2019-01 WTI 结算价（CME 官方每日结算存档）。,2026-08-06
CME_ES_SP500,CME E-mini 标普 500 期货,CME,equity_index,E-mini S&P 500 Futures,SPX,multiplier,https://www.cmegroup.com/markets/equities/sp/e-mini-sandp500.contractSpecs.html,"cmegroup.com 把 Contract Unit 规格表交给前端 JS 渲染，服务端 HTML 里没有该字段；已试 .contractSpecs.html / .html / .volume-oi.html / .settlements.html 四条路径（nscurl 能拿到 200 + 200-290KB 正文，但正文里没有规格）；CmeWS API 返回 {""message"": ""This IP address is blocked due to suspected web scraping activity""}",用浏览器渲染该页读 Contract Unit，或找 CME 规则手册（Rulebook）的静态 PDF —— 注意 /rulebook/CME/III/350/358/358.pdf 与 /content/dam/… 两个路径本次都是 404，真实路径要先从 rulebook 首页找。 ⚠ 这是全仓最该补上的一行：README 与 pools.py 都拿 ES($50) vs MES($5) 当「张数不可比」的示范，而 MES 已实测入库、ES 还缺。基期价格现成（SPX 2019-01 均值 2607.3899952380953）。,2026-08-06
CME_NG_HENRYHUB,CME Henry Hub 天然气期货,CME,energy,Henry Hub Natural Gas Futures,HH,multiplier + base_price,https://www.cmegroup.com/markets/energy/natural-gas/natural-gas.contractSpecs.html,"cmegroup.com 把 Contract Unit 规格表交给前端 JS 渲染，服务端 HTML 里没有该字段；已试 .contractSpecs.html / .html / .volume-oi.html / .settlements.html 四条路径（nscurl 能拿到 200 + 200-290KB 正文，但正文里没有规格）；CmeWS API 返回 {""message"": ""This IP address is blocked due to suspected web scraping activity""}",用浏览器渲染该页读 Contract Unit，或找 CME 规则手册（Rulebook）的静态 PDF —— 注意 /rulebook/CME/III/350/358/358.pdf 与 /content/dam/… 两个路径本次都是 404，真实路径要先从 rulebook 首页找。 ⚠ 与 WTI 不同量纲（MMBtu vs 桶），张数不可相加。,2026-08-06
CME_ZT_UST2Y,CME 2 年期美国国债期货,CME,rates,2-Year U.S. Treasury Note Futures,UST2Y,multiplier,https://www.cmegroup.com/markets/interest-rates/us-treasury/2-year-us-treasury-note.html,"该页没有 5Y/10Y/30Y 页上那个服务端渲染的 ""Review contract highlights"" 区块，所以拿不到 Contract Unit","用浏览器渲染该页读 Contract Unit，或找 CME 规则手册（Rulebook）的静态 PDF —— 注意 /rulebook/CME/III/350/358/358.pdf 与 /content/dam/… 两个路径本次都是 404，真实路径要先从 rulebook 首页找。 ⚠ 2 年期的面值与 5/10/30 年期**不同**（业界常见值是 $200,000 而非 $100,000），绝不可照抄同族其它合约 —— 这正是本行必须实测的理由。",2026-08-06
ENX_SINGLESTOCK_OPT,Euronext 单股期权,Euronext,single_stock_etf_opt,Euronext Single Stock Options,(各标的),multiplier + base_price,https://live.euronext.com/en/markets/amsterdam/equity-options,"页面服务端只给栏目导航（正文里只出现 ""Contract Sizes, SSDF"" 这样的菜单项，没有规格表）",找 Euronext 官方 contract specification PDF（Derivatives → Contract specifications）。⚠ Euronext 单股期权的合约乘数**不是全市场统一 100 股**，各标的可不同，且有公司行动调整 —— 篮子常数只能按 2019-01 的实际成交结构合成。,2026-08-06
EUREX_FDAX_DAX,Eurex DAX 指数期货,Eurex,eu_deriv,DAX Futures (FDAX),DAX,multiplier + base_price,https://www.eurex.com/ex-en/markets/idx/dax,"eurex.com 的产品页与 /ex-en/rules-regs/contract-specifications 服务端返回的 133KB HTML 里一次 ""contract"" 都没有出现，是纯 JS 外壳",找 Eurex 官方《Contract Specifications for Futures Contracts and Options Contracts at Eurex Deutschland》PDF（规则手册是静态文件，最稳），或浏览器渲染产品页。 ⚠ Eurex 另有 Micro-DAX，两者乘数不同，务必分行登记（若查到历史上 FDAX 乘数变更过，按 effective_from/effective_to 拆两行）。,2026-08-06
EUREX_FESX_SX5E,Eurex 欧洲斯托克 50 指数期货,Eurex,eu_deriv,EURO STOXX 50 Index Futures (FESX),SX5E,multiplier + base_price,https://www.eurex.com/ex-en/markets/idx/stx/blc/EURO-STOXX-50-Index-Futures-138328,"eurex.com 的产品页与 /ex-en/rules-regs/contract-specifications 服务端返回的 133KB HTML 里一次 ""contract"" 都没有出现，是纯 JS 外壳",找 Eurex 官方《Contract Specifications for Futures Contracts and Options Contracts at Eurex Deutschland》PDF（规则手册是静态文件，最稳），或浏览器渲染产品页。 基期点位见 IDXREF_EU_SX5E（同样 📌 未找到）。,2026-08-06
EUREX_FGBL_BUND,Eurex 德国长期国债期货（Bund）,Eurex,rates,Euro-Bund Futures (FGBL),BUND,multiplier,https://www.eurex.com/ex-en/markets/int/fix/government-bonds/Euro-Bund-Futures-137298,"eurex.com 的产品页与 /ex-en/rules-regs/contract-specifications 服务端返回的 133KB HTML 里一次 ""contract"" 都没有出现，是纯 JS 外壳",找 Eurex 官方《Contract Specifications for Futures Contracts and Options Contracts at Eurex Deutschland》PDF（规则手册是静态文件，最稳），或浏览器渲染产品页。 面值口径与 CME 国债期货一致（按面值计名义额、不乘结算价），取到面值即可直接填 base_price_local=1。,2026-08-06
EUREX_FGBM_BOBL,Eurex 德国中期国债期货（Bobl）,Eurex,rates,Euro-Bobl Futures (FGBM),BOBL,multiplier,https://www.eurex.com/ex-en/markets/int/fix/government-bonds/Euro-Bobl-Futures-137300,"eurex.com 的产品页与 /ex-en/rules-regs/contract-specifications 服务端返回的 133KB HTML 里一次 ""contract"" 都没有出现，是纯 JS 外壳",找 Eurex 官方《Contract Specifications for Futures Contracts and Options Contracts at Eurex Deutschland》PDF（规则手册是静态文件，最稳），或浏览器渲染产品页。,2026-08-06
EUREX_FGBS_SCHATZ,Eurex 德国短期国债期货（Schatz）,Eurex,rates,Euro-Schatz Futures (FGBS),SCHATZ,multiplier,https://www.eurex.com/ex-en/markets/int/fix/government-bonds/Euro-Schatz-Futures-137302,"eurex.com 的产品页与 /ex-en/rules-regs/contract-specifications 服务端返回的 133KB HTML 里一次 ""contract"" 都没有出现，是纯 JS 外壳",找 Eurex 官方《Contract Specifications for Futures Contracts and Options Contracts at Eurex Deutschland》PDF（规则手册是静态文件，最稳），或浏览器渲染产品页。 ⚠ Schatz 与 Bund 面值可能相同而久期差 4 倍 —— 这正是「名义额不等于风险敞口」在 Eurex 池里的具体形态。,2026-08-06
HKEX_HHI_FUT,HKEX 恒生中国企业指数期货,HKEX,apac_deriv,Hang Seng China Enterprises Index Futures (HHI),HSCEI,multiplier + base_price,https://www.hkex.com.hk/Products/Listed-Derivatives/Equity-Index/Hang-Seng-China-Enterprises-Index-(HSCEI)?sc_lang=en,本会话拼的 URL 返回 2.7KB 的 HKEX 错误页（路径拼错，不是被拦）,HSI 与 Mini-HSI 两页用同一模板都抓成功了，说明通道没问题，只要找对路径。从 hkex.com.hk 的 Listed Derivatives 目录页顺链接进去取正确 URL。,2026-08-06
ICE_TTF_GAS,ICE 荷兰 TTF 天然气期货,ICE,energy,Dutch TTF Gas Futures,TTF,(乘数不存在，需另立口径),https://www.ice.com/products/27996665/Dutch-TTF-Gas-Futures,"**不是抓不到，是没有固定乘数**：官方页原文 ""Contract Size 1 MW per day in contract period""、""Unit of Trading 1 MW""，即一张月度合约的量 = 1 MW × 24 h × 该月天数 = 672–744 MWh 不等",本次编纂发现的真口径坑。两条出路：(a) 用基期月（2019-01，31 天 ⇒ 744 MWh/张）算一个**固定**常数，并在 note 写明这会让 28 天的月份被高估 6%；(b) 把 TTF 从 ICE 能源篮子里单列。选哪条要看 ICE 月报是否拆分 TTF 张数。,2026-08-06
JPX_JGB10Y_FUT,JPX 10 年期日本国债期货,JPX,rates,10-Year JGB Futures,JGB10Y,multiplier,https://www.jpx.co.jp/english/derivatives/products/domestic/jgb-futures/index.html,该页服务端没有 trading unit / face value 字段（同站的 225futures、225mini、topix-futures 三页都有，说明是这一页的模板不同，不是站点被拦）,"进该页的 ""Contract Specifications"" 子页，或查 JSCC（日本证券清算机构）的合约规格表。⚠ 这是单一合约不是篮子（pools.PRODUCTS 里 basket=False），取到面值即可直接补进主表。",2026-08-06
MIAX_HRSW,MIAX Futures 硬红春小麦,MIAX,ags,Hard Red Spring Wheat Futures,HRSW,multiplier + base_price,https://www.miaxglobal.com/markets/futures/products/hard-red-spring-wheat,页面能下（64KB）但服务端未渲染规格表,"找 MIAX Futures（原 MGEX）规则手册。⚠ 单一合约不是篮子，取到 5,000 蒲式耳/张 + 2019-01 结算价即可直接补进主表。",2026-08-06
SGX_CN_A50,SGX 富时中国 A50 指数期货,SGX,apac_deriv,SGX FTSE China A50 Index Futures,A50,multiplier + base_price,https://www.sgx.com/derivatives/products/ftsechinaa50,sgx.com 是 Angular 单页应用，服务端只返回 14KB 外壳,找 SGX 官方 contract specification PDF（静态文件），或浏览器渲染。⚠ A50 以 **USD** 计价而 SGX 的其它产品以 SGD/JPY 计价，跨币种篮子的记账币问题在这里最突出。,2026-08-06
SGX_NK_NIKKEI225,SGX 日经 225 指数期货,SGX,apac_deriv,SGX Nikkei 225 Index Futures,N225,multiplier + base_price,https://www.sgx.com/derivatives/products/nikkei225,同 SGX_CN_A50,同 SGX_CN_A50。⚠ SGX 与 JPX 挂同一个标的，两家的乘数不同（SGX 有 JPY 与 USD 两个计价版本），是「同标的跨所份额」最需要名义额口径的一处。,2026-08-06
US_EQUITY_OPT_100SH,美国单股/ETF 期权（全行业统一规格）,US,na_multilist_opt,Standardized U.S. Equity / ETF Options,(各标的),multiplier + base_price,https://www.theocc.com/company-information/documents-and-archives/options-disclosure-document,"theocc.com 返回 Cloudflare 挑战页（""Just a moment...""）；cboe.com/tradable_products/equity_options/ 服务端只返回 JS 外壳（17KB 可读文本，无规格）",100 股/张 是 Cboe / Nasdaq / MIAX / NYSE / BOX 五家共用的行业惯例，但必须拿到官方出处才许入库。可试 OCC 的 riskstoc.pdf 直链（本次被 Cloudflare 拦）、或任一交易所的规则手册（rulebook）静态 PDF。⚠ 另需「2019-01 按成交量加权的标的均价」，那是更难的一半（📌 无官方单一字段）。,2026-08-06
