ym,net_sales_bn,weeks,ns_yoy,us_r,ca_r,oi_r,tc_r,us_a,ca_a,oi_a,tc_a,wh_total,wh_us,ec_r,ec_a
2015-12,12.45,5.0,3.0,3.0,-9.0,-3.0,1.0,4.0,9.0,5.0,5.0,698.0,488.0,,
2016-01,8.32,4.0,2.0,1.0,-6.0,0.0,0.0,1.0,11.0,10.0,4.0,698.0,488.0,,
2016-02,8.28,4.0,1.0,2.0,-2.0,-8.0,0.0,4.0,10.0,0.0,4.0,698.0,488.0,,
2016-03,10.71,5.0,3.0,1.0,3.0,-1.0,1.0,3.0,9.0,5.0,4.0,702.0,492.0,,
2016-04,8.98,4.0,3.0,0.0,2.0,-3.0,0.0,2.0,7.0,1.0,3.0,705.0,493.0,,
2016-05,9.23,4.0,3.0,1.0,-1.0,-3.0,0.0,4.0,6.0,3.0,4.0,706.0,494.0,,
2016-06,11.33,5.0,3.0,0.0,1.0,-3.0,0.0,2.0,7.0,2.0,3.0,708.0,496.0,,
2016-07,8.65,4.0,0.1,-3.0,3.0,-2.0,-2.0,0.0,6.0,2.0,1.0,708.0,496.0,,
2016-08,8.9,4.0,2.0,0.0,4.0,0.0,0.0,2.0,4.0,0.0,2.0,,,,
2016-09,11.06,5.0,3.0,0.0,6.0,0.0,1.0,0.0,5.0,0.0,1.0,715.0,501.0,,
2016-10,9.11,4.0,4.0,2.0,4.0,0.0,2.0,2.0,5.0,3.0,2.0,717.0,503.0,,
2016-11,9.95,4.0,3.0,1.0,1.0,-2.0,1.0,1.0,3.0,4.0,2.0,723.0,506.0,,
2016-12,13.07,5.0,5.0,3.0,7.0,-3.0,3.0,3.0,4.0,4.0,3.0,723.0,506.0,,
2017-01,9.08,4.0,9.0,6.0,11.0,4.0,7.0,5.0,1.0,8.0,5.0,725.0,506.0,,
2017-02,8.92,4.0,8.0,5.0,10.0,-2.0,4.0,2.0,2.0,-1.0,2.0,728.0,508.0,,
2017-03,11.64,5.0,9.0,7.0,3.0,4.0,6.0,6.0,3.0,6.0,5.0,729.0,508.0,,
2017-04,9.42,4.0,5.0,4.0,-1.0,2.0,3.0,3.0,3.0,5.0,3.0,729.0,508.0,,
2017-05,9.86,4.0,7.0,5.2,-2.2,4.9,4.1,4.5,3.0,6.4,4.5,732.0,510.0,,
2017-06,12.17,5.0,7.0,6.5,3.2,6.2,6.0,6.3,6.8,7.1,6.5,734.0,511.0,,
2017-07,9.41,4.0,8.8,6.0,7.2,6.3,6.2,5.5,4.0,5.9,5.3,736.0,511.0,,
2017-08,9.8,4.0,10.0,7.4,8.2,6.0,7.3,6.1,4.3,6.7,5.9,,,,
2017-09,12.4,5.0,12.1,9.0,9.4,8.2,8.9,7.1,1.4,7.2,6.2,,,30.0,
2017-10,10.02,4.0,10.1,7.0,9.0,8.2,7.5,5.9,2.8,7.4,5.6,744.0,517.0,31.0,
2017-11,11.26,4.0,13.2,10.2,13.8,11.1,10.8,8.4,6.3,7.2,7.9,746.0,518.0,39.0,
2017-12,14.94,5.0,14.3,10.5,11.9,17.0,11.5,9.1,6.1,9.6,8.8,746.0,518.0,33.3,32.2
2018-01,12.24,5.0,8.4,4.9,8.3,9.8,6.0,3.6,1.3,0.6,2.9,746.0,518.0,34.8,32.9
2018-02,10.21,4.0,12.8,9.0,8.4,22.2,10.5,7.5,3.2,14.1,7.7,749.0,519.0,38.1,37.0
2018-03,12.92,5.0,10.9,8.3,7.1,12.3,8.6,6.7,2.0,5.4,5.8,749.0,519.0,33.2,32.1
2018-04,10.81,4.0,13.1,10.2,14.0,11.2,10.9,7.9,6.0,6.3,7.3,749.0,519.0,43.1,41.5
2018-05,11.02,4.0,14.1,11.7,13.0,9.4,11.7,8.7,5.4,7.4,8.0,750.0,520.0,34.4,33.3
2018-06,13.55,5.0,11.7,10.8,6.0,7.3,9.7,7.7,3.4,6.9,6.9,752.0,522.0,27.9,27.7
2018-07,10.59,4.0,10.1,9.7,3.2,6.3,8.3,6.6,5.0,7.1,6.4,757.0,526.0,20.9,21.6
2018-08,11.0,4.0,12.2,11.3,2.7,5.3,9.2,8.9,4.8,6.8,8.0,762.0,527.0,23.8,24.5
2018-09,13.64,5.0,10.3,10.4,2.9,4.3,8.4,7.7,6.4,6.2,7.3,763.0,528.0,28.6,25.7
2018-10,11.16,4.0,10.6,10.4,2.4,5.5,8.6,7.1,4.2,6.6,6.6,766.0,531.0,20.0,20.0
2018-11,12.77,4.0,9.8,12.2,1.8,0.7,9.2,10.1,5.0,3.7,8.5,768.0,533.0,46.1,34.0
2018-12,15.42,5.0,7.8,7.5,2.0,2.8,6.1,7.1,8.1,5.7,7.0,768.0,533.0,13.6,23.9
2019-01,10.71,4.0,8.0,6.6,-2.9,6.5,5.2,7.3,4.6,11.2,7.4,768.0,533.0,22.1,24.0
2019-02,10.72,4.0,5.0,6.0,0.0,-5.9,3.5,5.7,4.8,-1.2,4.6,770.0,535.0,24.2,21.6
2019-03,13.87,5.0,7.4,6.9,3.8,1.6,5.7,5.5,6.7,7.4,5.9,770.0,535.0,20.6,20.1
2019-04,11.6,4.0,7.3,7.7,-1.9,0.9,5.4,5.6,2.3,6.0,5.2,772.0,535.0,23.6,19.9
2019-05,11.67,4.0,5.9,5.7,-0.3,0.9,4.2,4.4,3.9,4.8,4.3,773.0,536.0,20.2,19.9
2019-06,14.57,5.0,7.5,6.3,2.8,3.1,5.4,5.3,4.3,5.5,5.1,776.0,539.0,15.7,20.8
2019-07,11.43,4.0,7.9,6.5,4.8,1.3,5.6,5.3,5.4,4.0,5.1,778.0,540.0,21.3,23.8
2019-08,11.79,4.0,6.9,6.4,3.6,2.3,5.5,5.9,6.1,5.9,5.9,783.0,544.0,23.9,23.8
2019-09,14.41,5.0,5.6,5.0,1.2,3.0,4.2,5.7,4.5,5.9,5.6,783.0,544.0,17.8,18.5
2019-10,11.92,4.0,6.8,6.5,4.9,2.1,5.7,6.8,6.5,3.0,6.3,783.0,544.0,16.5,16.7
2019-11,13.62,4.0,6.7,4.8,5.6,7.5,5.3,4.3,5.8,6.8,4.8,785.0,546.0,-3.6,-3.7
2019-12,17.04,5.0,10.5,9.4,9.0,7.5,9.0,8.4,6.0,5.9,7.8,785.0,546.0,43.1,42.6
2020-01,11.57,4.0,8.0,6.9,7.1,4.5,6.6,5.6,4.8,4.5,5.3,785.0,546.0,17.6,17.2
2020-02,12.2,4.0,13.8,12.4,10.2,12.5,12.1,11.6,10.4,13.5,11.7,785.0,546.0,22.6,22.7
2020-03,15.49,5.0,11.7,10.7,1.2,12.2,9.6,12.1,7.2,19.2,12.3,787.0,547.0,48.3,49.8
2020-04,11.39,4.0,-1.8,-3.3,-11.7,-4.6,-4.7,0.0,-5.0,2.0,-0.5,787.0,547.0,85.7,87.7
2020-05,12.55,4.0,7.5,5.5,-0.9,12.0,5.4,9.2,4.9,17.9,9.7,787.0,547.0,106.2,108.1
2020-06,16.18,5.0,11.1,11.0,8.4,18.0,11.5,13.6,12.2,22.1,14.4,788.0,548.0,85.8,86.7
2020-07,13.04,4.0,14.1,13.3,10.4,15.9,13.2,15.7,14.8,18.2,15.8,790.0,548.0,75.3,76.1
2020-08,13.56,4.0,15.0,12.5,14.6,16.1,13.2,14.3,15.0,15.4,14.5,795.0,552.0,101.9,101.6
2020-09,16.84,5.0,16.9,14.5,17.5,18.5,15.5,16.7,18.0,17.5,16.9,796.0,552.0,90.3,90.1
2020-10,13.82,4.0,15.9,13.6,13.9,19.6,14.4,16.4,15.2,19.0,16.5,800.0,556.0,91.1,91.0
2020-11,15.67,4.0,15.1,12.0,16.4,18.2,13.4,14.2,15.8,16.0,14.6,803.0,558.0,71.3,70.9
2020-12,19.14,5.0,12.3,9.6,8.0,19.4,10.7,11.0,5.7,15.8,10.9,803.0,558.0,62.5,61.6
2021-01,13.64,4.0,17.9,15.4,15.2,19.0,15.9,16.4,12.2,15.3,15.7,803.0,558.0,106.7,105.4
2021-02,14.05,4.0,15.2,10.3,21.6,25.7,13.8,10.3,15.7,20.6,12.3,804.0,558.0,91.1,89.4
2021-03,18.21,5.0,17.6,13.9,28.3,16.4,16.0,11.3,13.0,7.7,11.1,807.0,559.0,57.7,54.5
2021-04,15.21,4.0,33.5,30.4,44.0,33.5,32.5,24.9,23.8,20.3,24.2,809.0,559.0,20.5,17.3
2021-05,15.59,4.0,24.2,21.9,28.8,21.5,22.8,16.7,8.9,9.6,14.7,809.0,559.0,12.1,8.7
2021-06,18.92,5.0,16.9,12.1,23.4,15.4,14.1,7.8,8.9,6.8,7.9,810.0,559.0,20.8,18.0
2021-07,15.21,4.0,16.6,13.1,16.5,14.4,13.8,8.5,5.5,7.8,8.0,813.0,562.0,7.4,5.7
2021-08,15.75,4.0,16.2,14.7,13.4,12.2,14.2,10.1,5.2,7.3,9.1,815.0,564.0,2.8,1.8
2021-09,19.5,5.0,15.8,14.6,14.9,12.0,14.3,10.0,7.3,8.0,9.4,817.0,565.0,10.6,9.6
2021-10,16.47,4.0,19.2,17.0,20.6,17.0,17.5,11.7,10.0,14.7,11.8,820.0,568.0,16.5,15.3
2021-11,18.13,4.0,15.7,14.3,15.7,11.0,14.1,9.1,7.6,11.3,9.2,824.0,571.0,12.2,11.7
2021-12,22.24,5.0,16.2,15.9,16.5,6.4,14.5,11.5,13.6,9.6,11.5,828.0,572.0,17.8,17.8
2022-01,15.76,4.0,15.5,14.1,17.8,11.8,14.2,9.5,13.9,14.6,10.8,828.0,572.0,9.0,9.0
2022-02,16.29,4.0,15.9,17.4,11.7,-0.9,14.0,12.9,8.8,1.3,10.6,828.0,572.0,10.2,10.4
2022-03,21.61,5.0,18.7,19.1,15.7,8.4,17.2,12.7,12.2,10.1,12.2,829.0,573.0,8.9,9.2
2022-04,17.33,4.0,13.9,13.8,16.0,2.6,12.6,8.1,13.7,7.6,8.7,829.0,573.0,5.7,6.2
2022-05,18.23,4.0,16.9,17.5,17.4,2.6,15.5,10.7,19.5,10.1,11.8,830.0,574.0,6.3,7.7
2022-06,22.78,5.0,20.4,21.5,14.2,4.7,18.1,13.2,13.7,11.9,13.0,833.0,574.0,7.0,8.3
2022-07,16.85,4.0,10.8,11.4,11.7,0.7,10.0,5.8,11.5,9.4,7.0,834.0,575.0,10.2,11.5
2022-08,17.55,4.0,11.4,11.0,11.6,3.4,10.1,7.6,11.7,12.5,8.7,838.0,578.0,3.9,4.8
2022-09,21.46,5.0,10.1,11.2,5.7,-1.9,8.5,8.0,9.6,11.0,8.6,839.0,578.0,0.7,2.3
2022-10,17.73,4.0,7.7,9.2,0.5,-5.4,6.0,6.1,8.8,7.9,6.7,842.0,579.0,-0.7,1.6
2022-11,19.17,4.0,5.7,6.0,1.0,-1.0,4.3,4.6,6.6,8.3,5.3,845.0,582.0,-10.1,-8.9
2022-12,23.8,5.0,7.0,6.2,4.7,2.5,5.5,6.4,10.9,9.1,7.3,847.0,583.0,-6.4,-5.4
2023-01,16.84,4.0,6.9,6.6,2.4,3.9,5.6,6.9,8.9,8.7,7.4,848.0,584.0,-15.4,-14.4
2023-02,17.06,4.0,4.7,3.4,1.2,6.5,3.5,3.5,7.3,11.5,5.0,848.0,584.0,-11.2,-10.3
2023-03,21.71,5.0,0.5,-1.5,-2.4,2.0,-1.1,0.9,7.4,7.6,2.6,850.0,585.0,-12.7,-11.6
2023-04,17.85,4.0,3.0,0.9,0.5,4.9,1.4,2.9,8.3,7.5,4.3,851.0,585.0,-5.9,-4.9
2023-05,18.45,4.0,1.2,-1.5,0.5,5.5,-0.3,1.7,7.9,6.4,3.3,853.0,587.0,-7.6,-7.0
2023-06,22.86,5.0,0.4,-2.5,-0.6,4.5,-1.4,2.0,6.5,5.1,3.0,855.0,587.0,-0.7,-0.4
2023-07,17.6,4.0,4.5,1.3,2.7,8.9,2.5,4.5,6.7,5.7,5.0,858.0,590.0,4.1,4.0
2023-08,18.42,4.0,5.0,2.8,3.0,7.3,3.4,3.2,7.5,5.4,4.1,861.0,591.0,-2.5,-2.2
2023-09,22.75,5.0,6.0,3.2,6.7,10.0,4.5,2.7,8.0,4.9,3.7,861.0,591.0,3.7,3.5
2023-10,18.53,4.0,4.5,1.1,8.5,8.2,3.0,2.2,9.5,4.1,3.4,862.0,592.0,3.7,3.1
2023-11,20.14,4.0,5.1,1.8,4.4,11.7,3.5,3.0,7.9,8.8,4.4,870.0,599.0,9.9,9.8
2023-12,26.15,5.0,9.9,7.3,12.8,10.5,8.5,7.4,11.9,8.1,8.1,871.0,600.0,17.7,17.4
2024-01,22.08,5.0,4.5,1.6,6.2,5.1,2.7,2.2,6.6,6.3,3.4,874.0,602.0,21.0,20.9
2024-02,18.21,4.0,6.9,3.4,8.4,10.2,5.0,4.1,8.3,11.3,5.6,875.0,603.0,16.2,16.0
2024-03,23.48,5.0,9.4,7.3,8.9,8.6,7.7,7.4,7.3,8.4,7.5,876.0,604.0,28.3,28.0
2024-04,19.8,4.0,7.1,5.8,5.2,5.1,5.6,5.2,5.9,7.0,5.5,876.0,604.0,14.6,14.8
2024-05,19.64,4.0,8.1,5.8,6.7,9.3,6.4,5.7,7.5,10.0,6.5,879.0,606.0,15.3,15.4
2024-06,24.48,5.0,7.4,5.6,5.2,4.3,5.3,6.3,8.4,8.7,6.9,882.0,609.0,18.4,19.1
2024-07,19.26,4.0,7.1,5.3,6.3,3.7,5.2,6.3,10.2,8.9,7.2,884.0,611.0,20.2,21.1
2024-08,19.83,4.0,7.1,4.7,4.5,7.5,5.0,6.7,5.8,10.8,7.1,890.0,614.0,22.9,23.3
2024-09,24.62,5.0,9.0,6.5,5.7,8.5,6.7,9.3,6.3,9.6,8.9,891.0,614.0,22.9,22.9
2024-10,20.03,4.0,7.2,4.1,8.0,7.1,5.1,5.8,8.7,8.4,6.5,892.0,615.0,19.3,19.3
2024-11,21.87,4.0,5.6,3.4,3.7,1.3,3.1,4.3,5.7,7.3,4.9,897.0,617.0,-3.1,-2.5
2024-12,27.52,5.0,9.9,9.3,4.3,1.0,7.4,9.8,10.3,9.8,9.9,897.0,617.0,34.4,35.7
2025-01,19.51,4.0,9.2,9.2,5.7,1.1,7.5,9.2,12.3,10.0,9.8,897.0,617.0,13.6,15.2
2025-02,19.81,4.0,8.8,8.6,3.2,-0.6,6.5,8.6,8.7,6.5,8.3,897.0,617.0,19.0,20.2
2025-03,25.51,5.0,8.6,7.5,4.1,2.9,6.4,8.7,10.6,9.9,9.1,903.0,623.0,16.2,17.5
2025-04,21.18,4.0,7.0,5.2,1.5,3.2,4.4,7.1,5.0,6.5,6.7,905.0,624.0,12.6,13.0
2025-05,20.97,4.0,6.8,4.1,3.3,6.6,4.3,5.5,6.3,8.4,6.0,905.0,624.0,11.6,12.0
2025-06,26.44,5.0,8.0,4.7,6.7,10.9,5.8,5.5,7.9,8.2,6.2,907.0,624.0,11.5,11.2
2025-07,20.89,4.0,8.5,5.5,7.6,9.5,6.4,6.5,9.1,7.5,7.0,910.0,626.0,15.1,14.9
2025-08,21.56,4.0,8.7,6.1,6.8,6.7,6.3,6.7,9.4,5.3,6.9,914.0,629.0,18.4,18.3
2025-09,26.58,5.0,8.0,5.1,6.3,8.5,5.7,5.0,9.3,7.5,6.0,914.0,629.0,26.1,26.3
2025-10,21.75,4.0,8.6,6.6,6.3,7.2,6.6,6.7,8.8,5.1,6.8,918.0,632.0,16.6,16.7
2025-11,23.64,4.0,8.1,6.0,6.9,11.4,6.9,5.8,8.3,8.0,6.4,921.0,633.0,16.6,16.3
2025-12,29.86,5.0,8.5,6.0,8.4,10.6,7.0,6.3,6.0,5.6,6.2,923.0,633.0,18.9,18.3
2026-01,21.33,4.0,9.3,5.8,11.4,9.5,7.1,6.8,8.2,2.7,6.4,924.0,634.0,34.4,33.1
2026-02,21.69,4.0,9.5,5.2,12.8,17.9,7.9,6.0,9.3,10.9,7.0,924.0,634.0,21.8,20.8
2026-03,28.41,5.0,11.3,8.7,10.7,11.9,9.4,6.2,5.4,6.6,6.2,928.0,637.0,23.3,22.5
2026-04,23.92,4.0,13.0,11.7,11.5,11.5,11.6,8.0,7.6,6.5,7.8,928.0,637.0,18.8,18.4
2026-05,24.01,4.0,14.5,13.7,9.2,9.7,12.5,8.7,5.3,6.9,8.0,931.0,639.0,21.1,20.9
2026-06,29.24,5.0,10.6,10.6,3.7,4.7,8.8,7.6,4.9,5.6,7.0,933.0,641.0,20.9,21.5
2026-07,23.12,4,10.7,10.3,4.2,6.0,8.9,6.9,4.9,6.6,6.6,933,641,17.7,18.2
