month,adt_hkdbn,mktcap_hkdtn,new_listings,ipo_funds_hkdbn,derivatives_adv_contracts,southbound_adt_hkdbn,trading_days_cash,vol_shares_mb_mn,vol_shares_gem_mn,trades_mb_total,trades_gem_total,adv_shares_mn,adt_trades
2019-01,88.374,32.0410,,,1091651,8.230,22,7444879,18536,33505249,279480,339246,1535670
2019-02,105.701,33.0446,,,1187330,14.404,17,6080456,9796,28900266,156696,358250,1709233
2019-03,110.576,33.8147,,,1288134,13.791,21,6872361,22474,35606347,269956,328325,1708395
2019-04,104.156,34.3444,,,1134971,13.165,19,4959649,15518,31027877,211747,261851,1644191
2019-05,97.405,31.0395,,,1308795,10.227,21,5527537,16811,34157699,211381,264017,1636623
2019-06,82.401,32.7266,,,1059958,8.274,19,4265490,21807,26194273,242812,225647,1391426
2019-07,68.741,32.0857,,,826436,7.429,22,5093514,17353,26964233,186047,232312,1234104
2019-08,86.393,29.9993,,,1201581,10.192,22,4282753,10451,32675948,127263,195146,1491055
2019-09,75.841,30.6427,,,940040,12.081,21,4051586,14132,27688649,165611,193606,1326393
2019-10,75.894,31.7912,,,961618,10.848,21,4317318,15474,26505047,202043,206323,1271766
2019-11,79.572,35.7094,,,946297,10.556,21,3804375,12459,27712160,178121,181754,1328109
2019-12,75.818,38.1650,,,901114,12.206,20,3307533,15208,24050973,187214,166137,1211909
2020-01,103.934,35.9725,,,1140540,16.365,20,4170280,16026,30446250,222483,209315,1533437
2020-02,115.123,36.2074,,,1216879,20.609,20,4781585,12751,34394390,193989,239717,1729419
2020-03,141.700,32.8019,,,1515474,25.883,22,3614457,13821,50218282,149444,164922,2289442
2020-04,100.497,35.0245,,,959729,18.074,19,3483373,11886,32489738,143605,183961,1717544
2020-05,114.713,33.9847,,,1038837,19.864,20,4020497,12691,35622144,141287,201659,1788172
2020-06,125.599,37.9057,,,1137040,20.204,21,4660376,20909,39562847,207335,222918,1893818
2020-07,165.103,40.5930,,,1402148,36.094,22,5161552,20012,52335380,247792,235526,2390144
2020-08,135.159,42.7468,,,1029435,24.705,21,5265697,19724,43973699,288489,251687,2107723
2020-09,122.660,41.6381,,,1019349,20.549,22,5800273,22408,40952806,285324,264667,1874460
2020-10,117.529,43.3028,,,982453,24.434,18,4614160,11880,33058011,208154,257002,1848120
2020-11,161.287,45.7398,,,1115724,29.946,21,4853219,17661,46582437,284521,231947,2231760
2020-12,140.849,47.5230,,,993595,28.561,22,4092373,17917,44376325,254104,186831,2028656
2021-01,245.709,50.6881,,,1513249,69.859,20,5445708,22458,61698305,410179,273408,3105424
2021-02,233.891,52.9415,,,1368061,71.371,18,4974374,17553,55154364,361957,277329,3084240
2021-03,198.460,52.0622,,,1354260,46.874,23,7019303,17812,63094499,317027,305962,2757023
2021-04,155.735,53.3538,,,1033942,31.990,19,5018719,14902,38392432,188395,264927,2030570
2021-05,153.147,53.3329,,,1006723,38.346,20,5135335,16151,42940274,237743,257574,2158901
2021-06,145.511,52.8404,,,950628,35.464,21,4806854,17366,43171983,200823,229725,2065372
2021-07,184.330,46.6397,,,1298820,48.153,21,5018600,22106,52848717,265941,240034,2529269
2021-08,159.342,46.7869,,,1151482,40.411,22,4800117,17981,51144890,251452,219004,2336197
2021-09,152.621,44.1854,,,1229219,37.546,21,4541625,14825,48335946,203860,216974,2311419
2021-10,130.399,45.2652,,,1057179,28.542,18,3867634,11867,36870376,163937,215528,2057462
2021-11,131.658,42.8809,,,1041032,26.799,22,6016905,14232,45905038,190395,274143,2095247
2021-12,117.757,42.3811,,,952213,28.778,22,5412204,14323,41572847,173199,246660,1897548
2022-01,128.585,42.1278,,,1140741,,21,5707851,17031,44563890,195606,272613,2131405
2022-02,130.378,40.8890,,,1195264,,17,5045056,7431,35774608,110364,297205,2110881
2022-03,174.847,38.9314,,,1634893,,23,6452228,12148,65004941,170828,281060,2833729
2022-04,116.710,37.6443,,,1264904,,18,3863015,12855,36448334,142735,215326,2032837
2022-05,119.418,37.8826,,,1218448,,20,4198119,11135,40834134,130935,210463,2048253
2022-06,150.675,39.0649,,,1335441,,21,5269964,22466,50966767,265925,252020,2439652
2022-07,108.558,35.8886,,,1105535,,20,4811011,8426,37237138,111386,240972,1867426
2022-08,92.392,35.5907,,,1091002,,23,4819161,7745,38235308,117792,209865,1667526
2022-09,92.872,30.8272,,,1151475,,21,4279941,9514,35722778,108151,204260,1706235
2022-10,104.595,26.3946,,,1490650,,20,4322886,8500,39221303,91806,216569,1965655
2022-11,140.358,33.3178,,,1578460,,22,4814987,20203,54854613,207390,219781,2502818
2022-12,135.471,35.6668,,,1371818,,20,3564425,13215,46517606,189095,178882,2335335
2023-01,139.960,38.9868,,,1394558,,18,3179997,12687,41636500,143415,177371,2321106
2023-02,118.381,35.8076,,,1331412,,20,3924039,9549,42558973,123982,196679,2134148
2023-03,126.528,36.9023,,,1513886,,23,5199279,12186,51397719,171232,226585,2242128
2023-04,108.857,35.8554,,,1327349,,17,3241275,9106,32865858,119207,191199,1940298
2023-05,101.042,32.7899,,,1350561,,21,4131220,9568,37799130,130512,197180,1806173
2023-06,99.768,33.8696,,,1271870,,21,4489460,9885,37524588,152685,214255,1794156
2023-07,102.298,36.0451,,,1366308,,20,4080349,7663,35356349,135202,204401,1774578
2023-08,101.809,33.1362,,,1396324,,23,4828975,13902,43188765,229095,210560,1887733
2023-09,90.274,32.1373,,,1239481,,19,3430140,7467,31652317,101109,180927,1671233
2023-10,78.789,30.7559,,,1300813,,20,3455477,6978,30916393,102200,173123,1550930
2023-11,95.551,31.1208,,,1354837,,22,4289034,9866,38923617,120954,195405,1774753
2023-12,98.561,31.0391,,,1374890,,19,4196934,8851,34754946,120743,221357,1835563
2024-01,96.670,28.1425,,2.177,1545291,,22,4879498,9705,41168554,142344,222236,1877768
2024-02,89.996,30.0972,,0.000,1483349,,19,3119748,4316,34140167,69940,164424,1800532
2024-03,111.205,30.2889,,2.621,1467651,,20,3418934,5591,41965069,80873,171226,2102297
2024-04,112.285,32.0890,,3.082,1563021,,20,3422633,5222,41444689,66967,171393,2075583
2024-05,139.816,32.8940,,1.717,1740903,,21,4056673,7107,50531905,90778,193513,2410604
2024-06,111.248,32.1360,9,3.765,1373089,,19,3872553,4876,37758803,85109,204075,1991785
2024-07,98.624,31.1327,10,4.591,1314989,,22,4802572,6131,39853887,89897,218577,1815627
2024-08,95.537,31.7701,3,1.862,1310717,,22,4876540,4741,38853663,60729,221876,1768836
2024-09,169.205,36.9216,2,35.767,1865893,,19,4753636,8027,48882380,68808,250614,2576378
2024-10,255.039,35.1820,9,14.464,2166261,,21,6427355,13135,78232910,160241,306690,3733007
2024-11,161.490,34.0316,7,9.026,1463042,,21,6095461,5696,54404684,83435,290531,2594672
2024-12,141.958,35.3195,10,8.903,1316591,,20,4240906,8332,46581403,115087,212462,2334824
2025-01,143.839,35.3508,8,5.982,1452108,,19,4402360,5747,43139405,92527,232006,2275365
2025-02,297.302,39.1131,2,2.030,2262801,,20,6235518,7920,81133755,105252,312172,4061950
2025-03,280.245,39.9527,7,10.641,1863690,,21,7152148,8307,81564709,114998,340974,3889510
2025-04,274.732,38.8441,2,2.891,1844392,,19,5222050,6930,73291060,88362,275209,3862075
2025-05,210.334,40.9328,10,57.648,1390986,,20,5865093,6374,61821021,91874,293573,3095645
2025-06,230.191,42.6844,15,30.209,1392646,,21,5886414,11852,74860616,137397,280870,3571334
2025-07,262.923,44.8832,9,19.858,1513853,144.420,22,6238554,13875,91923721,203784,284201,4187614
2025-08,279.098,46.5874,6,5.820,1588994,155.150,21,6179914,15544,91541883,235812,295022,4370366
2025-09,316.715,49.8535,10,53.186,1836887,157.929,22,7979746,12510,105417705,224247,363284,4801907
2025-10,274.917,48.1363,12,30.711,1837782,144.427,20,7237243,14630,83482210,305604,362594,4189391
2025-11,230.660,47.9979,12,41.832,1651257,97.918,20,7301002,9444,72211438,194202,365522,3620282
2025-12,186.011,47.3925,26,26.077,1340021,83.610,21,5814470,8448,64192256,156217,277282,3064213
2026-01,272.292,50.7658,13,42.298,1706438,121.254,21,8075934,11565,88168125,197481,385119,4207886
2026-02,246.769,49.8761,11,50.089,1733885,104.102,17,6177127,6823,63299183,117054,363762,3730367
2026-03,303.957,45.9412,16,18.004,2019362,135.334,22,8348404,7706,100195971,148085,379823,4561093
2026-04,253.505,48.0197,9,43.098,1651215,107.891,19,5503692,8120,76303431,136691,290095,4023164
2026-05,292.903,47.0786,13,14.431,1779588,133.665,19,6085587,6391,84705285,144744,320630,4465791
2026-06,319.076,43.3245,25,44.510,1925817,130.016,21,7370724,6310,100533281,121511,351287,4793085
2026-07,,,,115.784,1731267,129.216,22,7841063,4975,105172690,95392,356638,4784913
