month,cpt_all_usd,cpt_basis,order_size_stocks_shares,cpt_stocks_usd,order_size_options_contracts,cpt_options_usd,order_size_futures_contracts,cpt_futures_usd,fut_fee_pct
2016-02,3.78,client_order,1406.0,2.12,8.4,5.75,3.5,5.92,57.0
2016-03,3.89,client_order,1727.0,2.25,8.7,5.9,3.6,6.09,56.0
2016-04,3.8,client_order,1733.0,2.14,8.3,5.69,3.4,6.0,57.0
2016-05,3.81,client_order,1646.0,2.08,8.5,5.93,3.6,6.18,57.0
2016-06,4.11,client_order,1667.0,2.27,8.6,6.19,3.8,6.67,57.0
2016-07,4.03,client_order,1774.0,2.25,8.9,6.05,3.7,6.64,57.0
2016-08,3.77,client_order,1897.0,2.16,8.6,5.74,3.8,6.65,57.0
2016-09,3.93,client_order,1829.0,2.16,9.0,6.06,3.8,6.68,57.0
2016-10,3.91,client_order,2115.0,2.19,8.6,5.93,3.7,6.46,57.0
2016-11,4.06,client_order,1958.0,2.25,9.2,6.22,3.9,6.72,57.0
2016-12,4.01,client_order,2009.0,2.34,8.9,6.12,3.6,6.33,56.0
2017-01,3.9,client_order,2260.0,2.26,8.4,5.95,3.5,6.09,58.0
2017-02,3.95,client_order,2713.0,2.36,8.3,6.01,3.7,6.38,57.0
2017-03,4.12,client_order,2623.0,2.43,8.5,6.21,3.9,6.8,57.0
2017-04,4.04,client_order,2577.0,2.33,8.1,6.0,3.8,6.65,58.0
2017-05,3.92,client_order,2330.0,2.25,8.3,6.01,3.7,6.4,59.0
2017-06,4.03,client_order,2503.0,2.28,8.5,5.98,3.7,6.67,59.0
2017-07,3.95,client_order,2493.0,2.34,8.2,5.85,3.6,6.22,59.0
2017-08,3.9,client_order,2277.0,2.27,8.6,6.04,3.4,5.94,59.0
2017-09,4.01,client_order,2790.0,2.45,8.2,5.87,3.6,6.13,58.0
2017-10,3.81,client_order,2527.0,2.34,7.9,5.64,3.6,6.12,58.0
2017-11,3.95,client_order,2326.0,2.5,8.7,5.98,3.6,6.23,58.0
2017-12,4.0,client_order,2340.0,2.46,8.8,6.05,3.6,6.35,57.0
2018-01,4.02,client_order,2676.0,2.59,8.9,6.03,3.4,5.88,58.0
2018-02,4.05,client_order,2218.0,2.5,9.1,6.14,3.4,5.92,58.0
2018-03,4.05,client_order,2132.0,2.42,9.2,6.29,3.3,5.85,58.0
2018-04,3.88,client_order,1894.0,2.32,8.3,5.83,3.1,5.56,59.0
2018-05,3.84,client_order,2006.0,2.35,7.6,5.34,3.5,6.12,58.0
2018-06,3.84,client_order,2005.0,2.38,7.9,5.23,3.6,6.58,57.0
2018-07,3.76,client_order,1946.0,2.3,7.6,5.18,3.5,6.29,57.0
2018-08,3.77,client_order,1864.0,2.31,7.7,5.26,3.6,6.42,57.0
2018-09,3.79,client_order,1566.0,2.29,7.6,5.35,3.6,6.47,57.0
2018-10,3.79,client_order,1347.0,2.24,8.1,5.46,3.5,6.16,58.0
2018-11,3.81,client_order,1590.0,2.23,7.9,5.33,3.4,6.28,57.0
2018-12,3.75,client_order,1490.0,2.19,7.7,5.18,3.4,6.16,57.0
2019-01,3.57,client_order,1656.0,2.17,7.1,4.85,3.3,6.0,57.0
2019-02,3.63,client_order,1986.0,2.34,7.1,4.93,3.4,6.16,57.0
2019-03,3.82,client_order,2003.0,2.45,7.5,5.14,3.6,6.49,57.0
2019-04,3.65,client_order,1758.0,2.39,7.2,4.93,3.4,6.19,57.0
2019-05,3.69,client_order,1482.0,2.32,7.4,5.08,3.3,5.71,58.0
2019-06,3.72,client_order,1492.0,2.28,7.1,5.0,3.4,5.94,57.0
2019-07,3.61,client_order,1732.0,2.25,7.3,5.03,3.3,5.73,56.0
2019-08,3.68,client_order,1384.0,2.22,7.9,5.48,3.3,5.52,54.0
2019-09,3.79,client_order,1585.0,2.28,8.5,5.86,3.3,5.61,57.0
2019-10,3.56,client_order,1430.0,2.19,8.0,5.31,3.2,5.19,57.0
2019-11,3.57,commissionable_order,1572.0,2.32,7.9,5.15,3.3,5.6,56.0
2019-12,3.79,commissionable_order,1636.0,2.39,8.7,5.53,3.8,6.05,56.0
2020-01,3.67,commissionable_order,1599.0,2.4,8.1,5.23,3.3,5.5,57.0
2020-02,3.55,commissionable_order,1378.0,2.33,7.8,5.03,3.3,5.44,57.0
2020-03,2.97,commissionable_order,1106.0,2.19,7.7,4.38,2.7,4.27,57.0
2020-04,2.77,commissionable_order,972.0,1.98,7.4,4.41,2.6,3.97,59.0
2020-05,2.83,commissionable_order,1023.0,1.98,7.2,4.42,2.8,4.08,57.0
2020-06,2.83,commissionable_order,1139.0,2.03,7.5,4.4,2.8,4.06,57.0
2020-07,2.78,commissionable_order,1390.0,2.05,6.9,4.2,2.8,4.01,56.0
2020-08,2.74,commissionable_order,1344.0,1.94,6.9,4.21,2.8,4.21,57.0
2020-09,2.55,commissionable_order,1178.0,1.78,6.8,3.84,2.6,3.75,56.0
2020-10,2.49,commissionable_order,1237.0,1.75,6.5,3.84,2.6,3.67,56.0
2020-11,2.45,commissionable_order,1250.0,1.8,6.6,3.8,2.7,3.82,56.0
2020-12,2.42,commissionable_order,1970.0,1.79,6.5,3.68,2.9,4.25,56.0
2021-01,2.44,commissionable_order,2326.0,1.92,6.7,3.68,2.8,4.08,55.0
2021-02,2.3,commissionable_order,2830.0,1.81,6.7,3.55,2.9,4.29,56.0
2021-03,2.22,commissionable_order,1945.0,1.61,6.8,3.61,2.8,3.93,56.0
2021-04,2.39,commissionable_order,2130.0,1.64,6.3,3.73,2.9,4.23,56.0
2021-05,2.49,commissionable_order,2188.0,1.73,6.3,3.83,3.0,4.19,56.0
2021-06,2.26,commissionable_order,1714.0,1.56,6.4,3.52,3.1,4.54,57.0
2021-07,2.38,commissionable_order,1839.0,1.69,6.3,3.57,2.9,4.05,56.0
2021-08,2.39,commissionable_order,1962.0,1.68,6.3,3.46,3.0,4.31,55.0
2021-09,2.58,commissionable_order,2565.0,1.82,6.6,3.7,3.0,4.25,55.0
2021-11,2.27,commissionable_order,1204.0,1.62,6.3,3.1,3.1,4.41,56.0
2021-12,2.37,commissionable_order,1349.0,1.68,6.4,3.14,3.0,4.15,55.0
2022-01,2.47,commissionable_order,1191.0,1.7,6.2,3.41,2.9,3.84,55.0
2022-02,2.51,commissionable_order,1061.0,1.73,6.2,3.44,2.8,3.79,57.0
2022-03,2.68,commissionable_order,1258.0,1.99,6.7,3.68,2.7,3.74,56.0
2022-04,2.57,commissionable_order,1176.0,1.77,6.7,3.82,2.7,3.56,57.0
2022-05,2.66,commissionable_order,1043.0,1.9,6.4,3.68,2.7,3.49,57.0
2022-06,2.96,commissionable_order,1326.0,2.18,6.6,3.98,2.9,3.8,56.0
2022-07,2.97,commissionable_order,1389.0,2.14,6.6,4.13,2.8,3.65,57.0
2022-08,2.87,commissionable_order,1161.0,1.98,6.8,4.23,3.0,3.81,57.0
2022-09,3.05,commissionable_order,1192.0,2.02,6.7,4.44,3.0,3.79,57.0
2022-10,3.09,commissionable_order,1158.0,2.07,6.9,4.56,2.9,3.66,57.0
2022-11,3.19,commissionable_order,1415.0,2.23,7.1,4.56,3.0,3.89,57.0
2022-12,3.17,commissionable_order,1380.0,2.23,7.0,4.53,3.0,3.87,56.0
2023-01,3.11,commissionable_order,1205.0,2.23,7.0,4.47,2.9,3.73,56.0
2023-02,3.12,commissionable_order,1148.0,2.12,7.1,4.62,3.0,3.95,57.0
2023-03,3.21,commissionable_order,1148.0,2.11,7.2,4.64,3.2,4.21,57.0
2023-04,3.18,commissionable_order,1105.0,2.03,6.8,4.65,3.2,4.25,57.0
2023-05,3.08,commissionable_order,1013.0,1.95,6.6,4.43,3.3,4.36,57.0
2023-06,3.08,commissionable_order,962.0,1.91,6.6,4.43,3.3,4.38,57.0
2023-07,3.01,commissionable_order,1008.0,1.88,6.7,4.42,3.1,4.2,56.0
2023-08,3.09,commissionable_order,1047.0,1.94,6.7,4.49,3.1,4.04,56.0
2023-09,3.21,commissionable_order,1060.0,1.92,6.8,4.62,3.3,4.34,56.0
2023-10,3.16,commissionable_order,945.0,1.93,6.7,4.31,3.1,4.33,57.0
2023-11,3.21,commissionable_order,1150.0,2.04,6.7,4.28,3.3,4.8,56.0
2023-12,3.17,commissionable_order,1074.0,2.02,7.1,4.36,3.3,4.86,56.0
2024-01,3.03,commissionable_order,958.0,1.95,6.5,4.08,3.1,4.51,56.0
2024-02,2.85,commissionable_order,847.0,1.81,6.6,4.01,3.2,4.59,56.0
2024-03,2.89,commissionable_order,910.0,1.87,6.8,4.02,3.2,4.62,56.0
2024-04,3.0,commissionable_order,964.0,1.9,6.5,4.14,3.1,4.37,57.0
2024-05,3.01,commissionable_order,1131.0,2.12,6.6,4.04,3.2,4.61,57.0
2024-06,2.99,commissionable_order,910.0,1.99,6.9,4.28,3.2,4.61,57.0
2024-07,2.78,commissionable_order,763.0,1.86,6.6,4.02,3.0,4.21,57.0
2024-08,2.8,commissionable_order,766.0,1.95,6.3,3.88,3.0,4.19,58.0
2024-09,2.88,commissionable_order,1015.0,2.04,6.3,3.92,3.0,4.34,56.0
2024-10,2.86,commissionable_order,1138.0,2.05,6.7,4.05,3.0,4.49,55.0
2024-11,2.7,commissionable_order,785.0,1.91,6.8,3.96,3.1,4.46,56.0
2024-12,2.58,commissionable_order,862.0,1.84,6.6,3.82,3.1,4.56,57.0
2025-01,2.59,commissionable_order,745.0,1.87,6.1,3.71,2.9,4.07,57.0
2025-02,2.8,commissionable_order,932.0,2.11,6.4,3.87,3.0,4.41,56.0
2025-03,2.85,commissionable_order,959.0,2.17,6.4,3.89,2.8,3.9,57.0
2025-04,2.75,commissionable_order,844.0,2.16,6.4,3.63,2.8,3.75,57.0
2025-05,2.61,commissionable_order,808.0,1.94,6.3,3.61,3.1,3.87,58.0
2025-06,2.54,commissionable_order,941.0,1.86,6.1,3.59,2.9,4.04,58.0
2025-07,2.64,commissionable_order,999.0,2.01,6.6,3.77,3.0,4.14,57.0
2025-08,2.68,commissionable_order,969.0,2.0,6.6,3.81,3.1,4.28,57.0
2025-09,2.71,commissionable_order,1001.0,2.01,6.8,3.95,3.1,4.44,58.0
2025-10,2.63,commissionable_order,883.0,2.0,6.9,3.85,2.9,4.04,59.0
2025-11,2.62,commissionable_order,809.0,1.94,6.6,3.84,2.8,3.82,58.0
2025-12,2.57,commissionable_order,829.0,1.85,6.6,3.69,3.0,4.05,59.0
2026-01,2.62,commissionable_order,899.0,1.97,6.7,3.83,2.9,4.01,60.0
2026-02,2.61,commissionable_order,749.0,1.95,6.5,3.77,2.9,4.04,58.0
2026-03,2.74,commissionable_order,900.0,2.06,6.4,3.75,3.0,4.27,58.0
2026-04,2.7,commissionable_order,739.0,2.1,6.4,3.8,3.0,4.13,58.0
2026-05,2.6,commissionable_order,664.0,2.1,6.4,3.77,3.0,4.15,56.0
2026-06,2.52,commissionable_order,618.0,2.09,6.2,3.64,2.8,3.84,56.0
2026-07,2.56,commissionable_order,582.0,2.13,5.9,3.42,2.8,3.95,54.0
2026-08,2.52,commissionable_order,626.0,1.99,6.2,3.6,3.0,4.17,56.0
