month,trading_days_commod,trading_days_rates,trading_days_us_equities,adv_brent_kcontracts,adv_gasoil_kcontracts,adv_otheroil_kcontracts,adv_natgas_kcontracts,adv_power_kcontracts,adv_environmentals_kcontracts,adv_energy_kcontracts,adv_sugar_kcontracts,adv_otherags_metals_kcontracts,adv_ag_metals_kcontracts,adv_commodities_kcontracts,adv_stir_kcontracts,adv_mltir_kcontracts,adv_equity_index_kcontracts,adv_fx_credit_kcontracts,adv_financials_kcontracts,adv_futures_options_kcontracts,adv_single_stock_kcontracts,rpc_energy_usd,rpc_ag_metals_usd,rpc_commodities_usd,rpc_rates_usd,rpc_other_financials_usd,rpc_financials_usd,oi_energy_kcontracts,oi_ag_metals_kcontracts,oi_commodities_kcontracts,oi_rates_kcontracts,oi_other_financials_kcontracts,oi_financials_kcontracts,adv_nyse_equity_options_kcontracts,adv_us_equity_options_industry_kcontracts,share_nyse_equity_options,rpc_nyse_equity_options_usd,adv_nyse_tapeA_handled_mnsh,adv_nyse_tapeA_matched_mnsh,adv_tapeA_consolidated_mnsh,share_nyse_tapeA_matched,adv_nyse_tapeB_handled_mnsh,adv_nyse_tapeB_matched_mnsh,adv_tapeB_consolidated_mnsh,share_nyse_tapeB_matched,adv_nyse_tapeC_handled_mnsh,adv_nyse_tapeC_matched_mnsh,adv_tapeC_consolidated_mnsh,share_nyse_tapeC_matched,share_nyse_us_cash_matched,adv_nyse_us_cash_handled_mnsh,rpc_nyse_us_cash_usd_per100sh,cds_nonclient_notional_usdbn,cds_client_notional_usdbn,cds_total_notional_usdbn
2011-01,20,21,20,539,265,360,1343,34,26,2568,142,155,297,2865,2515,105,444,31,3095,5961,905,1.33,1.84,1.39,0.51,0.6,0.53,23548,3943,27491,24281,5988,30269,4350,17740,0.245,0.16,1740,1644,4849,0.339,332,298,1288,0.232,300,255,2044,0.125,0.269,2372,0.034,,,
2011-02,19,20,19,584,305,329,1168,46,29,2459,215,189,404,2864,2649,164,417,27,3256,6120,449,1.35,1.88,1.42,0.51,0.63,0.53,24103,3288,27390,31026,6253,37279,4524,17472,0.259,0.16,1635,1542,4463,0.345,317,284,1267,0.224,295,252,2096,0.12,0.265,2246,0.035,,,
2011-03,23,23,23,490,290,235,1241,34,39,2330,110,165,274,2605,2546,126,692,41,3405,6010,767,1.39,1.94,1.45,0.52,0.64,0.54,25250,3487,28737,28144,6035,34179,4368,16791,0.26,0.16,1632,1550,4410,0.351,383,344,1475,0.233,291,247,2020,0.122,0.271,2307,0.037,,,
2011-04,20,19,20,428,223,196,1203,37,24,2111,149,180,329,2440,1886,117,389,27,2418,4854,1856,1.39,2,1.47,0.52,0.62,0.53,26306,3040,29346,28544,6114,34657,4034,15705,0.257,0.16,1409,1330,3995,0.333,296,265,1154,0.229,277,234,1928,0.121,0.258,1982,0.039,,,
2011-05,21,22,21,537,234,247,1168,39,26,2251,114,152,266,2517,2216,170,471,44,2900,5415,3115,1.37,2.02,1.44,0.51,0.61,0.53,26751,3351,30102,30639,6315,36953,4015,16008,0.251,0.16,1445,1367,3851,0.355,352,317,1352,0.234,287,244,2034,0.12,0.266,2084,0.039,,,
2011-06,22,22,22,601,241,257,1262,52,42,2456,180,174,354,2810,2094,140,725,47,3006,5814,1283,1.35,2.06,1.44,0.5,0.59,0.52,27788,2923,30711,22902,6203,29105,4105,15570,0.264,0.16,1525,1450,3961,0.366,354,320,1347,0.237,274,233,2021,0.115,0.273,2153,0.039,,,
2011-07,20,21,20,455,214,205,1200,33,38,2145,130,138,268,2413,1811,152,510,35,2506,4893,764,1.36,2.06,1.44,0.49,0.6,0.51,28679,3301,31980,23700,6227,29926,4141,16039,0.258,0.16,1382,1310,3822,0.343,326,294,1273,0.231,285,246,1891,0.13,0.265,1993,0.039,,,
2011-08,23,23,23,544,289,251,1382,50,39,2556,122,159,282,2838,2484,204,852,32,3571,6377,493,1.32,2.06,1.41,0.47,0.55,0.49,30087,3305,33392,27083,6724,33807,5751,21824,0.264,0.15,2216,2107,5817,0.362,585,528,2248,0.235,387,342,2522,0.136,0.281,3189,0.039,,,
2011-09,21,22,21,615,294,237,1391,53,35,2627,158,161,319,2946,2447,173,852,52,3523,6442,1089,1.3,2.02,1.38,0.45,0.54,0.47,30869,3040,33909,23785,6539,30324,4588,17134,0.268,0.15,1761,1678,4622,0.363,477,432,1806,0.239,319,282,2089,0.135,0.281,2558,0.039,,,
2011-10,21,21,21,606,319,248,1514,40,36,2764,92,149,241,3005,1803,170,612,35,2619,5597,458,1.27,2.02,1.35,0.45,0.53,0.47,33579,3196,36775,22977,6431,29409,4678,17147,0.273,0.15,1726,1632,4810,0.339,454,410,1763,0.233,317,275,2092,0.132,0.268,2496,0.038,,,
2011-11,21,22,21,607,284,251,1568,45,46,2799,90,158,248,3048,2010,189,555,30,2783,5815,830,1.28,2.07,1.35,0.45,0.56,0.47,34851,2825,37676,23211,6468,29680,4244,15119,0.281,0.15,1466,1391,4083,0.341,368,333,1422,0.234,274,236,1857,0.127,0.266,2108,0.038,,,
2011-12,21,21,21,382,190,145,1349,46,35,2147,76,122,198,2345,1313,100,613,32,2057,4387,1156,1.27,2.1,1.33,0.47,0.56,0.49,35194,2850,38044,16926,5186,22111,3936,14224,0.277,0.15,1277,1212,3623,0.334,295,263,1170,0.224,222,189,1615,0.117,0.26,1794,0.04,,,
2012-01,20,22,20,576,290,208,2212,81,40,3408,129,144,272,3681,1782,139,417,26,2364,6025,505,1.22,2.19,1.3,0.47,0.57,0.49,39600,3218,42817,21344,5417,26762,4171,15668,0.266,0.14,1291,1217,4014,0.303,270,241,1112,0.216,251,214,1818,0.118,0.241,1812,0.041,,,
2012-02,20,21,20,636,276,244,1988,66,40,3249,170,187,358,3606,1453,215,439,32,2138,5728,335,1.19,2.33,1.29,0.47,0.56,0.49,41794,2907,44702,22413,5707,28119,4110,16165,0.254,0.14,1259,1185,3950,0.3,253,225,1121,0.201,257,217,1901,0.114,0.233,1769,0.042,,,
2012-03,22,22,22,575,252,198,1499,63,38,2626,135,166,301,2927,1786,161,663,37,2646,5553,1022,1.18,2.33,1.28,0.47,0.59,0.49,42571,3277,45848,20531,5624,26156,4105,15811,0.26,0.15,1273,1204,3841,0.313,263,234,1125,0.208,224,189,1680,0.113,0.245,1760,0.042,,,
2012-04,20,19,20,613,239,193,1430,61,35,2571,171,193,365,2936,1699,138,488,24,2349,5273,1494,1.2,2.36,1.32,0.48,0.57,0.5,45561,3155,48717,22926,5751,28677,3903,14772,0.264,0.15,1238,1170,3743,0.313,252,225,1092,0.206,228,192,1704,0.112,0.243,1717,0.043,,,
2012-05,22,23,22,665,254,207,1576,68,33,2804,120,156,276,3080,1963,197,514,35,2708,5774,1989,1.21,2.28,1.32,0.48,0.58,0.5,44444,3585,48028,25070,6220,31290,4204,15734,0.267,0.15,1334,1266,3971,0.319,290,260,1247,0.209,266,229,1905,0.12,0.246,1890,0.043,,,
2012-06,21,21,21,755,254,209,1506,60,36,2819,192,193,385,3204,1815,155,681,44,2694,5884,1645,1.22,2.35,1.34,0.48,0.56,0.5,44648,3099,47747,21100,5980,27080,3624,14183,0.256,0.15,1335,1277,3930,0.325,287,260,1211,0.215,230,200,1794,0.111,0.25,1852,0.043,,,
2012-07,21,22,21,663,268,198,1245,51,44,2470,141,143,284,2754,1705,132,391,24,2252,4997,804,1.24,2.26,1.35,0.47,0.58,0.5,44291,3289,47579,22359,6021,28380,3487,13459,0.259,0.15,1180,1124,3503,0.321,231,211,970,0.217,244,212,1650,0.128,0.252,1655,0.041,,,
2012-08,23,23,23,588,232,187,1248,55,33,2344,118,149,268,2611,1296,180,341,21,1837,4432,1052,1.24,2.27,1.36,0.47,0.59,0.49,43689,3380,47069,23988,6292,30279,3088,12439,0.248,0.15,1023,969,3067,0.316,196,178,819,0.218,227,196,1563,0.125,0.246,1447,0.039,,,
2012-09,19,20,19,699,289,223,1343,56,47,2656,167,142,309,2966,1870,165,630,34,2699,5655,485,1.26,2.2,1.36,0.47,0.61,0.5,42150,3219,45369,19952,6123,26075,4122,15863,0.26,0.14,1218,1160,3730,0.311,236,214,1043,0.205,214,185,1800,0.103,0.237,1669,0.039,,,
2012-10,23,23,21,615,298,210,1405,64,48,2641,100,161,261,2902,1403,148,371,20,1942,4835,797,1.25,2.21,1.35,0.47,0.62,0.5,42306,3318,45624,20969,6276,27245,4039,14190,0.285,0.14,1103,1052,3439,0.306,212,196,930,0.211,221,196,1749,0.112,0.236,1536,0.04,,,
2012-11,21,22,21,603,236,212,1181,72,60,2365,101,166,267,2631,1393,220,427,25,2064,4681,1597,1.3,2.22,1.39,0.47,0.62,0.5,40962,3128,44091,23367,6666,30033,4068,14488,0.281,0.14,1132,1086,3421,0.317,234,216,1009,0.214,219,196,1771,0.111,0.242,1585,0.04,,,
2012-12,20,19,20,459,167,174,1046,61,49,1956,92,130,222,2178,1486,126,594,33,2239,4408,997,1.32,2.25,1.41,0.47,0.62,0.51,39014,3050,42065,18801,5489,24290,3888,14275,0.272,0.14,1110,1068,3353,0.319,220,203,965,0.21,202,181,1694,0.107,0.242,1531,0.04,,,
2013-01,21,22,21,676,290,262,1325,62,45,2660,140,175,315,2976,2880,176,448,33,3537,6513,927,1.34,2.31,1.44,0.47,0.65,0.5,41047,3507,44555,25495,6202,31697,4584,15584,0.294,0.14,1122,1076,3622,0.297,216,198,950,0.208,216,192,1876,0.102,0.227,1554,0.04,630,20,650
2013-02,19,20,19,687,290,276,1153,67,57,2532,188,220,408,2940,2508,254,464,39,3264,6205,677,1.34,2.36,1.46,0.45,0.65,0.49,40764,3067,43831,27142,6691,33833,4346,15399,0.282,0.14,1123,1078,3670,0.294,229,212,1034,0.205,211,189,1894,0.1,0.224,1563,0.041,555,38,592
2013-03,20,20,20,720,265,239,1639,57,48,2968,124,166,290,3258,2323,156,701,45,3224,6483,743,1.28,2.35,1.4,0.44,0.64,0.47,41832,3315,45147,24358,6369,30727,3750,13952,0.269,0.14,1116,1077,3467,0.311,222,205,997,0.206,183,165,1705,0.097,0.234,1520,0.043,978,193,1171
2013-04,22,21,22,803,254,255,1527,66,48,2953,166,221,387,3340,1634,137,453,32,2256,5595,849,1.26,2.35,1.38,0.43,0.62,0.47,43578,3130,46708,26448,6248,32696,4298,15352,0.28,0.15,1105,1065,3529,0.302,263,242,1164,0.208,188,169,1690,0.1,0.231,1555,0.045,711,201,912
2013-05,22,23,22,670,266,244,1257,62,30,2528,113,163,276,2804,2214,233,433,43,2923,5727,730,1.22,2.29,1.33,0.43,0.63,0.47,43084,3464,46549,28356,6731,35087,4348,15982,0.272,0.15,1091,1051,3504,0.3,244,224,1100,0.204,192,170,1786,0.095,0.226,1527,0.047,702,362,1064
2013-06,20,20,20,610,289,258,1110,60,50,2377,230,215,445,2821,3079,200,814,60,4152,6974,488,1.26,2.35,1.4,0.43,0.62,0.47,41838,3032,44870,23921,6135,30056,4493,16345,0.275,0.15,1278,1236,3809,0.324,344,316,1488,0.212,190,171,1889,0.091,0.24,1813,0.047,782,605,1387
2013-07,22,23,22,654,260,298,975,47,30,2265,119,145,264,2528,1993,128,395,39,2555,5084,524,1.29,2.29,1.41,0.43,0.62,0.47,41459,3188,44646,24601,6396,30997,3562,13412,0.266,0.15,989,953,3117,0.306,228,210,1005,0.209,177,159,1635,0.097,0.23,1394,0.048,434,320,755
2013-08,22,22,22,663,235,251,982,44,21,2196,122,173,295,2491,1557,194,357,34,2142,4634,366,1.3,2.31,1.43,0.44,0.62,0.47,40981,3393,44374,24917,6349,31265,3347,13237,0.253,0.15,945,913,2971,0.307,231,213,1007,0.212,163,146,1509,0.097,0.232,1339,0.048,394,256,650
2013-09,20,21,20,715,279,250,1006,53,43,2347,225,137,363,2710,1889,149,618,37,2692,5402,243,1.3,2.27,1.42,0.45,0.65,0.49,39745,3353,43098,20943,6121,27064,3641,14292,0.255,0.15,1085,1051,3361,0.313,259,240,1063,0.226,171,151,1767,0.086,0.233,1514,0.048,625,584,1209
2013-10,23,23,23,637,270,253,1073,62,42,2337,137,166,303,2640,1612,131,424,20,2187,4828,336,1.29,2.32,1.41,0.46,0.63,0.49,39260,3512,42772,21518,6511,28029,3921,15684,0.25,0.15,1025,991,3371,0.294,246,228,1057,0.215,191,170,1886,0.09,0.22,1461,0.049,531,552,1083
2013-11,20,21,20,702,226,259,1115,56,44,2402,105,175,280,2682,1900,201,395,24,2520,5203,378,1.3,2.35,1.42,0.5,0.65,0.53,38425,3251,41676,24553,6768,31321,3749,14394,0.26,0.16,980,948,3210,0.295,218,203,914,0.222,187,167,1792,0.093,0.223,1385,0.049,383,352,735
2013-12,21,20,21,503,158,218,1397,42,37,2356,100,148,248,2604,1539,111,589,29,2268,4872,597,1.23,2.33,1.35,0.56,0.67,0.58,37136,3372,40508,18101,5287,23389,3377,13809,0.245,0.16,1006,977,3153,0.31,222,209,952,0.219,169,151,1772,0.085,0.227,1398,0.049,349,264,612
2014-01,21,22,21,661,245,261,1452,69,47,2735,152,185,337,3072,2055,151,462,26,2694,5767,268,1.24,2.31,1.35,0.61,0.71,0.63,38065,3841,41906,22719,5431,28150,3976,16745,0.237,0.16,1050,1019,3640,0.28,257,241,1160,0.208,212,190,2163,0.088,0.208,1518,0.049,477,546,1022
2014-02,19,20,19,601,231,251,1363,63,59,2568,263,254,518,3086,1850,236,544,23,2653,5739,366,1.25,2.27,1.38,0.62,0.71,0.64,36420,3590,40010,23554,5790,29344,4001,16168,0.247,0.16,1101,1073,3701,0.29,267,252,1223,0.206,219,199,2111,0.094,0.217,1587,0.048,429,469,898
2014-03,21,21,21,612,215,265,790,60,61,2002,153,183,336,2338,1721,171,718,31,2641,4980,717,1.36,2.26,1.48,0.61,0.71,0.63,35423,3832,39255,21833,5258,27091,3658,15316,0.239,0.16,1091,1065,3469,0.307,280,265,1222,0.217,224,204,2238,0.091,0.221,1596,0.047,687,880,1567
2014-04,21,20,21,616,198,249,721,62,40,1886,163,190,353,2240,1427,132,473,17,2049,4289,971,1.44,2.3,1.57,0.62,0.69,0.64,35155,3518,38673,22881,5464,28345,3737,15432,0.242,0.16,1069,1043,3438,0.303,244,230,1071,0.215,224,208,2121,0.098,0.223,1537,0.045,594,452,1045
2014-05,21,22,21,594,214,248,728,60,32,1875,115,156,270,2146,1729,195,471,20,2414,4560,968,1.49,2.33,1.61,0.63,0.7,0.65,34865,3654,38519,24856,5875,30730,3333,13527,0.246,0.16,952,929,3057,0.304,192,181,852,0.212,192,178,1877,0.095,0.223,1336,0.048,640,349,990
2014-06,21,21,21,720,212,277,778,47,32,2065,188,183,370,2435,1898,153,648,32,2731,5166,391,1.45,2.41,1.59,0.65,0.72,0.67,35087,3413,38500,21196,5874,27069,3258,13730,0.237,0.15,1037,1017,3093,0.329,201,191,851,0.224,188,175,1923,0.091,0.236,1426,0.049,506,428,934
2014-07,22,23,22,827,196,290,761,49,39,2162,117,147,264,2426,877,136,440,20,1474,3900,448,1.43,2.44,1.56,0.66,0.74,0.68,34434,3607,38042,20810,6169,26979,3592,14656,0.245,0.15,939,920,3052,0.301,204,193,875,0.221,193,181,1803,0.1,0.226,1336,0.051,502,506,1008
2014-08,21,21,21,658,201,266,731,44,23,1923,113,150,263,2186,1122,222,416,25,1784,3970,531,1.41,2.5,1.55,0.68,0.76,0.7,33511,3646,37157,21353,6298,27651,3088,13674,0.226,0.16,867,850,2787,0.305,204,193,873,0.222,168,158,1592,0.099,0.229,1239,0.048,406,552,957
2014-09,21,22,21,704,208,287,900,56,37,2193,209,157,366,2559,1532,177,802,50,2561,5120,275,1.41,2.52,1.55,0.67,0.77,0.7,34099,3485,37584,18137,6423,24560,3664,15886,0.231,0.16,1053,1033,3226,0.32,245,232,1005,0.231,203,188,1894,0.1,0.237,1502,0.049,505,670,1175
2014-10,23,23,23,817,228,303,965,52,32,2398,94,181,274,2672,1387,208,657,44,2296,4969,256,1.39,2.48,1.52,0.66,0.75,0.69,36054,3564,39618,17473,6295,23768,4326,18994,0.228,0.16,1298,1270,4099,0.31,383,364,1548,0.235,251,234,2183,0.107,0.239,1931,0.048,882,1384,2266
2014-11,19,20,19,772,234,307,1330,58,45,2745,104,171,274,3020,871,219,381,42,1513,4532,302,1.36,2.41,1.48,0.67,0.74,0.69,35473,3261,38734,17741,6329,24070,3033,14209,0.213,0.16,1061,1039,3374,0.308,271,258,1077,0.24,182,170,1739,0.098,0.237,1514,0.05,478,402,880
2014-12,22,21,22,671,165,287,957,53,34,2167,83,126,210,2377,870,142,702,53,1767,4143,362,1.37,2.36,1.46,0.67,0.77,0.7,34532,3308,37840,13042,4933,17975,3194,14460,0.221,0.16,1216,1192,3719,0.321,338,323,1389,0.232,188,176,1808,0.097,0.244,1743,0.051,474,492,965
2015-01,20,21,20,941,267,394,1256,59,44,2962,156,175,331,3293,1385,184,491,51,2111,5404,219,1.37,2.37,1.46,0.63,0.8,0.69,36913,3631,40545,15005,5070,20075,2942,16034,0.183,0.18,1220,1195,3890,0.307,367,349,1482,0.236,220,206,1942,0.106,0.239,1807,0.051,492,522,1014
2015-02,19,20,19,969,319,437,1151,68,42,2985,222,235,457,3442,1278,249,394,39,1960,5402,287,1.4,2.4,1.51,0.6,0.82,0.67,36241,3194,39435,16391,5264,21655,2726,14488,0.188,0.18,1145,1124,3639,0.309,306,290,1270,0.228,217,203,1889,0.108,0.238,1668,0.05,428,376,804
2015-03,22,22,22,786,231,350,858,62,40,2327,163,173,336,2663,1258,178,664,83,2183,4846,416,1.4,2.34,1.51,0.58,0.83,0.65,36019,3646,39666,14494,5140,19635,2505,14010,0.179,0.18,1180,1162,3523,0.33,301,285,1312,0.217,206,194,1879,0.103,0.244,1687,0.049,639,809,1448
2015-04,21,20,21,747,204,341,710,58,28,2088,213,199,412,2501,967,149,364,59,1538,4038,626,1.42,2.37,1.56,0.57,0.84,0.65,35906,3225,39131,15059,5188,20247,2631,14302,0.184,0.18,1101,1084,3449,0.314,268,254,1210,0.21,207,196,1789,0.109,0.238,1576,0.049,477,441,918
2015-05,20,21,20,708,239,316,841,64,28,2196,143,166,309,2504,1127,249,381,56,1813,4318,716,1.42,2.34,1.55,0.57,0.83,0.64,34602,3663,38265,15940,5329,21270,2478,13770,0.18,0.18,1061,1045,3288,0.318,250,237,1128,0.21,216,204,1806,0.113,0.239,1527,0.051,388,344,732
2015-06,22,22,22,726,243,297,825,58,31,2180,204,216,420,2600,1504,187,653,69,2413,5013,473,1.39,2.38,1.54,0.56,0.82,0.64,34961,3460,38421,14909,5035,19944,2521,13564,0.186,0.17,1198,1182,3409,0.347,272,259,1192,0.218,209,198,1887,0.105,0.253,1680,0.051,688,597,1285
2015-07,22,23,22,787,245,311,801,49,31,2225,135,152,287,2511,1032,156,383,43,1613,4124,243,1.37,2.37,1.5,0.56,0.82,0.63,34961,3667,38628,15932,5193,21125,3083,15461,0.199,0.16,1128,1111,3558,0.312,291,278,1333,0.209,224,214,1853,0.116,0.238,1644,0.052,413,515,928
2015-08,21,21,21,824,257,361,810,45,22,2320,143,218,361,2681,932,218,526,57,1734,4415,306,1.35,2.36,1.49,0.55,0.81,0.63,34302,3621,37924,16875,5513,22389,3610,17791,0.203,0.15,1341,1322,4051,0.326,404,384,1806,0.212,255,244,2072,0.118,0.246,1999,0.051,320,499,819
2015-09,21,22,21,726,250,330,822,60,41,2228,248,166,414,2642,1158,173,789,53,2173,4815,219,1.37,2.36,1.5,0.54,0.84,0.64,33898,3723,37620,16381,5561,21943,3065,14855,0.206,0.14,1344,1328,3842,0.346,337,320,1537,0.208,220,210,1982,0.106,0.252,1900,0.05,527,827,1355
2015-10,22,22,22,735,281,322,1013,61,31,2444,161,199,360,2804,1343,162,436,33,1974,4778,173,1.36,2.28,1.49,0.54,0.84,0.64,35430,3965,39395,19391,5584,24975,3022,14733,0.205,0.13,1273,1257,3924,0.32,310,297,1305,0.227,220,210,1930,0.109,0.246,1803,0.049,523,686,1209
2015-11,20,21,20,751,258,347,963,64,40,2423,163,218,382,2805,1634,226,410,35,2304,5109,225,1.37,2.28,1.5,0.53,0.86,0.62,33941,3869,37810,22648,5706,28354,3121,14693,0.212,0.14,1194,1176,3817,0.308,275,264,1178,0.224,211,200,1847,0.108,0.24,1679,0.05,354,459,813
2015-12,22,22,22,731,239,298,971,54,41,2334,104,145,249,2583,1361,145,697,47,2250,4833,221,1.37,2.25,1.47,0.53,0.86,0.61,32329,3878,36207,19143,4692,23834,2711,13905,0.195,0.14,1241,1225,3826,0.32,344,330,1499,0.22,198,188,1849,0.102,0.243,1783,0.052,288,433,720
2016-01,19,20,19,1229,308,433,1039,65,54,3128,222,244,465,3593,1797,194,638,39,2668,6262,487,1.4,2.28,1.5,0.5,0.82,0.59,33198,4413,37611,21140,5232,26372,3490,17177,0.203,0.14,1566,1547,4879,0.317,476,456,2074,0.22,269,257,2366,0.109,0.243,2312,0.053,404,656,1060
2016-02,20,21,20,988,267,424,1053,73,49,2855,240,280,519,3374,1816,295,545,33,2689,6063,375,1.4,2.32,1.51,0.49,0.8,0.57,34144,3692,37837,22314,5463,27777,2771,14834,0.187,0.15,1512,1493,4671,0.32,455,437,1971,0.221,242,231,2159,0.107,0.245,2209,0.049,424,753,1177
2016-03,22,21,22,822,240,356,885,64,32,2400,166,195,361,2761,1383,181,744,35,2342,5104,199,1.4,2.29,1.53,0.48,0.82,0.57,33819,4037,37856,19293,5395,24689,2819,14046,0.201,0.15,1379,1361,4229,0.322,396,383,1612,0.238,188,177,1855,0.096,0.25,1963,0.047,551,925,1476
2016-04,21,21,21,952,268,354,884,73,39,2569,212,264,477,3046,953,174,417,26,1571,4617,355,1.42,2.3,1.55,0.47,0.83,0.57,33861,3714,37574,19370,5568,24937,2692,14315,0.188,0.15,1261,1247,3878,0.322,355,343,1421,0.241,190,181,1813,0.1,0.249,1806,0.046,380,521,901
2016-05,21,22,21,819,266,332,779,73,32,2301,166,227,393,2694,943,260,432,23,1658,4353,378,1.44,2.25,1.56,0.48,0.87,0.6,33763,4157,37920,19871,5765,25636,2537,13271,0.191,0.14,1238,1227,3771,0.325,356,345,1418,0.243,196,187,1850,0.101,0.25,1790,0.046,252,360,612
2016-06,22,22,22,786,232,326,840,60,44,2287,240,253,493,2780,1692,173,795,40,2701,5481,310,1.43,2.32,1.58,0.48,0.86,0.59,34031,3726,37757,16773,5491,22264,2716,14649,0.185,0.15,1382,1369,3988,0.343,417,406,1635,0.248,200,190,2014,0.094,0.257,1999,0.046,479,649,1128
2016-07,20,21,20,855,292,345,715,56,36,2300,122,207,329,2629,1172,163,418,23,1775,4404,159,1.42,2.27,1.55,0.48,0.87,0.59,33433,4029,37462,17943,5588,23531,2323,13739,0.169,0.15,1127,1116,3486,0.32,328,318,1328,0.239,181,173,1806,0.096,0.243,1636,0.045,253,448,701
2016-08,23,23,23,767,233,332,761,48,22,2163,112,209,322,2485,1054,224,359,21,1658,4143,80,1.4,2.26,1.52,0.45,0.86,0.56,33273,3804,37077,17650,5899,23549,2324,12572,0.185,0.14,1031,1021,3288,0.311,284,275,1153,0.239,153,146,1685,0.086,0.235,1468,0.047,220,319,540
2016-09,21,22,21,911,279,396,849,53,35,2523,228,202,430,2954,1362,188,796,36,2382,5336,140,1.39,2.22,1.5,0.4,0.86,0.53,33313,3882,37195,14999,5645,20644,2818,15192,0.186,0.14,1214,1204,3668,0.328,380,368,1498,0.246,167,158,1912,0.083,0.245,1761,0.048,537,872,1409
2016-10,21,21,21,834,257,406,1035,55,39,2625,112,218,329,2955,1943,225,419,28,2615,5570,158,1.36,2.24,1.47,0.38,0.85,0.49,33029,4086,37115,17678,6068,23746,2480,13292,0.187,0.14,1096,1085,3478,0.312,301,292,1244,0.235,143,136,1653,0.082,0.237,1540,0.05,347,476,823
2016-11,21,22,21,1055,302,482,1006,67,50,2962,130,255,385,3347,1527,287,528,46,2389,5736,123,1.36,2.25,1.47,0.36,0.83,0.48,33453,3860,37313,18635,6196,24831,3297,16189,0.204,0.13,1315,1301,4221,0.308,402,389,1710,0.227,170,162,1998,0.081,0.234,1887,0.051,407,587,994
2016-12,21,21,21,840,232,399,942,65,39,2516,113,187,300,2816,1147,142,715,53,2057,4873,256,1.35,2.21,1.45,0.36,0.84,0.48,32096,3921,36017,13943,5470,19413,2456,13844,0.177,0.14,1153,1143,3602,0.317,335,325,1462,0.222,148,140,1840,0.076,0.233,1636,0.054,300,400,700
2017-01,20,21,20,989,285,439,1042,62,38,2855,161,203,364,3219,1761,170,392,48,2372,5591,400,1.37,2.24,1.47,0.35,0.86,0.48,33508,4237,37744,17484,5884,23369,2149,14588,0.147,0.15,1104,1094,3538,0.309,334,324,1419,0.228,145,137,1806,0.076,0.23,1583,0.055,210,379,589
2017-02,19,20,19,999,269,439,1152,68,32,2958,212,271,482,3440,1658,286,363,40,2346,5787,235,1.35,2.29,1.46,0.35,0.89,0.48,34679,3595,38275,19994,6155,26149,2114,14956,0.141,0.17,1124,1113,3653,0.305,300,291,1289,0.226,151,141,1937,0.073,0.225,1574,0.054,254,469,724
2017-03,23,23,23,1023,281,450,867,52,32,2706,154,194,348,3053,2633,191,712,46,3584,6637,230,1.35,2.29,1.47,0.34,0.93,0.45,35732,3931,39663,21585,5918,27502,2241,14333,0.156,0.18,1152,1141,3564,0.32,333,323,1430,0.226,137,128,1916,0.067,0.23,1622,0.052,565,1105,1669
2017-04,19,18,19,1052,252,459,949,62,31,2804,207,283,490,3294,1975,150,390,28,2544,5838,578,1.33,2.32,1.47,0.34,0.94,0.45,36230,3593,39823,23636,6021,29657,2053,14188,0.145,0.17,1081,1071,3451,0.31,324,315,1335,0.236,134,126,1784,0.071,0.23,1538,0.051,278,527,805
2017-05,22,23,22,1189,327,451,906,59,33,2965,142,205,347,3313,1548,240,388,31,2206,5519,534,1.34,2.27,1.45,0.35,0.92,0.46,36191,3847,40038,24846,6592,31437,2223,14877,0.149,0.17,1129,1118,3636,0.308,296,288,1181,0.244,148,139,1928,0.072,0.229,1573,0.051,329,530,859
2017-06,22,22,22,1216,310,432,866,52,27,2903,191,252,443,3346,2761,191,756,36,3743,7089,621,1.31,2.32,1.44,0.36,0.94,0.47,35887,3359,39246,22085,6058,28143,2549,15287,0.167,0.16,1262,1252,3732,0.336,328,320,1261,0.253,169,156,2287,0.068,0.237,1759,0.051,289,631,920
2017-07,20,21,20,968,352,407,769,44,29,2569,124,178,302,2871,1541,156,301,26,2024,4895,260,1.31,2.31,1.43,0.36,0.96,0.47,35107,3447,38554,22246,6127,28372,2280,13837,0.165,0.15,1003,995,3175,0.313,259,252,1037,0.243,137,129,1812,0.071,0.228,1399,0.051,204,439,643
2017-08,23,23,23,995,303,456,692,43,28,2517,127,203,330,2846,1229,234,316,28,1807,4653,339,1.32,2.32,1.44,0.37,1,0.49,34788,3437,38224,23754,6427,30181,2365,14315,0.165,0.14,966,958,3085,0.311,259,252,1042,0.242,139,130,1799,0.072,0.226,1364,0.051,319,612,931
2017-09,20,21,20,1063,365,474,837,54,50,2842,197,189,385,3228,2292,207,696,45,3241,6468,230,1.38,2.32,1.49,0.4,1.09,0.53,35262,3291,38553,21913,5619,27531,2396,14108,0.17,0.14,1079,1071,3337,0.321,252,245,1009,0.243,145,137,1918,0.071,0.232,1476,0.051,491,1239,1730
2017-10,22,22,22,990,311,382,840,53,43,2620,102,207,309,2929,1637,177,222,24,2060,4989,505,1.4,2.29,1.5,0.4,1.11,0.53,34979,3435,38414,23648,5777,29425,2638,14849,0.178,0.14,983,975,3241,0.301,241,234,985,0.238,142,134,1892,0.071,0.22,1366,0.05,396,706,1102
2017-11,21,22,21,1086,289,444,920,67,47,2852,125,259,384,3236,1579,254,289,23,2144,5380,264,1.42,2.3,1.52,0.4,1.1,0.52,35737,3207,38944,25032,5930,30962,2823,16210,0.174,0.13,1079,1070,3509,0.305,264,257,1087,0.236,152,144,2004,0.072,0.223,1495,0.051,331,694,1025
2017-12,20,20,20,835,231,346,946,67,42,2468,122,203,325,2792,1551,152,591,31,2326,5118,393,1.41,2.26,1.51,0.38,1.05,0.5,33906,3391,37297,19226,4799,24025,2605,14751,0.177,0.13,1075,1067,3315,0.322,285,277,1193,0.232,144,137,1939,0.071,0.229,1498,0.051,197,319,516
2018-01,21,22,21,962,340,463,1164,52,42,3023,193,233,426,3449,2284,185,280,31,2780,6229,243,1.36,2.31,1.48,0.38,1.04,0.49,34926,4008,38933,24352,5204,29557,3515,19602,0.179,0.13,1113,1105,3690,0.299,317,308,1361,0.226,161,151,2128,0.071,0.218,1591,0.053,253,660,913
2018-02,19,20,19,1092,401,491,987,61,48,3079,228,303,531,3611,2339,331,392,32,3094,6704,213,1.34,2.35,1.47,0.39,1.05,0.49,34459,3440,37898,26311,5240,31551,3893,20948,0.186,0.13,1291,1280,4215,0.304,463,449,1859,0.241,183,174,2320,0.075,0.227,1937,0.052,434,1235,1669
2018-03,21,21,21,1031,333,416,710,45,58,2594,170,243,413,3006,1985,214,646,36,2880,5887,304,1.33,2.33,1.46,0.39,1.03,0.49,34711,3997,38708,22970,5159,28129,3199,18315,0.175,0.13,1191,1182,3673,0.322,335,324,1402,0.231,171,160,2323,0.069,0.225,1698,0.053,576,1585,2161
2018-04,21,20,21,1108,342,440,706,56,51,2703,236,287,523,3226,1732,206,260,26,2224,5450,1589,1.37,2.37,1.52,0.39,1.03,0.5,35727,3849,39576,23849,5299,29148,3001,16961,0.177,0.13,1027,1018,3355,0.303,298,288,1235,0.233,153,144,2059,0.07,0.218,1477,0.053,370,779,1149
2018-05,22,23,22,1189,333,488,718,53,53,2834,179,229,409,3243,2614,343,315,31,3303,6545,685,1.41,2.37,1.55,0.4,1.05,0.5,36697,4237,40934,25759,5734,31493,3162,16644,0.19,0.13,1052,1044,3463,0.301,279,271,1133,0.239,176,167,2081,0.08,0.222,1508,0.053,380,942,1322
2018-06,21,21,21,1132,315,469,671,47,48,2683,222,291,513,3195,2246,207,625,34,3112,6307,676,1.43,2.42,1.57,0.39,1.06,0.49,36349,3690,40039,23763,5065,28828,3119,17289,0.18,0.13,1251,1242,3740,0.332,317,309,1260,0.245,203,193,2314,0.084,0.238,1771,0.053,371,913,1284
2018-07,21,22,21,1003,258,407,573,44,40,2326,128,196,324,2650,1399,176,228,23,1826,4476,354,1.45,2.39,1.57,0.39,1.08,0.49,35581,4034,39614,24648,5080,29729,2889,15867,0.182,0.13,933,925,3096,0.299,292,286,1131,0.253,185,175,1857,0.094,0.228,1410,0.05,263,618,880
2018-08,23,23,23,796,274,362,694,43,46,2215,156,246,402,2617,1617,331,224,24,2196,4814,226,1.44,2.35,1.57,0.38,1.08,0.49,36239,4034,40273,26502,5165,31667,3136,16696,0.188,0.12,913,905,3030,0.298,299,292,1113,0.263,223,207,2010,0.103,0.228,1435,0.048,227,596,823
2018-09,19,20,19,1010,361,443,942,57,79,2893,266,191,457,3349,2150,238,641,36,3065,6414,179,1.44,2.34,1.57,0.38,1.12,0.5,36312,3856,40168,23881,4720,28601,3188,16977,0.188,0.12,1128,1119,3334,0.336,335,327,1215,0.27,253,237,2368,0.1,0.243,1717,0.048,487,1379,1866
2018-10,23,23,23,1051,366,452,983,53,79,2983,196,255,451,3434,2522,268,342,26,3158,6592,540,1.41,2.3,1.54,0.37,1.07,0.48,36811,3921,40732,27405,5071,32476,4068,21403,0.19,0.12,1255,1244,4003,0.311,501,489,1832,0.267,308,291,2692,0.108,0.237,2064,0.047,424,1253,1677
2018-11,21,22,21,1174,389,530,1146,50,76,3364,138,250,388,3751,2137,367,339,30,2872,6623,344,1.39,2.3,1.5,0.37,1.05,0.47,37199,3581,40780,30776,5589,36365,3707,18278,0.203,0.12,1211,1200,3850,0.312,420,410,1561,0.263,268,254,2331,0.109,0.241,1899,0.048,366,1016,1382
2018-12,20,20,19,850,238,395,738,44,54,2319,101,186,287,2606,1840,179,682,35,2736,5342,172,1.38,2.24,1.48,0.37,1.02,0.48,35018,3643,38661,24424,4638,29061,3796,19836,0.191,0.12,1491,1481,4443,0.333,595,580,2227,0.261,301,285,2596,0.11,0.253,2387,0.048,426,835,1261
2019-01,21,22,21,947,311,447,900,53,60,2718,202,218,419,3137,1854,197,313,29,2393,5530,110,1.39,2.26,1.49,0.38,1.01,0.49,35669,4046,39715,26257,5174,31431,3465,17868,0.194,0.12,1214,1202,3861,0.311,406,396,1561,0.254,274,261,2362,0.11,0.239,1895,0.049,380,930,1311
2019-02,19,20,19,910,300,419,770,50,73,2521,223,299,521,3042,1759,333,295,24,2411,5453,124,1.44,2.28,1.56,0.38,1.04,0.5,35229,3517,38746,28403,5365,33768,3221,16652,0.193,0.12,1163,1150,3729,0.308,340,331,1270,0.261,259,245,2246,0.109,0.238,1762,0.048,239,686,925
2019-03,21,21,21,911,308,442,660,38,56,2414,186,226,412,2826,2334,215,620,34,3203,6029,271,1.47,2.25,1.59,0.38,1.07,0.49,35825,3957,39782,25376,4974,30350,3297,17409,0.189,0.12,1294,1280,3786,0.338,414,407,1412,0.288,280,265,2364,0.112,0.258,1989,0.045,546,1608,2154
2019-04,21,20,21,1011,293,461,680,48,61,2553,240,311,551,3104,1590,179,232,20,2020,5124,685,1.51,2.27,1.64,0.37,1.13,0.49,36063,3574,39637,26478,5160,31638,3015,16421,0.184,0.12,1048,1037,3347,0.31,344,337,1190,0.283,249,236,2076,0.114,0.243,1641,0.042,313,611,924
2019-05,22,23,22,1122,396,498,662,50,45,2773,178,248,426,3199,1539,258,304,19,2121,5319,276,1.51,2.23,1.62,0.36,1.11,0.49,36865,4108,40973,27644,5221,32865,3431,18450,0.186,0.12,1109,1096,3522,0.311,385,376,1376,0.273,253,240,2176,0.11,0.242,1746,0.042,356,873,1230
2019-06,20,20,20,1111,292,490,763,46,52,2755,236,286,522,3277,2156,187,626,39,3009,6285,92,1.5,2.31,1.62,0.36,1.25,0.51,37030,3517,40547,24451,4750,29201,3041,17043,0.178,0.12,1204,1192,3592,0.332,366,356,1342,0.265,247,234,2251,0.104,0.248,1816,0.046,329,766,1096
2019-07,22,23,22,1004,269,471,697,56,51,2550,141,206,347,2896,1836,181,256,24,2297,5194,61,1.51,2.3,1.62,0.37,1.25,0.51,36997,3902,40899,27181,5176,32358,2810,16256,0.173,0.12,949,938,3219,0.291,283,276,1106,0.249,197,183,1949,0.094,0.223,1429,0.05,246,562,808
2019-08,22,22,22,1008,289,474,740,43,46,2600,144,243,387,2987,1894,296,355,25,2570,5557,116,1.5,2.31,1.61,0.37,1.29,0.52,37276,3964,41240,28793,5191,33984,3296,19035,0.173,0.12,1122,1109,3655,0.303,418,408,1562,0.2614,223,210,2107,0.1,0.236,1763,0.051,328,981,1310
2019-09,20,21,20,1204,396,532,938,43,62,3174,294,223,517,3691,2214,212,663,35,3125,6816,104,1.5,2.27,1.6,0.38,1.22,0.52,37621,3873,41494,29764,4976,34740,3083,18035,0.171,0.12,1225,1213,3724,0.326,378,371,1432,0.259,214,202,2087,0.097,0.247,1818,0.049,544,1627,2171
2019-10,23,23,23,872,359,468,941,46,55,2742,122,255,377,3118,1736,212,297,27,2272,5390,304,1.45,2.21,1.55,0.39,1.21,0.53,38120,4082,42202,31653,5196,36849,3090,17520,0.176,0.12,1063,1051,3385,0.311,356,349,1262,0.277,212,201,1923,0.104,0.244,1630,0.044,421,903,1324
2019-11,20,21,20,894,335,474,890,41,54,2687,152,308,459,3146,1380,286,271,22,1959,5106,197,1.46,2.21,1.56,0.4,1.21,0.54,38266,3864,42130,32200,5413,37613,3168,17894,0.177,0.12,1146,1134,3634,0.312,315,309,1157,0.267,220,208,2091,0.1,0.24,1682,0.044,288,475,763
2019-12,21,21,21,772,270,493,765,36,52,2388,143,253,397,2785,1336,158,668,32,2194,4979,101,1.46,2.17,1.55,0.39,1.26,0.57,37434,3836,41269,24681,4687,29369,3144,17800,0.177,0.11,1181,1170,3469,0.337,336,330,1215,0.272,219,205,2205,0.093,0.247,1736,0.046,274,451,725
2020-01,21,22,21,1184,473,738,1013,47,59,3514,290,255,545,4059,2406,212,334,26,2977,7037,55,1.49,2.22,1.6,0.39,1.28,0.55,39805,4597,44402,29218,5047,34265,3969,22465,0.177,0.11,1199,1188,3695,0.321,388,381,1435,0.266,255,240,2513,0.095,0.237,1842,0.048,371,807,1178
2020-02,19,20,19,1416,454,858,1040,45,59,3872,322,333,655,4527,2223,355,446,31,3055,7582,112,1.47,2.27,1.59,0.39,1.25,0.54,41834,4168,46001,31105,5274,36378,4985,26738,0.186,0.11,1478,1463,4454,0.329,555,545,1977,0.276,333,320,2839,0.113,0.251,2367,0.047,423,1237,1660
2020-03,22,22,22,1702,438,929,1184,41,104,4399,274,297,571,4971,3105,268,1011,53,4437,9408,212,1.45,2.29,1.56,0.39,1.23,0.54,44375,4239,48614,21625,5041,26666,5098,26852,0.19,0.1,2403,2379,7385,0.322,995,971,3854,0.252,504,485,4426,0.11,0.245,3903,0.049,1033,3188,4221
2020-04,21,20,21,1332,372,715,1166,52,68,3704,227,208,435,4139,1591,171,315,25,2103,6242,31,1.43,2.34,1.54,0.39,1.24,0.56,44563,3750,48312,22900,4913,27813,3405,24563,0.139,0.1,1729,1711,5894,0.29,644,629,2693,0.234,413,398,3773,0.105,0.222,2785,0.049,499,1055,1554
2020-05,20,21,20,895,299,589,975,46,52,2857,174,174,348,3205,1339,266,278,27,1911,5116,59,1.43,2.31,1.53,0.39,1.28,0.57,44001,4011,48012,24248,4898,29146,4612,25581,0.18,0.09,1567,1552,5365,0.289,474,465,1902,0.244,455,438,4062,0.108,0.217,2496,0.049,371,662,1033
2020-06,22,22,22,861,284,594,818,38,57,2652,206,229,434,3086,1338,192,628,33,2190,5276,71,1.42,2.33,1.53,0.37,1.33,0.58,44044,3514,47559,21113,4610,25723,5631,29595,0.19,0.07,1909,1891,6033,0.313,547,536,2216,0.242,580,554,5129,0.108,0.223,3035,0.046,423,952,1375
2020-07,22,23,22,730,237,542,717,38,60,2323,130,190,320,2643,1094,170,249,33,1545,4188,47,1.42,2.26,1.52,0.36,1.33,0.57,42989,3639,46628,22413,4780,27194,5162,26469,0.195,0.07,1291,1277,4409,0.29,459,450,1810,0.249,472,452,4322,0.105,0.207,2222,0.042,300,495,795
2020-08,21,21,21,675,271,560,900,39,40,2484,142,229,371,2854,1201,273,220,37,1731,4586,52,1.4,2.27,1.52,0.36,1.32,0.57,42054,3731,45785,23567,4968,28535,5098,27733,0.184,0.06,1138,1126,3934,0.286,393,386,1540,0.251,412,397,3764,0.105,0.207,1943,0.041,205,401,605
2020-09,21,22,21,840,349,599,943,40,67,2838,221,219,441,3279,1917,213,630,50,2810,6089,81,1.4,2.23,1.51,0.38,1.32,0.56,41358,3607,44965,24073,5036,29109,5732,30131,0.19,0.06,1404,1391,4407,0.316,445,438,1708,0.257,435,419,3937,0.107,0.224,2284,0.038,565,1615,2180
2020-10,22,22,22,855,297,517,920,41,66,2696,149,219,369,3064,1333,231,255,35,1854,4918,54,1.42,2.21,1.52,0.4,1.32,0.57,41433,3775,45208,25672,5233,30905,5138,27180,0.189,0.07,1179,1167,4091,0.285,375,368,1472,0.25,400,384,3560,0.108,0.21,1954,0.038,451,897,1349
2020-11,20,21,20,1012,326,606,871,45,80,2941,137,261,397,3338,1404,317,359,38,2118,5456,104,1.47,2.21,1.56,0.41,1.32,0.58,41700,3641,45341,27310,5497,32806,6223,32009,0.194,0.07,1462,1447,5070,0.285,436,427,1686,0.253,531,507,4566,0.111,0.21,2429,0.04,376,784,1160
2020-12,22,22,22,763,236,508,856,38,65,2465,98,173,271,2736,1320,194,621,40,2174,4910,88,1.52,2.18,1.6,0.41,1.33,0.61,40073,3608,43680,22637,4898,27535,6103,32711,0.187,0.08,1339,1327,4400,0.302,367,360,1508,0.239,568,539,5135,0.105,0.202,2274,0.042,264,521,785
2021-01,19,20,19,1137,339,708,1038,45,57,3325,180,224,404,3728,1583,214,350,40,2187,5915,64,1.54,2.19,1.61,0.4,1.37,0.62,41395,4058,45453,25816,5237,31053,8236,42117,0.196,0.07,1634,1614,5594,0.289,591,575,2636,0.218,861,816,7362,0.111,0.193,3085,0.044,326,705,1031
2021-02,19,20,19,1179,375,789,1049,50,85,3527,235,293,527,4054,2620,459,313,42,3434,7488,118,1.53,2.27,1.61,0.42,1.39,0.59,42341,3729,46070,30173,5375,35548,8110,41373,0.196,0.07,1497,1479,5221,0.283,563,549,2552,0.215,802,760,7525,0.101,0.182,2861,0.042,381,811,1192
2021-03,23,23,23,1334,376,748,727,36,74,3294,144,215,359,3653,1926,257,630,48,2861,6514,104,1.5,2.28,1.59,0.42,1.4,0.58,42177,4018,46194,27254,5087,32341,7003,37257,0.188,0.07,1654,1639,5330,0.308,558,549,2200,0.25,620,592,5839,0.101,0.208,2833,0.04,637,2099,2736
2021-04,21,20,21,980,273,567,717,46,65,2647,206,254,460,3107,1509,220,250,33,2011,5118,146,1.52,2.36,1.62,0.41,1.4,0.57,42363,3699,46062,30346,5141,35486,5730,32105,0.178,0.07,1190,1180,3964,0.298,365,359,1585,0.227,451,432,4364,0.099,0.199,2007,0.04,367,805,1172
2021-05,20,21,20,1000,279,606,805,45,89,2824,136,214,349,3173,1691,344,262,37,2334,5507,212,1.55,2.31,1.64,0.4,1.42,0.58,43027,3973,47001,32224,5149,37373,6013,33892,0.177,0.07,1352,1341,4422,0.303,422,415,1750,0.237,482,463,4473,0.103,0.208,2256,0.04,298,668,966
2021-06,22,22,22,945,272,587,921,56,68,2850,180,234,414,3264,1826,230,558,38,2652,5916,100,1.57,2.39,1.68,0.37,1.39,0.55,44601,3654,48256,27949,4808,32758,6571,37568,0.175,0.07,1481,1470,4686,0.314,359,353,1527,0.231,511,488,4946,0.099,0.207,2351,0.043,272,642,914
2021-07,21,22,21,1047,280,597,820,39,75,2858,131,237,369,3227,1786,241,278,31,2337,5564,73,1.59,2.34,1.68,0.37,1.39,0.54,43912,4144,48056,28285,5034,33319,7018,35668,0.197,0.06,1193,1181,4017,0.294,351,345,1505,0.23,461,441,4225,0.104,0.202,2005,0.042,242,664,905
2021-08,22,22,22,943,312,774,907,44,59,3040,142,237,379,3420,1135,341,224,29,1729,5148,120,1.55,2.36,1.65,0.38,1.39,0.55,43809,4190,48000,29787,5053,34840,6882,34631,0.199,0.05,1071,1062,3663,0.29,310,305,1338,0.228,436,418,4005,0.104,0.198,1817,0.044,207,560,767
2021-09,21,22,21,1051,393,630,1260,60,88,3483,190,198,389,3871,1948,275,636,45,2903,6774,127,1.58,2.33,1.66,0.44,1.38,0.61,44625,4056,48681,27282,5036,32318,7344,36381,0.202,0.05,1294,1284,4091,0.314,450,441,1974,0.224,510,488,4552,0.107,0.208,2253,0.042,684,2224,2908
2021-10,21,21,21,1120,432,726,1015,56,87,3435,116,244,360,3795,2653,317,250,37,3257,7051,152,1.57,2.35,1.65,0.49,1.37,0.63,44306,4156,48462,30670,5153,35823,7396,37020,0.2,0.06,1108,1098,3824,0.287,410,402,1836,0.219,520,496,4738,0.105,0.192,2038,0.042,702,1140,1842
2021-11,21,22,21,1323,393,618,910,44,105,3393,124,276,400,3793,1566,382,296,35,2280,6072,149,1.63,2.37,1.7,0.53,1.37,0.66,43036,3785,46821,30781,5483,36264,8572,42770,0.2,0.06,1199,1187,4207,0.282,402,395,1694,0.233,574,548,5207,0.105,0.192,2175,0.043,397,987,1384
2021-12,22,22,22,933,236,493,821,42,105,2629,99,167,266,2895,961,174,575,35,1745,4640,95,1.67,2.35,1.74,0.56,1.41,0.71,40316,3763,44080,19291,4651,23942,7260,36116,0.201,0.06,1297,1286,4226,0.304,445,439,1890,0.232,485,462,4741,0.097,0.201,2227,0.045,329,913,1242
2022-01,20,21,20,1164,351,668,1109,51,65,3408,149,229,378,3786,1356,209,352,33,1950,5736,110,1.67,2.33,1.73,0.61,1.4,0.78,42099,4075,46175,21007,4991,25998,8434,41991,0.201,0.05,1360,1348,4783,0.282,586,578,2588,0.223,542,519,5007,0.104,0.198,2488,0.045,435,1405,1840
2022-02,19,20,19,1411,374,728,1297,59,78,3947,197,291,489,4436,2512,394,357,40,3303,7739,140,1.61,2.37,1.69,0.61,1.39,0.76,43110,3661,46770,23665,5229,28894,8322,39796,0.209,0.05,1379,1366,4882,0.28,579,571,2572,0.222,516,493,4715,0.105,0.2,2473,0.045,585,1569,2154
2022-03,23,23,23,1392,283,518,1091,53,90,3427,165,222,387,3814,1813,219,700,43,2775,6589,151,1.59,2.38,1.67,0.6,1.41,0.75,43857,3874,47730,20767,4797,25564,7970,38509,0.207,0.05,1597,1583,5383,0.294,637,626,2846,0.22,627,597,5712,0.105,0.201,2860,0.045,861,2897,3759
2022-04,20,19,20,927,193,463,1312,73,45,3012,206,237,442,3454,1592,217,324,37,2169,5623,156,1.54,2.4,1.64,0.61,1.44,0.76,45119,3620,48740,22740,5053,27793,7709,36570,0.211,0.05,1268,1258,4523,0.278,534,527,2401,0.22,517,494,4831,0.102,0.194,2319,0.045,462,1272,1735
2022-05,21,22,21,973,222,468,1009,62,56,2790,138,216,354,3145,1610,325,356,40,2331,5475,187,1.55,2.34,1.64,0.62,1.44,0.79,44709,4087,48796,24351,5192,29543,8291,38127,0.217,0.05,1516,1503,5189,0.29,601,593,2717,0.218,594,574,5310,0.108,0.202,2711,0.044,642,1485,2128
2022-06,21,22,21,1003,217,444,1036,46,45,2792,198,256,453,3245,2060,216,705,51,3032,6277,127,1.49,2.36,1.6,0.6,1.46,0.77,43985,3519,47504,23233,4897,28129,6945,35314,0.197,0.05,1630,1618,5079,0.319,512,505,2283,0.221,587,564,5445,0.104,0.21,2729,0.047,559,1461,2020
2022-07,20,21,20,1003,211,451,936,39,52,2693,152,218,370,3063,1676,227,317,47,2267,5330,62,1.55,2.35,1.65,0.57,1.45,0.74,42733,3846,46578,23930,5104,29035,6359,34268,0.186,0.05,1193,1184,4089,0.29,419,413,1942,0.213,498,477,4717,0.101,0.193,2110,0.047,357,1140,1497
2022-08,23,23,23,910,206,449,880,44,43,2532,122,247,369,2901,1710,295,278,45,2328,5229,143,1.55,2.31,1.65,0.56,1.48,0.73,42959,3838,46797,25634,5078,30712,6953,36744,0.189,0.05,1098,1088,4013,0.271,368,362,1770,0.205,518,495,4799,0.103,0.184,1983,0.049,322,1025,1348
2022-09,21,22,21,968,257,519,1052,55,57,2908,214,229,443,3351,2377,281,683,71,3412,6763,174,1.54,2.26,1.63,0.53,1.44,0.69,42853,3948,46801,21985,4651,26636,7775,39863,0.195,0.05,1391,1381,4463,0.309,486,479,2241,0.214,518,499,4723,0.106,0.206,2394,0.046,610,2674,3284
2022-10,21,21,21,975,228,506,1041,52,55,2859,138,291,429,3287,1755,215,330,58,2358,5646,174,1.5,2.22,1.59,0.52,1.4,0.67,43286,4221,47507,23582,4633,28215,7553,39507,0.191,0.06,1320,1310,4530,0.289,505,498,2272,0.219,543,522,4691,0.111,0.203,2368,0.044,449,1341,1790
2022-11,21,22,21,1155,235,539,1036,50,69,3085,176,293,469,3554,1515,216,345,54,2131,5685,180,1.52,2.23,1.61,0.5,1.37,0.66,43158,3926,47085,24057,4715,28772,7802,40444,0.193,0.06,1252,1243,4365,0.285,459,452,2044,0.221,552,531,4841,0.11,0.198,2263,0.044,369,996,1365
2022-12,21,21,21,888,205,427,1024,46,59,2649,126,186,312,2960,1434,140,570,48,2193,5153,132,1.54,2.21,1.63,0.5,1.41,0.69,42524,3881,46404,16352,3990,20342,7415,37971,0.195,0.06,1234,1225,4019,0.305,441,434,2007,0.216,522,499,4775,0.105,0.2,2196,0.044,261,822,1083
2023-01,20,21,20,1109,286,528,1319,66,63,3371,190,273,464,3835,1874,174,332,39,2419,6254,120,1.6,2.23,1.68,0.51,1.45,0.7,44300,4380,48681,19373,4446,23820,8741,42565,0.205,0.05,1129,1120,3986,0.281,434,428,1979,0.216,595,569,5371,0.106,0.187,2158,0.047,548,960,1508
2023-02,19,20,19,1102,327,588,1294,57,67,3436,251,313,564,4000,2339,270,333,39,2980,6980,155,1.6,2.31,1.69,0.52,1.48,0.69,45530,3879,49409,20765,4704,25469,8878,42956,0.207,0.05,1207,1198,4188,0.286,455,449,1946,0.231,598,573,5274,0.109,0.195,2260,0.046,373,1008,1381
2023-03,23,23,23,1300,286,576,1217,52,71,3502,185,267,452,3954,2664,242,656,37,3599,7554,195,1.62,2.3,1.7,0.52,1.39,0.66,47511,4394,51905,17418,4473,21890,8538,41886,0.204,0.05,1516,1505,4895,0.307,554,547,2349,0.233,604,581,5268,0.11,0.21,2674,0.045,776,3161,3937
2023-04,19,18,19,1197,257,563,1154,58,47,3276,307,298,604,3880,1513,184,249,24,1970,5850,280,1.61,2.33,1.7,0.53,1.43,0.67,47651,4225,51876,18407,4598,23005,7451,36503,0.204,0.06,1084,1076,3728,0.289,388,383,1763,0.217,559,535,4836,0.111,0.193,2031,0.046,285,839,1124
2023-05,22,23,22,1152,254,538,1112,49,44,3149,170,231,401,3550,1518,275,273,25,2092,5642,248,1.66,2.27,1.73,0.55,1.42,0.69,48512,4610,53122,19057,4690,23748,7789,39286,0.198,0.06,1205,1197,4112,0.291,405,400,1818,0.22,521,501,4710,0.106,0.197,2131,0.047,286,887,1172
2023-06,21,22,21,1290,311,635,1181,49,58,3524,275,322,597,4121,1651,189,592,29,2461,6582,195,1.73,2.36,1.81,0.58,1.51,0.75,49248,4182,53430,16725,4270,20995,7833,41681,0.188,0.06,1356,1348,4274,0.315,404,399,1763,0.226,574,549,5254,0.105,0.203,2334,0.05,358,799,1156
2023-07,20,21,20,1216,322,683,1063,44,53,3381,123,239,362,3744,1535,175,282,27,2019,5763,139,1.77,2.33,1.84,0.59,1.5,0.75,48948,4657,53605,18677,4358,23035,7472,40196,0.186,0.06,1097,1090,3822,0.285,365,360,1641,0.22,563,542,4998,0.108,0.19,2026,0.051,372,717,1089
2023-08,23,23,23,1175,322,687,1112,44,45,3385,156,266,422,3807,1524,239,267,26,2056,5863,153,1.76,2.35,1.83,0.59,1.51,0.76,49283,4545,53828,20350,4343,24693,7530,40397,0.186,0.06,1092,1084,3856,0.281,386,382,1720,0.222,572,549,4951,0.111,0.191,2050,0.049,199,899,1099
2023-09,20,21,20,1435,344,795,1107,46,54,3782,231,242,473,4255,2104,197,569,34,2904,7158,98,1.74,2.31,1.8,0.58,1.51,0.74,48719,4607,53327,18782,4097,22880,7170,38157,0.188,0.06,1204,1197,3756,0.319,388,384,1721,0.223,548,522,4876,0.107,0.203,2140,0.049,487,2319,2806
2023-10,22,22,22,1438,290,711,1354,46,66,3905,129,293,422,4327,1642,192,284,27,2145,6471,97,1.72,2.27,1.78,0.57,1.49,0.72,49208,4893,54101,19651,4157,23808,7466,40054,0.186,0.06,1143,1136,3858,0.295,501,496,2207,0.225,535,513,4575,0.112,0.202,2179,0.048,315,1304,1619
2023-11,21,22,21,1307,304,730,1517,59,79,3995,139,315,454,4449,2075,281,282,29,2667,7116,97,1.72,2.25,1.78,0.55,1.48,0.7,51285,4727,56012,22733,4197,26929,7519,39017,0.193,0.06,1169,1163,3938,0.295,446,442,1938,0.228,535,512,4689,0.109,0.2,2150,0.05,249,1007,1255
2023-12,20,20,20,1068,272,657,1517,57,75,3646,246,250,496,4142,2293,170,543,33,3039,7181,98,1.7,2.2,1.75,0.54,1.51,0.69,51556,4855,56411,18749,3631,22380,8475,41572,0.204,0.06,1324,1317,4193,0.314,449,445,1965,0.226,831,796,6240,0.128,0.206,2604,0.048,214,632,846
2024-01,21,22,21,1262,427,829,1839,73,68,4499,171,329,500,4999,2587,234,278,27,3126,8125,81,1.69,2.19,1.74,0.55,1.54,0.68,54257,5386,59643,23331,3726,27057,8917,42474,0.21,0.06,1160,1153,3968,0.291,490,485,2140,0.227,711,683,5448,0.125,0.201,2361,0.048,221,911,1133
2024-02,20,21,20,1268,387,847,1841,68,84,4495,214,455,669,5164,2509,320,271,26,3127,8291,100,1.68,2.2,1.74,0.56,1.55,0.68,56619,4511,61129,25463,3805,29268,9451,44439,0.213,0.05,1228,1221,4196,0.291,477,472,2054,0.23,667,640,5485,0.117,0.199,2372,0.047,231,775,1006
2024-03,20,20,20,1326,358,837,1431,56,93,4102,154,309,463,4564,2488,241,547,32,3308,7873,136,1.71,2.17,1.76,0.55,1.52,0.67,57751,4696,62447,22402,3804,26206,9626,43061,0.224,0.05,1397,1390,4413,0.315,514,509,2140,0.238,674,647,5470,0.118,0.212,2585,0.048,615,2275,2890
2024-04,22,21,22,1452,351,849,1443,78,81,4255,213,335,548,4802,2576,276,269,25,3146,7948,105,1.76,2.24,1.81,0.54,1.51,0.66,59343,4092,63436,24396,3948,28344,9325,41981,0.222,0.05,1148,1142,3797,0.301,528,524,2137,0.245,646,620,5027,0.123,0.209,2322,0.047,333,1358,1691
2024-05,22,23,22,1334,305,879,1577,80,72,4247,134,268,401,4648,2242,333,262,25,2863,7511,133,1.76,2.21,1.8,0.53,1.51,0.65,60500,4521,65021,25962,4269,30231,9097,40387,0.225,0.05,1232,1225,4059,0.302,432,427,1771,0.241,966,925,6627,0.14,0.207,2631,0.048,246,764,1010
2024-06,19,20,19,1440,397,925,1666,77,87,4593,248,278,527,5120,2541,256,593,41,3432,8551,140,1.71,2.31,1.77,0.52,1.55,0.65,61674,3785,65459,20969,3925,24894,9856,44086,0.224,0.05,1398,1392,4160,0.335,426,421,1818,0.232,694,661,5901,0.112,0.208,2518,0.052,311,1069,1380
2024-07,22,23,22,1344,373,868,1403,64,75,4128,148,201,349,4478,2256,253,250,27,2786,7263,73,1.66,2.25,1.71,0.51,1.55,0.64,61250,4085,65334,22783,3972,26755,10136,45607,0.222,0.05,1118,1113,3747,0.297,419,414,1900,0.218,667,641,5568,0.115,0.193,2205,0.055,242,1022,1264
2024-08,22,22,22,1452,339,851,1370,72,68,4152,153,225,378,4530,2381,354,252,27,3014,7544,80,1.67,2.29,1.73,0.52,1.56,0.65,60141,3835,63976,23473,3979,27452,9583,43745,0.219,0.05,1137,1132,3783,0.299,452,446,2019,0.221,695,666,5668,0.118,0.196,2284,0.054,326,1419,1745
2024-09,20,21,20,1596,401,920,1604,76,86,4683,292,232,524,5207,3179,263,572,40,4054,9261,112,1.71,2.25,1.76,0.53,1.59,0.65,58725,3908,62633,22233,3887,26120,9532,43955,0.217,0.05,1310,1304,4098,0.318,451,446,2070,0.215,633,602,5689,0.106,0.198,2394,0.052,672,2940,3612
2024-10,23,23,23,1664,399,914,1581,71,83,4713,132,250,382,5095,3412,286,259,32,3989,9084,172,1.72,2.22,1.77,0.53,1.56,0.64,59564,3870,63434,25776,4072,29847,8335,44322,0.188,0.05,1068,1062,3666,0.29,454,448,2079,0.215,717,679,5921,0.115,0.188,2239,0.05,369,1272,1641
2024-11,20,21,20,1314,401,883,1932,72,103,4705,146,309,454,5160,3163,342,272,33,3810,8970,145,1.72,2.18,1.76,0.52,1.58,0.63,60923,3515,64439,27832,4153,31985,9760,50547,0.193,0.06,1245,1240,4324,0.287,535,526,2710,0.194,887,844,7567,0.112,0.179,2667,0.051,276,1029,1305
2024-12,21,21,21,1009,287,715,1629,75,87,3802,152,228,380,4182,2355,175,547,34,3111,7293,117,1.69,2.13,1.73,0.52,1.59,0.63,58973,3503,62476,21557,3430,24987,9033,48189,0.187,0.06,1307,1302,4255,0.306,495,489,2606,0.188,901,852,7846,0.109,0.18,2703,0.049,255,836,1091
2025-01,21,22,20,1735,470,1215,2079,93,86,5678,220,233,453,6131,3200,230,256,35,3720,9851,74,1.67,2.16,1.71,0.51,1.62,0.63,61542,3926,65468,27212,3595,30807,10425,53135,0.196,0.06,1253,1247,4539,0.275,521,515,2521,0.204,991,940,8378,0.112,0.175,2765,0.048,290,1194,1484
2025-02,19,20,19,1382,410,1003,2557,99,94,5543,256,308,563,6106,2947,364,261,32,3604,9711,97,1.67,2.23,1.72,0.51,1.6300000000000001,0.63,63016,3254,66270,29384,3690,33074,10212,54563,0.187,0.06,1365,1360,4973,0.273,509,503,2477,0.203,971,924,8168,0.113,0.178,2845,0.047,258,1033,1292
2025-03,21,21,21,1374,380,942,2205,80,100,5082,173,231,404,5486,3968,272,578,41,4860,10346,159,1.68,2.24,1.73,0.49,1.61,0.6,64236,3437,67673,27276,3496,30772,9632,53182,0.181,0.06,1639,1634,5398,0.303,579,573,2832,0.202,961,921,7778,0.118,0.195,3179,0.046,922,3269,4191
2025-04,21,20,21,2046,437,1260,2056,97,99,5995,227,292,520,6514,4236,289,370,45,4941,11455,111,1.7,2.26,1.75,0.49,1.62,0.6,64096,3004,67100,29654,3586,33240,10277,55340,0.186,0.07,1633,1628,5752,0.283,838,830,3865,0.215,1389,1332,9701,0.137,0.196,3860,0.042,577,2284,2861
2025-05,21,22,21,1511,386,1032,1599,84,69,4682,145,202,347,5029,2864,330,236,30,3461,8490,137,1.7,2.21,1.74,0.49,1.6,0.6,64328,3333,67662,31204,3679,34883,9138,51352,0.178,0.07,1432,1427,5106,0.279,568,562,2763,0.203,1487,1427,9717,0.147,0.194,3487,0.04,353,1267,1620
2025-06,20,21,20,2258,530,1173,1775,79,83,5898,241,272,513,6411,3144,209,515,41,3908,10319,174,1.74,2.26,1.78,0.5,1.63,0.61,63985,2996,66981,28259,3372,31631,10085,50576,0.199,0.06,1606,1601,5448,0.294,663,657,3117,0.211,1344,1290,9680,0.133,0.194,3614,0.037,320,985,1305
2025-07,22,23,22,1394,374,998,1634,84,54,4538,145,197,342,4880,2791,231,214,26,3262,8142,86,1.75,2.21,1.78,0.51,1.7,0.62,64042,3280,67322,32042,3499,35541,10766,51516,0.209,0.05,1459,1452,5260,0.276,618,612,2892,0.212,1353,1302,9881,0.132,0.187,3430,0.036,295,961,1256
2025-08,21,21,21,1173,271,774,1477,85,59,3839,130,239,369,4208,2608,369,189,28,3194,7402,99,1.77,2.17,1.8,0.51,1.73,0.62,63504,3337,66841,33189,3533,36722,10105,54909,0.184,0.05,1381,1370,4832,0.284,626,620,2882,0.215,1172,1127,8666,0.13,0.19,3179,0.034,235,913,1148
2025-09,21,22,21,1319,358,894,1590,81,86,4326,228,209,437,4764,2896,257,502,32,3686,8450,109,1.78,2.12,1.8,0.5,1.75,0.62,63695,3380,67076,31508,3532,35040,11170,61299,0.182,0.05,1640,1624,5545,0.293,689,681,3277,0.208,1245,1197,9487,0.126,0.191,3574,0.032,1731,2862,4592
2025-10,23,23,23,1644,436,1109,1779,88,81,5136,151,257,408,5544,3190,256,216,19,3680,9223,68,1.79,2.12,1.81,0.5,1.74,0.62,64873,3644,68518,35960,3742,39702,12746,67193,0.19,0.06,1532,1518,5724,0.265,858,847,4257,0.199,1530,1480,11015,0.134,0.183,3920,0.032,635,1678,2313
2025-11,19,20,19,1430,487,996,1909,94,118,5033,143,271,415,5448,3164,525,242,17,3947,9395,128,1.79,2.17,1.83,0.51,1.74,0.62,64213,3440,67653,38760,3776,42536,11965,62132,0.193,0.06,1601,1586,5409,0.293,805,797,3784,0.211,1282,1241,9601,0.129,0.193,3687,0.032,324,1185,1508
2025-12,22,22,22,1099,259,706,2166,89,102,4421,119,210,329,4750,3186,190,499,22,3896,8646,104,1.76,2.13,1.79,0.51,1.73,0.62,62776,3470,66246,33116,3290,36406,10025,53703,0.187,0.05,1487,1474,4696,0.314,707,700,3231,0.217,993,955,7953,0.12,0.197,3188,0.035,415,906,1321
2026-01,20,21,20,2143,477,1295,3044,119,114,7192,194,310,503,7696,3813,270,282,26,4390,12086,88,1.83,2.16,1.85,0.51,1.76,0.62,66197,4101,70297,40096,3537,43634,12240,63025,0.194,0.05,1603,1588,5503,0.289,1052,1038,4832,0.215,1178,1140,9101,0.125,0.194,3834,0.034,391,1330,1720
2026-02,19,20,19,1897,448,1215,2373,101,147,6182,301,402,703,6885,3706,456,297,22,4482,11367,114,1.82,2.18,1.84,0.51,1.76,0.62,65242,3865,69108,44919,3743,48661,12429,63264,0.196,0.05,1794,1777,6087,0.292,1073,1065,4904,0.217,1195,1162,9007,0.129,0.2,4062,0.035,367,1547,1914
2026-03,22,22,22,3054,633,1294,2803,92,106,7983,289,333,622,8605,9807,363,681,39,10890,19495,185,1.86,2.19,1.89,0.52,1.72,0.6,68800,4196,72996,43687,3481,47168,12579,61770,0.204,0.05,1892,1873,5980,0.313,1159,1151,5086,0.226,1280,1243,9404,0.132,0.208,4331,0.034,1196,5021,6217
2026-04,21,20,21,1816,380,652,1560,96,63,4567,296,349,644,5211,4736,260,308,27,5332,10542,85,1.86,2.21,1.9,0.51,1.71,0.59,68206,4118,72324,47817,3553,51370,13375,62496,0.214,0.05,1521,1506,5120,0.294,722,716,3485,0.205,1351,1315,9210,0.143,0.199,3595,0.036,658,2033,2691
2026-05,20,21,20,1608,327,606,1655,94,60,4350,209,347,556,4906,3934,484,294,26,4739,9645,150,1.89,2.21,1.92,0.51,1.7,0.59,68414,4633,73048,50767,3690,54458,14117,67186,0.21,0.04,1734,1714,5773,0.297,752,745,3824,0.195,1430,1385,9801,0.141,0.198,3916,0.039,450,1237,1687
2026-06,21,22,21,1487,362,685,1525,88,73,4220,290,374,664,4884,4080,236,597,34,4947,9831,128,1.9,2.25,1.95,0.5,1.73,0.61,67603,4274,71877,42947,3255,46203,14847,69896,0.212,0.04,2024,2002,6174,0.324,1006,996,5119,0.195,1744,1683,12089,0.139,0.2,4774,0.04,495,1345,1840
2026-07,22,23,22,1948,412,838,1782,102,63,5146,161,311,472,5619,3977,246,278,22,4522,10141,69,1.89,2.2,1.92,0.51,1.73,0.61,68093,4655,72748,45686,3392,49078,13614,64394,0.211,0.04,1551,1534,5267,0.291,745,738,3760,0.196,1090,1057,8410,0.126,0.191,3385,0.041,432,1446,1878
2026-08,21,21,21,1415,325,734,1724,93,51,4341,395,314,708,5049,2803,398,202,16,3420,8469,91,1.9,2.19,1.93,0.5,1.75,0.61,67260,5065,72325,47337,3491,50828,13707,62769,0.218,0.04,1470,1453,4923,0.295,589,583,3018,0.193,1096,1061,8436,0.126,0.189,3156,0.041,311,1148,1459
