month,trading_days,adt_cash_total_jpytn,adt_cash_stocks_jpytn,adt_cash_dom_stocks_jpytn,adt_cash_etfreit_jpytn,val_cash_total_jpytn,val_cash_dom_stocks_jpytn,adv_cash_dom_shares_mn,vol_cash_dom_shares_mn,mktcap_eom_jpytn,deriv_trading_days,adv_deriv_total_lgeq_kcontracts,adv_deriv_fin_lgeq_kcontracts,adv_deriv_index_lgeq_kcontracts,adv_deriv_rates_lgeq_kcontracts,adv_deriv_cmdty_lgeq_kcontracts,adv_deriv_total_raw_kcontracts,adv_deriv_index_raw_kcontracts,adv_deriv_rates_raw_kcontracts,adv_deriv_cmdty_raw_kcontracts,adnv_deriv_total_jpytn,cmdty_proforma,adv_n225_futures_kcontracts,adv_n225_mini_kcontracts,adv_n225_micro_kcontracts,adv_n225_lgeq_kcontracts,adv_topix_futures_kcontracts,adv_minitopix_futures_kcontracts,adv_topix_lgeq_kcontracts,adv_n225_options_kcontracts,adv_n225_mini_options_kcontracts,adnv_n225_options_jpybn,adv_jgb10y_futures_kcontracts,adv_secoptions_kcontracts,oi_n225_futures_contracts,oi_n225_mini_contracts,oi_n225_micro_contracts,oi_topix_futures_contracts,oi_n225_options_contracts,oi_jgb10y_futures_contracts,ipo_public_offerings,ipo_funds_jpybn
2014-12,21,3.122361823,2.876858013,2.876660061,0.24550381,65.569598,60.409861,3112.168314,65355.535,524.899634,21,793.761719,691.459776,641.6157,49.844076,102.301943,1702.108571,1542.658286,49.922762,109.527524,13.608091885,1,150.655286,979.225857,,248.577871,139.993714,21.932571,142.186971,178.372619,,33.542499,46.05781,1.836571,439623,622140,,561656,2430568,96722,24,50.049
2015-01,19,3.002414719,2.742396877,2.742241877,0.260017842,57.04588,52.102596,2997.030926,56943.588,528.879386,19,627.576126,526.741889,481.318342,45.423547,100.834237,1654.435737,1499.85,45.775211,108.810526,10.732669095,1,113.669,1109.317632,,224.600763,62.888842,22.384211,65.127263,151.950053,,28.836057,37.457263,2.055842,489229,706260,,544543,2318598,101054,0,0
2015-02,19,3.36131514,3.11362935,3.113437666,0.247685789,63.864988,59.155316,3168.563379,60202.704,567.328148,19,533.381805,444.419753,405.158411,39.261342,88.962053,1239.733737,1104.473474,39.654737,95.605526,9.127757852,1,80.048789,760.993684,,156.148158,62.323421,16.023053,63.925726,147.405684,,25.122874,34.085211,3.628421,503830,642007,,640352,2424974,108208,4,4.623
2015-03,22,3.38720157,3.086372251,3.086240115,0.300829318,74.518435,67.897283,2777.508277,61105.182,575.462849,22,731.598295,648.944223,598.495723,50.4485,82.654073,1597.3015,1457.6635,50.651409,88.986591,13.734004891,1,135.245545,931.783727,,228.423918,144.791818,22.847136,147.076532,156.133955,,30.390515,45.667318,1.280864,424925,435055,,649001,2441034,86861,15,7.396
2015-04,21,3.325242059,3.03922363,3.039112725,0.286018429,69.830083,63.821367,2796.266119,58721.588,591.899452,21,537.406824,454.331562,422.875005,31.456557,83.075262,1353.274571,1233.481476,31.611571,88.181524,8.754190294,1,86.955524,881.085619,,175.064086,59.224143,19.588238,61.182967,144.538429,,24.508292,27.076143,4.523333,448304,524985,,663392,2495220,95221,12,21.265
2015-05,18,3.558476902,3.315695291,3.315586736,0.242781611,64.052584,59.680561,3222.307028,58001.526,620.339967,18,519.460406,439.929967,398.096567,41.8334,79.530439,1280.632056,1144.418167,42.033,94.180889,9.716597387,1,80.766333,815.464556,,162.312789,54.935667,13.781667,56.313833,136.029444,,23.74866,35.586,4.845111,473972,584106,,698779,2586326,109321,0,0
2015-06,22,3.388215273,3.118988864,3.118854955,0.269226409,74.540736,68.614809,2956.013955,65032.307,607.042764,22,716.403368,638.77105,581.329318,57.441732,77.632318,1644.313182,1494.265591,57.616045,92.431545,14.602986327,1,125.522455,996.381682,,225.160623,132.735318,17.991955,134.534514,153.696045,,24.077288,50.643773,5.922045,377805,474566,,629209,2283914,100062,8,12.618
2015-07,22,3.38523916,3.088019887,3.087894796,0.297219273,74.475262,67.933686,2998.791045,65973.403,619.100455,22,578.337386,488.641436,456.139168,32.502268,89.69595,1562.933227,1420.829818,32.686727,109.416682,9.540345754,1,94.1295,1054.977455,,199.627245,62.501318,16.901045,64.191423,153.8075,,24.748756,27.984227,2.040727,410067,628808,,615499,2378175,100717,4,1.169
2015-08,21,3.88056221,3.505017115,3.504938115,0.375545095,81.491806,73.6037,3202.895638,67260.808,573.460247,21,801.425186,704.552462,675.08479,29.467671,96.872724,2233.03281,2089.131619,29.540143,114.361048,11.565714198,1,153.646333,1542.819095,,307.928243,86.490905,28.344048,89.32531,214.182286,,40.499046,25.593143,6.063,480834,826885,,630591,2599073,113552,6,6.966
2015-09,19,3.457093292,3.034432713,3.034377871,0.422660579,65.684773,57.65318,2881.1515,54741.878,527.522405,19,878.274637,785.207189,733.363189,51.844,93.067447,2057.808105,1896.422579,51.932105,109.453421,15.454973916,1,181.028,1272.193526,,308.247353,162.796368,20.094684,164.805837,179.944895,,39.072007,48.268053,1.952632,403287,416068,,551130,2535478,92726,6,3.099
2015-10,21,3.118409767,2.836142481,2.836085243,0.282267286,65.486605,59.55779,2632.175895,55275.694,580.989792,21,508.478224,428.56441,400.634138,27.930271,79.913814,1339.791,1216.262095,27.974286,95.554619,7.996566782,1,85.095905,894.982429,,174.594148,57.966905,11.270857,59.09399,132.37919,,25.134218,24.407667,3.191905,427790,536370,,569612,2556586,104279,4,4.96
2015-11,19,3.249672336,2.982403389,2.982281178,0.267268947,61.743774,56.663342,2679.742968,50915.116,602.454986,19,511.177237,429.564663,399.300516,30.264147,81.612574,1310.317842,1179.417105,30.289158,100.611579,8.642419968,1,85.272737,857.590474,,171.031784,59.252895,9.205737,60.173468,136.736053,,21.148739,27.419842,2.861368,511545,660963,,666478,2566399,114247,4,5.355
2015-12,21,3.103473922,2.822637398,2.822455922,0.280836524,65.172952,59.271574,2645.003752,55545.079,589.788804,21,714.928014,629.84869,584.7049,45.14379,85.079324,1648.738762,1502.684714,45.202333,100.851714,13.35920156,1,135.080476,1007.305381,,235.811014,140.91419,12.67219,142.18141,149.54981,,22.596593,42.216095,2.643048,416962,370373,,602235,1778198,95509,16,15.615
2016-01,19,3.611370201,3.15540299,3.154864569,0.455967211,68.616034,59.942427,3091.941947,58746.897,547.753283,19,789.661984,677.442395,639.655237,37.787158,112.219589,2321.607632,2154.983105,37.823632,128.800895,12.210100232,1,154.412,1658.341421,,320.246142,88.694789,25.356211,91.230411,193.872789,,55.642692,33.873053,3.245895,512540,674394,,581970,2084436,106910,0,0
2016-02,20,3.844776765,3.393959415,3.392957865,0.45081735,76.895535,67.859157,3599.375265,71987.505,497.814291,20,699.3329,587.88887,549.883305,38.005565,111.44403,1954.13255,1782.6336,38.14295,133.356,10.863881033,1,130.25935,1356.50525,,265.909875,81.80495,13.2173,83.12668,169.9505,,46.584666,33.3646,2.6806,528607,645756,,593672,2158721,91527,1,0.148
2016-03,22,3.095778497,2.759066042,2.757363451,0.336712455,68.107127,60.661996,2798.316759,61562.969,517.597959,22,660.095723,568.118464,525.596136,42.522327,91.977259,1510.530909,1355.038182,42.566591,112.926136,11.870910237,1,133.021545,905.786682,,223.600214,133.002,15.815591,134.583559,120.038455,,23.491977,39.402591,1.935364,431555,361567,,527406,2011191,72371,19,20.731
2016-04,20,3.290092599,2.918198199,2.914202049,0.3718944,65.801852,58.284041,2901.00489,58020.098,514.431312,20,595.10199,498.836205,469.58719,29.249015,96.265785,1562.0487,1416.26245,29.2541,116.53215,8.495001228,1,104.9298,1035.8304,,208.51284,68.4371,16.031,70.0402,152.1059,,36.122458,24.99345,3.83415,485156,547837,,530633,2183639,76690,4,4.753
2016-05,19,2.901284892,2.623622681,2.618150418,0.277662211,55.124413,49.744858,2535.674168,48177.809,529.918536,19,457.210689,368.2973,343.972295,24.325005,88.913389,1180.548053,1046.707263,24.330263,109.510526,6.615399138,1,71.476053,773.362632,,148.812316,52.458053,7.454,53.203453,116.830158,,20.976875,20.808053,4.329579,515878,602605,,528514,2187649,88410,0,0
2016-06,22,2.937756798,2.603471434,2.590917025,0.334285364,64.63065,57.000175,2524.797218,55545.539,480.688673,22,706.253459,614.2128,571.240914,42.971886,92.040659,1572.0825,1414.224318,42.988455,114.869727,11.695860168,1,135.699682,923.885045,,228.088186,135.957318,12.763182,137.233636,149.023455,,28.644807,38.603364,4.946682,476988,428297,,481659,2170788,72109,10,4.556
2016-07,20,3.153430868,2.834827118,2.833223818,0.31860375,63.068617,56.664476,2526.231625,50524.632,508.621409,20,529.45231,429.440515,400.16381,29.276705,100.011795,1338.98195,1187.8205,29.28395,121.8775,7.626907242,1,80.74665,866.8237,,167.42902,62.5163,8.3504,63.35134,136.66475,,26.391436,24.51695,6.8514,478708,493868,,475657,2284582,80729,5,116.491
2016-08,22,2.677977095,2.463133868,2.462788686,0.214843227,58.915496,54.181351,2303.896223,50685.717,508.722053,22,415.100414,343.226691,315.025964,28.200727,71.873723,1045.669364,928.871864,28.206455,88.591045,6.740445361,1,69.426955,675.2485,,136.951805,51.088136,6.8025,51.768386,102.721818,,16.016293,23.587318,3.701864,498011,555477,,455573,2187588,79389,1,1.793
2016-09,20,2.657897846,2.442832046,2.442274696,0.2150658,53.157957,48.845494,2315.4516,46309.032,507.604081,20,589.73155,519.92169,479.058245,40.863445,69.80986,1284.197,1158.00695,40.87465,85.3154,10.762934238,1,115.5968,745.09025,,190.105825,133.4037,9.2972,134.33342,106.18105,,18.938412,36.6072,2.97615,402449,428698,,444898,2192037,58654,10,4.267
2016-10,20,2.590985223,2.404987923,2.404707373,0.1859973,51.819704,48.094147,2220.211875,44404.238,534.367811,20,415.38566,347.400045,325.98377,21.416275,67.985615,1038.37805,933.0821,21.4219,83.87405,6.075050922,1,62.1393,666.53065,,128.792365,59.0073,8.02305,59.809605,110.0303,,19.957321,18.80045,4.1707,445065,419346,,504808,2317869,67210,4,6.06
2016-11,20,3.480856617,3.188641617,3.188282017,0.292215,69.617132,63.76564,2976.00109,59520.022,560.39305,20,653.73329,553.514825,520.03408,33.480745,100.218465,1646.9344,1490.8657,33.4888,122.5799,9.863356508,1,116.06135,1068.39065,,222.900415,83.6768,10.31115,84.707915,181.15595,,38.420574,29.36895,3.4048,537647,542481,,551216,2516050,89409,6,11.442
2016-12,21,3.395349447,3.146297162,3.145656543,0.249052286,71.302338,66.058787,2870.709229,60284.894,579.596623,21,662.317081,578.767162,539.949367,38.817795,83.549919,1453.798238,1315.451381,38.826238,99.520619,12.059944403,1,135.222,849.825381,,220.204538,145.754,11.843524,146.938352,121.874333,,27.412573,36.013,3.200238,449752,579972,,562313,1911257,80838,12,5.541
2017-01,19,3.070579803,2.824567487,2.824223593,0.246012316,58.341016,53.660248,2501.396005,47526.524,580.817362,19,525.439737,439.1669,411.721379,27.445521,86.272837,1465.442,1333.488211,27.447842,104.505947,8.564093994,1,88.195211,1016.552211,,189.850432,67.332632,7.633158,68.095947,126.052474,,23.094194,23.936263,2.906842,470346,517650,,574237,1891351,95272,1,0.225
2017-02,20,2.945184105,2.753829105,2.753711455,0.191355,58.903682,55.074229,2489.864455,49797.289,587.023424,20,466.53495,388.43719,357.59994,30.83725,78.09776,1298.40215,1171.6323,30.8413,95.92855,8.268876821,1,70.4842,896.2287,,160.10707,60.47095,8.2517,61.29612,110.73525,,20.156543,26.681,3.5136,490252,564160,,608015,2023435,108938,4,1.527
2017-03,22,2.907895245,2.723368563,2.723092427,0.184526682,63.973695,59.908033,2352.061791,51745.359,580.72022,22,622.254295,551.534655,512.536636,38.998018,70.719641,1406.116955,1274.549455,39.005955,92.561545,12.01005596,1,120.727409,835.737591,,204.301168,147.247818,10.943318,148.34215,108.544955,,22.109285,36.614818,2.723682,431832,485725,,597767,1998781,80172,19,18.074
2017-04,20,2.963225528,2.758160028,2.757997228,0.2050655,59.264511,55.159945,2458.33609,49166.722,586.797159,20,510.495735,446.46112,418.578545,27.882575,64.034615,1355.3617,1244.17955,27.8909,83.29125,8.261244933,1,86.52765,907.2034,,177.24799,66.38295,10.13105,67.396055,137.46105,,27.137192,24.5083,4.4474,461461,539441,,606901,2204905,90407,4,11.144
2017-05,20,3.211357073,3.029063223,3.028963223,0.18229385,64.227141,60.579264,2417.42834,48348.567,601.132623,20,458.67563,385.71995,359.26575,26.4542,72.95568,1238.82605,1119.50025,26.45645,92.86935,7.85953331,1,71.3735,834.02075,,154.775575,63.772,10.68425,64.840425,116.24885,,19.136761,23.60005,3.94685,501004,586450,,691886,2240625,93415,0,0
2017-06,22,3.239991796,3.057905251,3.057783478,0.182086545,71.27982,67.271237,2486.2791,54698.14,616.743946,22,633.158182,558.9533,514.888723,44.064577,74.204882,1424.347909,1284.680364,44.0755,95.592045,12.800206263,1,112.082727,840.031045,,196.085832,150.931045,15.293,152.460345,111.780045,,17.40206,40.864545,4.633409,416007,402348,,628603,2089478,86328,6,1.989
2017-07,20,2.984692499,2.823992298,2.823940348,0.1607002,59.69385,56.478807,2442.156645,48843.133,619.505958,20,441.343685,352.69686,322.311055,30.385805,88.646825,1073.69875,932.4697,30.3989,110.83015,7.794332326,1,54.81015,663.4023,,121.15038,60.93875,14.55175,62.393925,108.8362,,12.843409,27.18665,4.12125,437643,482553,,634939,2126079,97479,4,3.214
2017-08,22,2.812774197,2.662306333,2.662231106,0.150467864,61.881032,58.569084,2247.820432,49452.05,620.136873,22,462.431341,384.135727,353.593686,30.542041,78.295614,1152.926273,1020.611545,30.546909,101.767818,8.127064756,1,65.915364,725.508455,,138.466209,63.054545,15.6225,64.616795,115.769136,,16.349068,27.178091,3.881909,476073,600751,,669847,2297473,101996,3,2.073
2017-09,20,3.220541274,3.044744124,3.044438324,0.17579715,64.410825,60.888766,2367.75932,47355.186,643.10261,20,727.90637,646.606035,591.46411,55.141925,81.300335,1531.6677,1366.66525,55.15205,109.8504,14.937926219,1,128.0731,842.08555,,212.281655,169.6846,19.24905,171.609505,148.89805,,26.122117,50.67385,4.2427,409485,464028,,647913,2353086,92604,7,15.738
2017-10,21,3.56372914,3.344738807,3.341749426,0.218990333,74.838312,70.176738,2228.735771,46803.451,677.30577,21,580.116057,513.235514,479.1209,34.114614,66.880543,1454.749048,1331.915,34.123143,88.710905,10.133018767,1,89.901857,927.33019,,182.634876,76.508762,20.21881,78.530643,177.798333,,35.01144,30.65619,3.660048,489142,551177,,737012,2658777,90875,7,3.659
2017-11,20,4.254332314,3.929313464,3.928836614,0.32501885,85.086646,78.576732,2470.533915,49410.678,688.669408,20,717.14448,646.789625,605.907935,40.88169,70.354855,1999.68365,1865.68955,40.8852,93.1089,13.172145488,1,114.4883,1374.75145,,251.963445,89.8949,25.0059,92.39549,206.7983,,41.805344,36.6158,3.25105,530693,689317,,759657,2885125,116458,6,2.651
2017-12,21,3.301959139,3.094231948,3.093924758,0.20772719,69.341142,64.97242,2122.975114,44582.477,700.982591,21,653.618157,582.868667,531.281676,51.58699,70.74949,1448.656762,1299.476333,51.593762,97.586667,14.887568336,1,114.46419,835.604048,,198.024595,158.885143,17.945571,160.6797,118.68481,,23.859885,47.805667,3.141952,413373,683633,,665711,2083846,96251,14,7.886
2018-01,19,3.967385879,3.68785109,3.687065195,0.279534789,75.380332,70.054239,2257.146132,42885.776,710.360556,19,603.215237,509.159984,468.221968,40.938016,94.055253,1592.823053,1421.862158,40.941,130.019895,11.879348246,1,88.679579,1044.255474,,193.105126,73.180789,15.344737,74.715263,155.470105,,24.467352,36.763842,4.553947,430838,771421,,626310,2178208,113420,0,0
2018-02,19,4.317374477,3.913711161,3.912388056,0.403663316,82.030115,74.335373,2292.819458,43563.57,684.628303,19,801.724089,706.979342,667.577053,39.402289,94.744747,2235.814211,2068.972263,39.404421,127.437526,13.996250709,1,134.509842,1532.843684,,287.794211,101.395789,24.262105,103.822,213.342789,,47.652597,35.956947,6.863,532779,1041526,,629991,2361302,133660,2,1.687
2018-03,21,3.661516771,3.325339961,3.324195438,0.33617681,76.891852,69.808104,1937.708886,40691.887,665.263688,21,846.402938,768.950424,716.822681,52.127743,77.452514,2114.754714,1954.602238,52.136571,108.015905,17.321999521,1,165.576524,1353.219429,,300.898467,181.611429,22.09119,183.820548,163.673714,,34.675893,49.360714,2.44081,436080,552300,,563163,2243837,117060,12,13.189
2018-04,20,3.278139097,3.033017297,3.032174397,0.2451218,65.562782,60.643488,1889.05331,37781.066,686.834873,20,509.12859,436.141875,399.264395,36.87748,72.986715,1393.46495,1266.18215,36.87955,90.40325,10.128871257,1,76.4275,949.01185,,171.328685,60.82985,14.2301,62.25286,133.37705,,23.307249,33.3068,3.1254,428815,438140,,592519,2225331,124720,8,3.113
2018-05,21,3.426932738,3.231189262,3.230513024,0.195743476,71.965587,67.840773,2026.337595,42553.09,676.271884,21,452.074271,377.126338,344.517971,32.608367,74.947933,1094.542048,968.033429,32.610381,93.898238,8.931171781,1,63.238286,678.605238,,131.09881,59.407571,14.189714,60.826543,119.20581,,21.195606,30.539095,7.290667,454073,472900,,632171,2316595,137187,1,3.75
2018-06,21,3.247436183,3.042438564,3.04155404,0.204997619,68.19616,63.872635,1948.280957,40913.9,670.459427,21,660.825205,581.133367,529.899495,51.233871,79.691838,1509.008714,1357.103381,51.239571,100.665762,15.113694028,1,113.977952,901.27381,,204.105333,157.759905,17.841619,159.544067,112.34,,17.599441,48.85319,2.267143,382585,332000,,575329,2044763,116142,11,61.666
2018-07,21,3.11587156,2.874176227,2.872883846,0.241695333,65.433303,60.330561,1749.036029,36729.757,677.5857,21,503.062343,431.10631,393.847929,37.258381,71.956033,1351.13381,1228.710429,37.284524,85.138857,10.063628695,1,72.829095,911.231381,,163.952233,66.828762,16.393619,68.468124,125.495857,,16.303704,32.886667,1.987048,416816,403264,,570234,2078617,130382,8,33.851
2018-08,23,2.938080661,2.732752791,2.731435878,0.20532787,67.575855,62.823025,1695.966543,39007.23,671.161017,23,463.770952,391.50387,349.031752,42.472117,72.267083,1265.557565,1136.368696,42.521696,86.667174,10.496985972,1,65.743435,860.895826,,151.833017,54.993913,13.923,56.386213,111.106087,,13.302291,38.949783,3.195652,440292,450346,,547843,2117407,142655,2,1.425
2018-09,18,3.557051328,3.286784717,3.285687939,0.270266611,64.026924,59.142383,1943.225467,34978.058,701.533766,18,765.782839,695.255817,634.117983,61.137833,70.527022,1769.569444,1627.298833,61.153333,81.117278,17.982952755,1,140.316056,1080.790722,,248.395128,186.251889,22.743556,188.526244,135.731833,,21.471781,58.108444,1.997278,420954,748710,,619617,2113535,122608,10,13.39
2018-10,22,3.898094744,3.531334971,3.530589426,0.366759773,85.758084,77.672967,2038.879818,44855.356,634.805553,22,729.079655,652.711873,613.739632,38.972241,76.367782,2273.697591,2148.796364,38.976864,85.924364,14.147224546,1,126.493864,1682.300909,,294.723955,99.501818,23.317682,101.833586,172.980864,,34.061134,36.123682,3.407182,430092,638144,,531169,2254097,131186,9,10.34
2018-11,21,3.460106255,3.188447969,3.188024446,0.271658286,72.662231,66.948513,1904.4163,39992.742,644.449272,21,551.677071,477.087729,435.299319,41.78841,74.589343,1567.403952,1442.642619,41.792524,82.96881,11.650083039,1,86.019286,1104.939952,,196.513281,69.080333,14.330381,70.513371,135.075762,,24.617267,39.078381,3.488286,489998,613857,,528257,2301869,144526,2,0.759
2018-12,19,3.523159423,3.176793265,3.17639716,0.346366158,66.940029,60.351546,1983.249032,37681.732,582.670408,19,879.400437,803.453,731.133842,72.319158,75.947437,2100.477105,1943.839316,72.349947,84.287842,20.027156688,1,161.555632,1325.379947,,294.093626,192.412789,22.070579,194.619847,171.132579,,38.645472,68.675211,4.420053,426448,1279710,,534861,1909369,110589,15,12.84
2019-01,19,3.035371396,2.782070607,2.781731975,0.253300789,57.672057,52.852908,1655.516616,31454.816,612.196651,19,555.572642,484.314674,447.939474,36.3752,71.257968,1571.017684,1454.485737,36.376526,80.155421,10.670715524,1,88.159895,1101.674316,,198.327326,75.373895,16.710421,77.044937,137.087842,,29.930498,33.855105,2.572053,392024,471167,,483991,1962348,106280,0,0
2019-02,19,3.080626129,2.845276602,2.844912129,0.235349526,58.531896,54.05333,1661.168637,31562.204,629.274522,19,521.331095,453.193047,418.835237,34.357811,68.138047,1427.037211,1312.900211,34.358474,79.778526,10.172279089,1,86.403053,978.606526,,184.263705,68.646684,14.799,70.126584,133.021526,,19.769759,32.117895,2.729737,436736,540139,,512001,2087046,113890,4,3.303
2019-03,20,3.126326248,2.898876448,2.898675998,0.2274498,62.526525,57.97352,1691.028825,33820.577,621.221305,20,713.839975,644.720095,586.322415,58.39768,69.11988,1687.1384,1549.72035,58.4074,79.01065,16.792467309,1,129.61745,1049.54665,,234.572115,176.03225,20.8955,178.1218,110.78865,,18.037711,56.4823,4.9376,394207,419232,,517113,1918945,112288,13,9.076
2019-04,20,2.926063845,2.702720395,2.702175945,0.22334345,58.521277,54.043519,1542.316535,30846.331,631.540453,20,469.855145,408.59498,371.243865,37.351115,61.260165,1249.74,1143.957,37.36025,68.42275,10.037315259,1,68.92185,843.10415,,153.232265,69.6123,15.466,71.1589,112.35255,,19.366235,34.66835,6.9794,408800,557273,,570769,1971991,111878,5,3.152
2019-05,19,3.195361554,2.935768343,2.935234975,0.259593211,60.71187,55.769465,1786.054284,33935.031,591.994306,19,571.609453,508.230195,474.341116,33.889079,63.379258,1738.388053,1634.282526,33.890737,70.214789,11.179133968,1,97.700842,1269.006053,,224.601447,80.660211,19.817737,82.641984,127.488368,,23.406454,32.031263,6.517263,426432,601966,,578499,2060020,121191,0,0
2019-06,20,2.544459896,2.343571546,2.343314946,0.20088835,50.889198,46.866299,1449.059455,28981.189,605.493316,20,726.677105,639.41184,578.71462,60.69722,87.265265,1651.29535,1490.4796,60.7046,100.11115,16.617393867,1,120.3923,993.5128,,219.74358,167.7219,19.5594,169.67784,119.54625,,21.664458,58.3952,6.25195,331380,337642,,522529,1809538,105023,7,4.986
2019-07,22,2.498658823,2.296574368,2.296338959,0.202084455,54.970494,50.519457,1417.821723,31192.078,612.219153,22,448.241791,372.549745,343.78655,28.763195,75.692045,1132.737318,1018.499409,28.764545,85.473364,8.428417584,1,61.721545,733.834318,,135.104977,65.459955,15.846636,67.044618,108.214636,,12.885514,27.038455,6.410545,355811,491065,,518178,1895344,109564,5,7.121
2019-08,21,2.669030868,2.411871487,2.411693773,0.257159381,56.049648,50.645569,1520.210048,31924.411,591.067551,21,636.726771,546.365433,505.925019,40.440414,90.361338,1853.25681,1708.125905,40.443714,104.68719,12.23237902,1,97.28981,1312.916381,,228.581448,86.66819,22.862381,88.954429,146.377238,,24.898365,37.373,6.188667,409904,649330,,572835,1948634,134006,1,8.1
2019-09,19,3.090587879,2.827164195,2.826976879,0.263423684,58.72117,53.712561,1662.451942,31586.587,619.674025,19,759.379637,680.764842,617.502311,63.262532,78.614795,1616.299211,1463.103895,63.278211,89.917105,17.284314544,1,121.513368,915.155579,,213.028926,196.400947,24.401737,198.841121,131.885421,,19.300089,59.500421,4.126211,366050,458818,,528447,1887035,99891,4,3.11
2019-10,21,2.936381055,2.689093055,2.687620007,0.247288,61.664002,56.44002,1610.64131,33823.467,649.569993,21,505.003552,449.557233,419.423386,30.133848,55.446319,1386.511048,1293.362857,30.141048,63.007143,9.607549103,1,76.970476,949.429286,,171.913405,81.452238,21.614571,83.613695,131.288286,,17.569694,27.329333,5.329286,379062,578921,,555098,2007860,91128,12,11.144
2019-11,20,3.064623257,2.819146107,2.818244307,0.24547715,61.292465,56.364886,1752.43845,35048.769,663.398581,20,482.017385,428.321405,390.143945,38.17746,53.69598,1291.1973,1192.66625,38.18925,60.3418,10.515761013,1,71.2288,871.6086,,158.38966,76.3694,20.08285,78.377685,120.28565,,16.798721,34.3784,5.18555,398875,525423,,586229,1966904,92058,2,4.993
2019-12,21,2.635985878,2.430766116,2.430188021,0.205219762,55.355703,51.033948,1519.524871,31910.022,672.505335,21,631.81479,576.732943,526.904729,49.828214,55.081848,1418.333,1306.065714,49.848143,62.419143,14.878140515,1,105.946429,844.964571,,190.442886,170.458476,20.769857,172.535462,106.296762,,15.659705,46.992571,4.008905,335127,500550,,561087,1546360,78887,20,36.571
2020-01,19,2.909467196,2.64555609,2.645234827,0.263911105,55.279877,50.259462,1565.406205,29742.718,657.108807,19,577.8047,502.134805,470.799032,31.335774,75.669895,1656.084316,1536.611526,31.338,88.134789,10.863358396,1,89.897053,1160.293316,,205.926384,79.430158,23.942789,81.824437,145.309,,23.363952,28.142,5.471105,352512,493251,,565773,1706271,82405,0,0
2020-02,18,3.558933967,3.186357745,3.186098911,0.372576222,64.060811,57.34978,1882.202972,33879.654,588.090333,18,787.816633,700.116094,661.387806,38.728289,87.700539,2514.772778,2373.547556,38.735389,102.489833,15.036956267,1,136.092,1867.38,,322.83,101.120222,35.019722,104.622194,188.633167,,34.451039,35.873111,6.442056,428405,630978,,620240,1943262,103072,2,2.524
2020-03,21,5.001434657,4.183077371,4.182710705,0.818357286,105.030128,87.836925,2829.159652,59412.353,548.229285,21,1327.266852,1185.329971,1129.441362,55.88861,141.936881,4111.682,3888.590048,55.927952,167.164,23.829163558,1,273.520286,3008.568952,,574.377181,273.874143,57.15181,279.589324,180.809857,,92.125091,54.491714,3.913619,446816,665463,,610147,2021652,68923,19,12.45
2020-04,21,3.333894712,2.82780314,2.827318569,0.506091571,70.011789,59.37369,1860.158195,39063.322,573.668782,21,521.324105,450.558471,438.346,12.212471,70.765633,1744.504714,1650.946,12.219286,81.339429,7.363106655,1,92.341952,1325.305048,,224.872457,72.48781,22.028286,74.690638,108.170476,,39.008447,11.65819,6.250667,506820,763244,,607214,2023754,70295,1,0.254
2020-05,18,3.510762721,3.101752888,3.101456055,0.409009833,63.193729,55.826209,2137.886972,38481.965,613.258353,18,514.141567,450.789789,436.460144,14.329644,63.351778,1687.350889,1600.936444,14.330444,72.084,7.950387854,1,94.196278,1266.825,,220.878778,67.609778,27.037556,70.313533,111.385722,,33.643876,13.871389,4.557889,506645,791593,,611124,2039212,80000,0,0
2020-06,22,3.614541582,3.127368854,3.127019991,0.487172727,79.519915,68.79444,2170.590109,47752.982,611.349745,22,760.927386,697.468045,663.462823,34.005223,63.459341,2238.322364,2133.245909,34.008045,71.068409,14.79539663,1,141.868455,1586.640636,,300.532518,163.387136,46.451682,168.032305,130.082045,,40.100688,33.1295,5.899364,415482,471176,,537363,1809032,68756,5,5.864
2020-07,21,2.98626331,2.69243331,2.691963691,0.29383,62.71153,56.531238,1840.288652,38646.062,587.91608,21,456.833852,392.774752,370.195467,22.579286,64.0591,1431.089429,1333.594381,22.580143,74.914905,8.498085174,1,70.655286,1037.633143,,174.4186,63.920905,32.810095,67.201914,92.80519,,19.277428,21.309381,5.059524,440352,570036,,561042,1792361,81304,7,6.834
2020-08,20,3.029875419,2.729413019,2.729250969,0.3004624,60.597508,54.585019,1680.94359,33618.872,633.674921,20,467.12033,383.94555,356.41131,27.53424,83.17478,1400.00465,1271.57055,27.53505,100.89905,9.213158357,,67.22895,981.89045,,165.417995,60.64765,34.95315,64.142965,96.2331,,16.71327,26.1616,3.8901,447160,638328,,558091,1767411,83329,4,3.816
2020-09,20,3.247968345,2.957584695,2.957230695,0.29038365,64.959367,59.144614,1753.04619,35060.924,640.750477,20,643.13923,576.693975,538.496625,38.19735,66.445255,1576.76935,1460.19315,38.2005,78.3757,13.794046144,,113.23065,988.47345,,212.077995,174.91795,35.6338,178.48133,85.8001,,15.942931,37.26505,5.52235,380877,488664,,577085,1648347,70577,8,7.505
2020-10,22,2.821847788,2.576543924,2.576398378,0.245303864,62.080651,56.680764,1519.506305,33429.139,623.533494,22,399.53775,335.620432,307.654282,27.96615,63.917318,1159.498818,1056.921955,27.969136,74.607727,8.686448994,,63.354136,807.335364,,144.087673,58.431045,25.184273,60.949473,69.630409,,14.138302,26.586636,3.823182,404910,496411,,587595,1716791,71218,7,12.135
2020-11,19,4.140946342,3.749505921,3.749307342,0.391440421,78.67798,71.236839,2042.923189,38815.541,687.716767,19,608.683042,530.706084,502.8245,27.881584,77.976958,1729.634579,1608.139368,27.883526,93.611684,11.719397951,,105.698421,1190.374842,,224.735905,90.291474,37.752789,94.066753,139.911737,,30.750695,26.758263,8.413263,425176,500308,,570812,1878485,77163,4,1.584
2020-12,22,3.234147161,2.937883434,2.937643024,0.296263727,71.151238,64.628147,1724.312064,37934.865,693.689759,22,543.334336,484.490509,447.718532,36.771977,58.843827,1225.335864,1116.920364,36.775045,71.640455,12.772535705,,91.752409,716.533364,,163.405745,146.962409,27.024227,149.664832,81.599182,,20.541854,35.937818,7.452955,304922,365751,,514650,1253114,68770,25,29.397
2021-01,19,3.861472164,3.566050374,3.565866269,0.295421789,73.367971,67.751459,1880.162247,35723.083,695.137836,19,475.661842,407.731653,376.168532,31.563121,67.930189,1359.558,1246.022368,31.565158,81.970474,10.839604005,,71.979368,933.483789,,165.327747,63.476947,33.020474,66.778995,103.175632,,28.427943,30.480632,9.722,326605,388484,,513177,1382981,73738,0,0
2021-02,18,4.036897983,3.679257871,3.678580594,0.357640111,72.664164,66.214451,2180.1451,39242.612,716.274053,18,516.554961,444.076439,401.699283,42.377156,72.478522,1437.746778,1310.927833,42.379056,84.439889,13.037675591,,75.261778,975.300556,,172.791833,68.362278,34.953389,71.857617,116.434278,,31.30826,41.190056,9.240833,367268,406673,,515489,1473196,110350,6,11.81
2021-03,23,4.111496801,3.735989628,3.735297106,0.375507174,94.564426,85.911833,2045.726126,47051.701,748.488519,23,682.190587,621.034009,577.307926,43.726083,61.156578,1734.448522,1618.802522,43.732696,71.913304,16.552314574,,108.055696,1110.69413,,219.125109,170.061696,46.522087,174.713904,115.368957,,29.508067,42.742957,9.935652,311790,372060,,537946,1430518,76525,12,23.329
2021-04,21,3.253920486,2.967576344,2.967214677,0.286344143,68.33233,62.311508,1603.696514,33677.627,728.390548,21,390.278338,337.935467,313.27471,24.660757,52.342871,1088.504905,1001.960667,24.663286,61.880952,8.701301094,,48.444238,734.33481,,121.877719,63.857333,30.87181,66.944514,88.132952,,19.639989,23.608714,11.646714,296568,423806,,524304,1449230,81153,10,23.957
2021-05,18,3.877851702,3.528968813,3.528288757,0.348882889,69.801331,63.509198,1804.5801,32482.442,735.256745,18,462.876344,399.378522,375.847067,23.531456,63.497822,1402.947944,1305.139167,23.533056,74.275722,9.77810178,,62.171833,994.654778,,161.637311,68.709778,37.892,72.498978,109.872,,23.668766,22.9965,6.053,320328,501878,,516804,1524789,89688,0,0
2021-06,22,3.299075307,3.007928125,3.007098853,0.291147182,72.579657,66.156175,1551.100941,34124.221,742.827521,22,527.817859,473.369345,432.875355,40.493991,54.448514,1264.651091,1157.525409,40.500045,66.625636,13.605296649,,76.982545,772.534409,,154.235986,139.885545,32.632318,143.148777,85.325091,,18.116192,39.735636,5.478318,275579,255290,,455653,1378710,85736,19,14.759
2021-07,20,3.138113331,2.810849181,2.810350831,0.32726415,62.762267,56.207017,1488.996865,29779.937,724.176,20,418.8422,366.7122,338.396125,28.316075,52.13,1309.4995,1220.0485,28.3181,61.1329,9.943332758,,58.7006,940.15185,,152.715785,60.0077,39.4619,63.95389,91.179,,20.35775,27.41295,8.31645,292144,347285,,446760,1449335,99925,8,7.237
2021-08,21,3.171105058,2.895336487,2.894930534,0.275768571,66.593206,60.793541,1427.700786,29981.716,747.110453,21,356.129829,307.337886,286.48681,20.851076,48.791943,1051.716571,974.330238,20.851762,56.534571,7.652457319,,46.499286,732.462905,,119.745576,49.563619,31.807571,52.744376,86.212667,,15.945256,20.328143,5.638238,315704,364022,,468050,1492383,106422,3,3.96
2021-09,20,4.555107809,4.161173409,4.16095251,0.3939344,91.102156,83.21905,1763.48196,35269.639,771.535519,20,649.520745,600.20375,552.605105,47.598645,49.316995,1601.1635,1495.72685,47.60895,57.8277,17.18318219,,106.23895,1002.4682,,206.48577,172.45995,45.44485,177.004435,117.7259,,29.448806,46.9758,4.79285,299761,374771,,475080,1507918,81092,12,14.783
2021-10,21,4.09178681,3.69934343,3.69918981,0.392443381,85.927523,77.682986,1801.318862,37827.696,762.003552,21,475.925638,420.045038,388.0335,32.011538,55.8806,1465.414381,1365.775714,32.012952,67.625714,11.517289516,,75.311143,1049.913667,,180.30251,65.382571,36.466571,69.029229,96.533048,,21.761855,31.139667,16.399,322986,348590,,467378,1526967,81307,4,25.172
2021-11,20,4.020026784,3.689558734,3.689171784,0.33046805,80.400536,73.783436,1949.061975,38981.24,733.68211,20,422.552785,363.16599,331.62815,31.53784,59.386795,1219.41325,1116.9713,31.54045,70.9015,10.465789099,,58.33365,842.45295,,142.578945,60.89865,30.15055,63.913705,96.57975,,18.734864,30.9751,6.5103,360024,481712,,477158,1545653,91685,7,4.056
2021-12,22,3.389741989,3.087945126,3.087574398,0.301796864,74.574324,67.926637,1633.128609,35928.829,753.020281,22,547.659227,500.416468,458.5009,41.915568,47.242759,1392.732136,1296.082136,41.923136,54.726864,14.504832125,,91.474091,896.353045,,181.109395,137.512364,34.292773,140.941641,82.928955,,22.237056,41.470318,5.642727,247648,331413,,423004,1107069,102754,28,47.182
2022-01,19,4.037013754,3.627406228,3.627185175,0.409607526,76.703261,68.916518,1710.515721,32499.799,713.506818,19,546.791453,495.572442,460.075263,35.497179,51.219011,1793.787421,1696.131947,35.500211,62.155263,13.093581529,,81.337263,1329.938105,,214.331074,76.546211,43.458211,80.892032,108.369632,,30.507399,34.951737,8.805105,297628,392018,,441801,1227506,88882,0,0
2022-02,18,4.055966646,3.703445813,3.70329998,0.352520833,73.0074,66.6594,1757.198317,31629.57,709.728949,18,529.725044,460.845961,427.807367,33.038594,68.879083,1719.771444,1602.253167,33.046444,84.471833,12.143440217,,76.792889,1265.339056,,203.326794,68.015,39.600722,71.975072,97.377722,,25.153582,32.444722,5.128444,316638,453862,,467618,1316175,86142,7,1.964
2022-03,22,4.322551509,3.911078964,3.910983373,0.411472545,95.096133,86.041634,1873.180227,41209.965,730.360259,22,766.703964,678.373668,632.576259,45.797409,88.330295,2068.843364,1908.989273,45.804773,114.049318,17.568628713,,124.87,1373.319318,,262.201932,175.2315,44.917364,179.723236,109.449455,,37.616717,45.345636,7.369091,280899,472944,,522772,1351996,89573,7,5.158
2022-04,20,3.592555004,3.272493504,3.272398704,0.3200615,71.8511,65.447974,1615.24668,32304.934,711.631885,20,452.708515,397.149135,370.14087,27.008265,55.55938,1485.7801,1387.983,27.0174,70.7797,10.483571207,,70.77805,1102.00645,,180.978695,63.6117,28.92925,66.504625,77.58485,,18.620765,26.57575,10.79645,294260,420142,,522559,1322707,108156,8,3.183
2022-05,19,4.324229045,3.970780309,3.97069094,0.353448737,82.160352,75.443128,1953.453653,37115.619,713.690824,19,524.695784,468.511279,440.494105,28.017174,56.184505,1778.008947,1680.160263,28.023474,69.825211,11.886342295,,91.034947,1349.475368,,225.982484,71.446737,27.931474,74.239884,92.037474,,22.824065,27.554211,16.458632,327236,398364,,551632,1373282,120826,1,0.475
2022-06,22,3.959966647,3.586120783,3.586005965,0.373845864,87.119266,78.892131,1764.58135,38820.79,700.381258,22,685.130964,633.662932,581.327214,52.335718,51.468032,1837.481409,1719.876182,52.370409,65.234818,18.118612949,,122.197182,1233.562227,,245.553405,172.66,31.492182,175.809218,97.423864,,25.731705,51.889409,6.409818,303581,408066,,506041,1312528,120886,11,8.022
2022-07,20,3.550044442,3.193258392,3.193150092,0.35678605,71.000889,63.863002,1584.957585,31699.152,727.393893,20,453.751005,403.05055,382.366685,20.683865,50.700455,1455.38515,1372.5101,20.69975,62.1753,9.830529584,,78.78515,1075.6786,,186.35301,72.37855,24.48075,74.826625,89.09565,,26.337948,20.4783,3.58785,307470,505793,,478902,1393958,114330,3,3.026
2022-08,22,3.488504407,3.194351861,3.194251407,0.294152545,76.747097,70.273531,1552.702477,34159.454,735.68093,22,402.985805,360.044009,338.344855,21.699155,42.941795,1191.197273,1117.534091,21.707909,51.955273,8.861111234,,61.250273,846.577864,,145.908059,60.272636,19.187955,62.191432,100.565545,,27.60004,21.560591,7.890455,329824,511615,,475126,1558598,119946,1,0.497
2022-09,20,3.867330449,3.510684748,3.510597748,0.3566457,77.346609,70.211955,1658.62373,33172.475,688.498205,20,717.93186,661.795265,616.532765,45.2625,56.136595,1766.4919,1653.7766,45.2868,67.4285,17.289797774,,123.4551,1122.17595,,235.672695,193.98765,30.3172,197.01937,115.0045,,35.6825,45.0922,10.46755,316482,537250,,542132,1653667,124280,7,5.795
2022-10,20,4.162449735,3.771172635,3.771064735,0.3912771,83.248995,75.421295,1818.343825,36366.876,723.918159,20,514.321605,464.242215,439.919925,24.32229,50.07939,1629.40885,1543.6977,24.3303,61.38085,11.076533144,,88.33695,1200.43965,,208.380915,79.1881,25.9801,81.78611,111.40445,,35.581032,24.0471,8.4993,308384,522888,,490951,1684368,132761,6,5.429
2022-11,20,4.307447473,3.981453173,3.981311173,0.3259943,86.148949,79.626223,1916.12398,38322.48,742.652987,20,431.38253,382.48226,357.041295,25.440965,48.90027,1260.23785,1174.2408,25.4465,60.55055,9.789201787,,68.8059,885.6381,,157.36971,66.0394,22.36135,68.275535,96.97295,,21.543846,25.0797,8.0149,341921,527996,,503287,1740231,137927,5,5.38
2022-12,22,3.589465262,3.260791126,3.260656398,0.328674136,78.968236,71.734441,1720.393645,37848.66,705.434137,22,555.063273,510.143814,470.200332,39.943482,44.919459,1329.4335,1232.1965,39.960091,57.276909,13.872759123,,90.908045,821.962,,173.104245,148.454591,24.700409,150.924632,86.764955,,23.739527,39.727682,8.339,267254,423184,,425037,1407507,129574,21,34.83
2023-01,19,3.522112703,3.259599755,3.259488177,0.262512947,66.920141,61.930275,1651.8753,31385.631,735.037584,19,437.914342,383.0683,352.060989,31.007311,54.846042,1267.747684,1167.391737,31.032368,69.323579,10.233000542,,70.861474,884.130526,,159.274526,59.324895,21.792526,61.504147,100.867,,25.379625,30.558579,6.240632,318915,596255,,438331,1502596,157919,1,0.3
2023-02,19,3.633534203,3.424461518,3.424381308,0.209072684,69.03715,65.063245,1694.616174,32197.707,740.539291,19,408.880758,354.071389,332.0028,22.068589,54.809368,1170.339105,1078.83,22.078158,69.430947,8.769758581,,62.253632,809.606211,,143.214253,62.580211,20.201789,64.600389,92.533947,,18.393377,21.760368,7.224158,344735,551486,,482789,1510244,168966,1,0.644
2023-03,22,4.067545171,3.777460535,3.777383944,0.290084636,89.485994,83.102447,1813.166977,39889.673,743.876721,22,706.510468,649.899768,601.702059,48.197709,56.6107,1851.083045,1730.570545,48.233545,72.278955,17.769192946,,116.791045,1218.125545,,238.6036,182.428864,36.172773,186.046141,106.077955,,26.692148,47.902091,8.113909,291708,546206,,558507,1469312,157961,13,11.578
2023-04,20,3.523742164,3.291900064,3.291854164,0.2318421,70.474843,65.837083,1597.04447,31940.889,761.280607,20,402.343375,347.47149,327.341975,20.129515,54.871885,1207.4321,1117.02875,20.13415,70.2692,8.709401136,,56.7768,855.2573,,142.30253,65.2107,22.17245,67.427945,81.88995,,16.3628,19.9487,13.46345,299179,566648,,533839,1443131,169030,6,22.315
2023-05,20,4.648024184,4.360757234,4.360689384,0.28726695,92.960484,87.213788,2012.364935,40247.299,785.092665,20,536.546394,478.254834,453.368634,24.8862,58.29156,1556.88055,1457.05335,24.8925,74.9347,11.811181452,,86.93425,1078.78385,1.7809,194.830444,84.12345,28.5848,86.98193,127.20085,5.8776,33.050077,24.31365,15.3191,340718,668615,3302,610279,1678740,176653,0,0
2023-06,22,5.201677458,4.80517423,4.805085321,0.396503227,114.436904,105.711877,2085.143591,45873.159,843.40173,22,751.478962,702.15363,650.687335,51.466295,49.325332,2038.571727,1922.810727,51.476318,64.284682,20.709304148,,135.325545,1268.034455,55.058,262.679571,187.599364,36.891455,191.288509,118.891545,47.980727,45.90741,49.769091,14.389,290980,495703,18054,541417,1627192,177332,14,22.276
2023-07,20,4.53463557,4.19360412,4.19353652,0.34103145,90.692711,83.87073,2040.238555,40804.771,855.621611,20,490.773052,438.797582,403.807552,34.99003,51.97547,1612.31975,1510.26735,34.9993,67.0531,13.184251361,,79.56565,1068.3877,83.93975,187.243818,77.27545,29.0723,80.18268,93.96275,39.60605,22.8011,32.44035,15.674,300642,494130,24509,496024,1579041,183961,9,17.727
2023-08,22,4.320198763,4.055814354,4.055746672,0.264384409,95.044373,89.226427,1961.718932,43157.817,859.025536,22,435.052036,389.552173,359.789264,29.762909,45.499864,1495.062136,1407.6735,29.769045,57.619591,11.193914261,,67.213955,944.415318,135.992273,163.015409,66.055591,23.470455,68.402636,85.869227,46.838545,21.867272,27.241955,12.976955,323339,575745,32169,532649,1584892,188671,2,0.517
2023-09,20,4.844829469,4.574388319,4.574287669,0.27044115,96.896589,91.485753,2164.888,43297.76,854.437277,20,628.676174,583.695124,524.609354,59.08577,44.98105,1723.51515,1605.59795,59.0999,58.8173,19.66067245,,99.49195,985.03225,132.4524,199.319699,182.22615,29.53655,185.179805,69.81615,40.832,18.865532,57.20215,13.2993,282462,460914,32622,589450,1498349,183689,8,17.658
2023-10,21,4.742499903,4.41484157,4.414769141,0.327658333,99.592498,92.710152,2224.283486,46709.953,829.241207,21,543.025176,474.820714,436.504247,38.316467,68.204462,1981.947905,1855.769143,38.32881,87.849952,14.541319198,,87.06281,1242.279714,227.028048,213.561061,81.602286,31.969952,84.799281,94.797952,52.980476,24.475602,36.896095,8.29919,296414,436282,52365,532143,1575682,204767,10,9.861
2023-11,20,5.120030995,4.817325995,4.817254545,0.302705,102.40062,96.345091,2311.16676,46223.335,875.016394,20,459.197879,405.933674,359.012884,46.92079,53.264205,1552.56965,1436.53,46.93465,69.105,14.068914875,,66.81635,919.4131,192.6394,160.684054,70.5356,24.6126,72.99686,83.73945,41.3122,18.804137,45.66705,12.3736,304503,444889,55837,572152,1621186,225242,3,3.057
2023-12,21,4.551933389,4.267236723,4.267046532,0.284696667,95.590601,89.607977,2221.545552,46652.457,867.406177,21,598.167612,541.376303,471.20265,70.173652,56.79131,1646.491381,1501.485905,70.194524,74.810952,20.521327275,,91.503667,886.040476,173.133143,181.839046,162.668571,27.177429,165.386314,63.242476,41.09481,17.585304,69.234571,4.151524,249190,389315,23302,518358,1117401,191850,12,10.464
2024-01,19,5.487526185,5.100030554,5.099814764,0.387495632,104.262998,96.896481,2288.663863,43484.613,931.229511,19,488.67228,434.194622,395.837912,38.356711,54.477658,1816.071632,1706.915526,38.363105,70.793,13.84073882,,74.193053,1106.304684,248.524842,187.308769,77.607895,27.859316,80.393826,93.204632,49.211579,29.680985,31.624053,7.711474,287949,423849,60840,536188,1262860,194218,0,0
2024-02,19,6.556000802,6.175168696,6.175055065,0.380832105,124.564015,117.326046,2714.900179,51583.103,977.208019,19,491.129795,433.551327,392.27949,41.271837,57.578468,1826.763474,1710.628105,41.277474,74.857895,14.600315626,,76.329947,1094.599368,273.892684,188.528811,73.101895,24.366895,75.538584,86.064211,44.583579,29.202934,33.317105,4.735316,310544,494778,76280,596877,1380034,207480,4,2.546
2024-03,20,6.621518153,6.216420553,6.216275753,0.4050976,132.430363,124.325515,2737.36052,54747.21,1007.704962,20,738.388859,661.165344,580.052789,81.112555,77.223515,2176.46765,1992.75335,81.1432,102.5711,26.228872309,,123.15415,1097.67885,352.9679,236.451714,196.7698,36.85605,200.455405,74.9454,46.8677,36.870946,71.77925,8.4628,275870,407679,51593,590448,1274154,189389,13,47.69
2024-04,21,5.725304654,5.316369368,5.316300987,0.408935286,120.231398,111.642321,2544.644948,53437.544,990.27843,21,531.628403,424.623327,381.332689,43.290638,107.005076,2100.82181,1913.859143,43.301952,143.660714,15.925266971,,76.971095,1142.40319,430.674095,195.518155,68.307524,33.505619,71.658086,74.761048,53.156857,22.279425,35.702524,10.349238,293091,619729,137166,561144,1290515,201923,6,3.49
2024-05,21,5.843650349,5.498123349,5.498050016,0.345527,122.716657,115.45905,2667.944005,56026.824,993.843948,21,438.632028,360.60308,313.779814,46.823267,78.028948,1814.134571,1658.374238,46.83081,108.929524,14.332968594,,62.451857,908.779286,459.517095,157.924957,57.834571,26.872333,60.521805,62.522524,52.873381,19.916313,39.449762,6.547286,291680,466804,111305,559671,1300551,206640,1,0.174
2024-06,20,5.210438396,4.900021246,4.899964346,0.31041715,104.208768,97.999287,2401.01723,48020.345,1004.837279,20,612.210068,557.094113,467.845538,89.248575,55.115955,1936.9927,1774.04675,89.29605,73.6499,23.995839929,,94.48485,894.8712,432.8248,188.300218,154.1396,31.3745,157.27705,60.4066,48.9817,15.109961,80.3686,3.1102,256571,334668,53608,511705,1005343,192622,10,22.684
2024-07,22,5.611776344,5.218646071,5.218548025,0.393130273,123.45908,114.808057,2542.437827,55933.632,998.888948,22,488.324757,420.733235,377.313371,43.419864,67.591523,2113.448591,1982.724682,43.433364,87.290545,15.593082736,,78.179091,1038.133455,588.985273,187.882289,68.862,31.750818,72.037082,79.203091,66.022273,25.169193,36.200136,8.407091,268548,527635,132315,486340,1104184,213919,4,5.307
2024-08,21,6.34330731,5.854298024,5.8540855,0.489009286,133.209454,122.935796,3005.437414,63114.186,973.434314,21,494.207998,441.837446,395.361103,46.476343,52.370552,2272.819952,2156.530286,46.484143,69.805524,15.221313138,,76.721381,1049.548429,747.596952,189.152193,82.587524,44.29619,87.017143,80.892905,40.653381,41.545127,37.543429,3.370333,268900,456728,124773,473660,1189691,204771,1,0.734
2024-09,19,5.667701215,5.257324952,5.256977321,0.410376263,107.686323,99.882569,2645.448126,50263.514,950.237038,19,618.024464,572.45869,482.584327,89.874363,45.565774,2143.070158,1994.603895,89.895632,58.570632,22.847257618,,98.403421,897.116,641.641632,194.531437,155.358368,34.682105,158.826579,64.701158,42.417842,26.214153,73.467474,4.050895,231380,304601,55028,476632,1057657,182848,6,4.393
2024-10,22,5.360783319,5.013354319,5.013222682,0.347429,117.937233,110.290899,2633.242436,57931.334,966.852551,22,328.058235,279.505517,238.870985,40.634532,48.552718,1491.273773,1387.406591,40.640545,63.226636,11.038495008,,47.078182,673.566273,492.096273,119.355772,49.730818,19.637136,51.694532,45.261955,41.641364,18.247327,29.537273,3.617455,224668,346578,98824,464750,1053080,177997,4,5.118
2024-11,20,5.780775749,5.441952299,5.441764649,0.33882345,115.615515,108.835293,2977.691875,59553.838,958.551668,20,344.123854,297.388079,249.353174,48.034905,46.735775,1521.98495,1407.5943,48.0399,66.35075,12.36361946,,47.06295,736.75405,447.38635,125.212219,54.78055,17.7843,56.55898,44.3352,40.27125,15.164165,36.34935,6.65335,248317,370372,132356,495445,1054014,175514,4,10.843
2024-12,21,5.196994629,4.876019772,4.875793772,0.320974857,109.136887,102.391669,2770.684386,58184.372,996.267277,21,468.646708,429.585665,361.503522,68.082143,39.061043,1537.03119,1416.799619,68.090286,52.141286,18.545464041,,71.758381,669.907048,401.757905,142.766665,122.161,20.680571,124.229057,44.977143,40.029905,14.125873,62.652905,5.947905,189933,295807,59404,452252,647959,159895,14,53.61
2025-01,19,5.549928431,5.191552641,5.191292588,0.358375789,105.44864,98.634559,2573.151242,48889.874,994.44593,19,354.651736,309.996336,271.906826,38.089511,44.6554,1659.099579,1562.820684,38.096,58.182895,12.501469621,,54.528789,813.790947,506.774684,140.975631,49.623737,17.725,51.396237,54.950211,45.380632,19.96537,35.506211,6.922158,191209,367012,74148,434323,737699,169592,0,0
2025-02,18,6.153562475,5.800704142,5.800420475,0.352858333,110.764125,104.407569,2998.997867,53981.962,957.793075,18,382.954068,337.480791,277.897541,59.58325,45.473278,1656.353278,1536.836056,59.595,59.922222,14.29921481,,53.309,791.733444,492.855722,137.410902,53.571444,18.275056,55.39895,57.883889,46.670778,16.484865,47.648278,8.762,225718,534700,140010,436848,772768,178130,4,2.849
2025-03,20,6.057912718,5.729443018,5.729212968,0.3284697,121.158254,114.584259,2824.48424,56489.685,947.316384,20,582.177356,538.645516,458.325791,80.319725,43.53184,2119.97965,1982.83315,80.3519,56.7946,21.668550579,,93.17895,959.773,596.58415,195.122092,146.06755,27.6994,148.83749,61.1639,50.1821,21.494652,69.30175,4.28315,215512,381661,93324,444661,716321,139520,10,11.244
2025-04,21,6.028482814,5.609853147,5.609664861,0.418629667,126.598139,117.802962,3073.074452,64534.563,953.18383,21,524.196392,461.286078,417.912744,43.373333,62.910314,2365.623524,2236.089286,43.387905,86.146333,15.402038018,,77.981571,1096.791238,758.742048,195.248116,85.326381,37.543381,89.080719,80.539714,51.245286,43.691812,40.261952,28.71581,230800,347900,111738,431018,870894,138576,3,2.465
2025-05,20,6.106583348,5.817878498,5.817263148,0.28870485,122.131667,116.345263,2984.774295,59695.486,996.783098,20,354.398743,303.293568,262.451888,40.84168,51.105175,1529.6291,1418.57135,40.89055,70.1672,11.388459067,,45.66335,683.6401,482.2708,118.850068,57.59245,18.5196,59.44441,54.46805,51.9196,21.632223,31.73235,8.10075,232982,385525,122985,450853,868403,146101,0,0
2025-06,21,5.896106093,5.603883902,5.603556188,0.29222219,123.818228,117.67468,2912.513581,61162.785,1012.608272,21,474.915423,420.112628,355.668332,64.444295,54.802795,1512.58481,1377.589524,64.504381,70.490905,17.062989746,,68.351429,606.861619,409.340857,133.130999,118.843381,24.957667,121.339148,52.080238,53.373762,16.193065,55.52381,8.00519,202196,298504,100805,390656,774417,148007,4,3.993
2025-07,22,5.993261066,5.70073052,5.700319929,0.292530545,131.851743,125.407038,3021.427632,66471.408,1042.315715,22,328.362557,287.547207,249.737839,37.809368,40.81535,1319.182273,1228.064409,38.357182,52.760682,10.568031564,,45.118545,573.077818,399.591136,106.422239,54.102909,21.724045,56.275314,59.279864,52.677409,20.017253,28.655409,11.740318,202206,348346,148001,378578,836278,163556,3,1.845
2025-08,20,6.828916693,6.502764843,6.502622443,0.32615185,136.578334,130.052449,3337.6408,66752.816,1088.579351,20,330.45431,295.13047,258.53008,36.60039,35.32384,1419.55015,1335.50275,38.5101,45.5373,11.031854156,,48.8524,585.54585,482.492,112.231905,61.6152,22.3715,63.85235,52.8973,57.97775,19.4021,26.22965,12.73925,217582,380790,204567,424785,827343,166989,1,7.747
2025-09,20,6.903445723,6.520624673,6.520376173,0.38282105,138.068914,130.407523,3303.96216,66079.243,1101.453224,20,542.782246,481.009266,404.381336,76.62793,61.77298,1751.9601,1595.62175,78.24235,78.096,21.017015678,,73.16475,668.917,512.9036,145.185486,140.588,27.11355,143.299355,57.9685,63.37595,22.011073,65.0518,16.0781,193426,289547,92576,485659,780763,161614,1,1.85
2025-10,22,8.424896857,7.887689221,7.887601221,0.537207636,185.347731,173.527227,3760.720891,82735.86,1168.675044,22,454.806855,373.7836,330.351419,43.432182,81.023255,1940.078545,1783.245273,44.820227,112.013045,15.359928407,,62.010364,749.817591,690.225955,143.894382,71.960045,35.619682,75.522014,65.312273,69.640682,33.27327,31.426409,26.107182,199474,316366,134247,468945,900925,170222,5,25.351
2025-11,18,8.593535866,8.124174921,8.12403131,0.469360944,154.683646,146.232564,3717.397783,66913.16,1182.751518,18,402.640888,359.555354,312.841893,46.713461,43.085533,2023.032722,1908.833333,47.788111,66.411278,15.24497005,,53.797833,805.224833,791.245444,142.232771,69.0615,29.820389,72.043539,57.188778,67.908611,30.66445,34.7325,22.416278,218895,336435,135879,475989,921419,189752,4,13.759
2025-12,22,6.503834984,6.142813939,6.14271203,0.361021045,143.08437,135.139665,3191.273327,70208.013,1192.648298,22,436.762034,390.494166,315.461939,75.032227,46.267868,1428.863409,1284.867136,77.189773,66.8065,19.042379118,,55.281682,485.694864,478.1925,108.633093,113.253136,25.884364,115.841573,38.236409,39.525909,22.645722,64.306909,14.446955,167030,282594,65433,408507,680712,172879,13,92.736
2026-01,19,8.567850162,8.054523531,8.054450794,0.513326632,162.789153,153.034565,3527.135095,67015.567,1246.628623,19,379.624192,314.396449,266.959281,47.437168,65.227742,1658.210158,1517.050158,48.615789,92.544211,15.368792149,,43.972632,583.907211,653.057579,108.893928,67.911421,36.953316,71.606753,44.081053,49.766,28.329109,43.030947,22.293684,183333,275784,90186,434593,758560,174907,0,0
2026-02,18,10.913989245,10.340719356,10.340310634,0.573269889,196.451806,186.125591,4004.158472,72074.852,1372.382436,18,408.815687,363.512748,318.363143,45.149606,45.302939,2015.981556,1907.857778,46.023556,62.100222,16.721758987,,52.370278,719.615389,862.352611,132.955343,68.8685,43.003833,73.168883,58.411444,54.898056,40.444477,40.747056,33.122389,209989,288329,108269,474861,816623,181292,2,13.242
2026-03,21,10.215679053,9.574048767,9.573935815,0.641630286,214.52926,201.052652,3965.627681,83278.181,1213.165267,21,607.699369,567.704374,485.882236,81.822138,39.994995,2724.186048,2580.903286,87.075524,56.207238,27.981152734,,91.526857,935.655571,1158.454524,196.67696,158.261095,53.138048,163.5749,58.292,64.707571,48.883414,79.301143,21.966714,191546,259056,102425,436005,740500,165502,3,8.284
2026-04,21,9.849880514,9.330160514,9.3300838,0.51972,206.847491,195.93176,3548.015133,74508.318,1293.455736,21,324.193861,302.023032,265.66337,36.359662,22.170829,1750.732714,1677.921762,37.154619,35.656333,13.961530909,,44.153429,593.641286,821.64181,111.733975,68.202762,20.763429,70.279105,49.374952,50.965286,33.497475,34.577714,16.365905,183706,281137,119287,435804,800830,183922,4,1.379
2026-05,18,13.288341009,12.729101454,12.728966787,0.559239556,239.190138,229.121402,4303.185178,77457.333,1376.658797,18,374.6442,349.896233,297.826228,52.070006,24.747967,1925.557278,1832.945278,53.062056,39.549944,16.992083561,,47.227889,675.730056,868.746667,123.488361,70.544,21.436111,72.687611,42.546667,52.900333,37.321854,45.314,40.5485,201110,257422,102584,482765,798320,199761,0,0
2026-06,22,14.084475877,13.365185286,13.36509165,0.719290591,309.858469,294.032016,3782.523677,83215.521,1384.750323,22,522.573789,499.676911,416.083957,83.592955,22.896877,2365.6535,2240.078591,88.650545,36.924364,26.96984528,,77.143091,792.8415,1039.955682,166.826798,133.027727,28.607227,135.88845,48.402864,61.260727,60.784858,75.193773,25.471364,178611,235305,84381,408960,765660,179884,2,0.281
2026-07,22,12.521091093,11.92719273,11.92711882,0.593898364,275.464004,262.396614,3696.556286,81324.238,1362.573525,22,378.820422,360.113572,309.426659,50.686914,18.70685,2206.201818,2124.915818,51.258455,30.027545,18.244232342,,54.743818,775.247273,1057.875409,142.8473,68.055045,23.6555,70.420595,42.777864,54.644455,44.242466,42.169955,38.526636,193476,271546,112372,372446,798547,191475,,
