month,total_assets_usdbn,advisory_assets_usdbn,brokerage_assets_usdbn,nna_total_usdbn,nna_advisory_usdbn,nna_brokerage_usdbn,client_cash_usdbn
2016-01,458.7,180.4,278.3,0.0,0.2,-0.2,31.0
2016-02,459.7,180.5,279.2,0.6,0.6,0.0,31.2
2016-03,478.7,189.5,289.2,0.4,1.2,-0.8,30.4
2016-04,482.0,191.7,290.3,-0.2,0.8,-1.0,29.5
2016-05,485.5,194.0,291.5,0.9,1.0,-0.1,29.2
2016-06,488.0,196.1,291.9,0.6,1.0,-0.4,29.2
2016-07,500.4,202.0,298.4,0.8,1.3,-0.5,28.9
2016-08,502.4,204.0,298.4,1.1,1.7,-0.6,29.1
2016-09,502.4,205.5,296.9,-0.9,1.1,-2.0,29.2
2016-10,494.8,203.3,291.5,-0.1,1.1,-1.2,29.5
2016-11,501.3,207.3,294.0,0.8,1.8,-1.0,30.2
2016-12,509.4,211.6,297.8,1.8,1.9,-0.1,31.3
2017-01,516.7,216.3,300.4,0.6,1.7,-1.1,30.0
2017-02,527.5,222.7,304.8,0.8,2.0,-1.2,29.6
2017-03,530.3,225.7,304.6,1.2,2.3,-1.1,30.0
2017-04,534.8,228.9,305.9,0.1,1.4,-1.3,29.0
2017-05,539.5,233.5,306.0,0.4,2.5,-2.1,28.3
2017-06,542.0,236.8,305.2,-0.1,2.0,-2.1,27.8
2017-07,549.7,242.2,307.5,0.9,2.5,-1.6,27.3
2017-08,551.4,245.3,306.1,1.1,2.7,-1.6,28.3
2017-09,560.0,250.2,309.8,0.9,1.7,-0.8,28.3
2017-10,566.4,254.8,311.6,0.6,1.7,-1.1,27.7
2017-11,575.0,260.7,314.3,1.3,2.3,-1.0,27.7
2017-12,615.1,273.0,342.1,35.6,10.0,25.6,29.8
2018-01,636.5,284.2,352.3,3.7,3.0,0.7,28.7
2018-02,650.9,284.3,366.6,31.4,8.4,23.0,29.7
2018-03,647.5,283.5,364.1,3.8,1.7,2.1,29.6
2018-04,652.3,284.7,367.6,2.1,1.1,1.0,28.9
2018-05,659.5,290.3,369.2,0.3,1.9,-1.6,28.6
2018-06,659.1,291.5,367.5,0.1,1.3,-1.2,28.6
2018-07,668.9,298.5,370.4,0.4,1.5,-1.1,28.2
2018-08,678.7,304.4,374.4,1.3,1.5,-0.2,28.1
2018-09,681.0,306.1,374.9,2.7,2.2,0.5,28.2
2018-10,649.3,291.7,357.5,2.2,2.1,0.1,29.1
2018-11,659.7,297.0,362.7,2.9,2.0,0.9,29.9
2018-12,628.1,282.0,346.0,0.8,0.9,-0.1,34.9
2019-01,660.8,298.5,362.3,0.7,0.9,-0.2,32.2
2019-02,675.6,306.4,369.2,0.9,1.5,-0.6,30.8
2019-03,684.0,311.9,372.1,2.3,2.2,0.1,30.7
2019-04,699.3,320.5,378.8,0.7,1.6,-1.0,29.6
2019-05,677.3,311.3,366.0,2.0,2.8,-0.8,29.8
2019-06,706.0,327.3,378.7,3.3,3.2,0.1,30.1
2019-07,713.4,332.1,381.3,2.9,2.8,0.1,29.9
2019-08,711.7,333.0,378.7,5.9,4.3,1.6,31.0
2019-09,719.3,338.0,381.3,3.1,2.9,0.2,31.2
2019-10,731.7,345.3,386.5,3.4,2.8,0.6,31.6
2019-11,747.8,354.9,392.9,3.1,3.1,0.0,31.8
2019-12,764.4,365.8,398.6,5.9,5.6,0.3,33.7
2020-01,767.0,369.2,397.7,3.5,3.8,-0.3,33.5
2020-02,736.6,355.7,380.9,5.3,4.6,0.7,34.2
2020-03,669.9,322.3,347.6,5.6,4.8,0.8,47.8
2020-04,718.0,348.9,369.1,3.4,2.8,0.7,47.0
2020-05,745.9,364.9,381.0,4.2,3.1,1.1,46.2
2020-06,761.7,375.3,386.4,5.4,4.3,1.0,45.3
2020-07,791.9,392.7,399.2,2.9,2.9,0.0,45.1
2020-08,822.7,410.4,412.2,3.1,3.1,0.0,45.1
2020-09,810.4,405.9,404.4,5.1,4.4,0.7,46.6
2020-10,807.6,406.0,401.6,6.5,5.7,0.8,48.3
2020-11,873.3,442.0,431.3,7.4,5.8,1.6,48.1
2020-12,903.1,461.2,441.9,7.9,6.8,1.1,48.9
2021-01,907.0,464.6,442.3,3.6,4.2,-0.6,48.8
2021-02,925.1,477.4,447.7,5.9,6.0,-0.0,48.3
2021-03,958.3,496.7,461.6,19.4,12.5,6.9,48.3
2021-04,1063.2,550.5,512.7,73.8,38.0,35.9,47.7
2021-05,1074.1,559.0,515.1,6.1,5.7,0.4,47.8
2021-06,1112.3,577.6,534.7,26.0,11.2,14.8,48.4
2021-07,1129.9,588.4,541.4,10.0,5.7,4.3,48.5
2021-08,1156.9,604.6,552.3,7.6,6.4,1.2,49.7
2021-09,1132.6,594.0,538.6,11.4,9.6,1.8,50.7
2021-10,1180.5,623.3,557.2,7.2,6.6,0.7,50.9
2021-11,1170.8,620.1,550.7,6.9,7.1,-0.3,51.9
2021-12,1206.4,643.2,563.2,12.1,10.5,1.6,57.3
2022-01,1157.8,619.6,538.2,6.1,5.9,0.1,58.4
2022-02,1144.8,612.9,531.9,5.2,5.4,-0.2,60.4
2022-03,1163.1,624.3,538.8,6.3,6.0,0.3,61.7
2022-04,1095.8,586.3,509.5,1.9,2.2,-0.3,61.7
2022-05,1120.4,591.8,528.6,24.8,5.1,19.6,67.2
2022-06,1064.6,558.6,506.0,10.5,4.1,6.5,69.6
2022-07,1124.3,593.4,530.9,4.8,3.0,1.8,69.4
2022-08,1104.8,580.0,524.9,9.7,4.2,5.5,65.8
2022-09,1038.4,542.6,495.8,5.4,3.8,1.6,66.8
2022-10,1086.6,569.3,517.3,4.0,1.6,2.4,65.2
2022-11,1135.9,599.0,536.9,5.6,3.6,2.0,62.5
2022-12,1110.8,583.1,527.7,11.7,7.4,4.2,64.1
2023-01,1164.9,615.2,549.7,8.6,4.0,4.6,59.7
2023-02,1147.8,606.1,541.7,5.2,4.3,1.0,56.2
2023-03,1175.2,620.9,554.3,10.6,6.3,4.3,54.6
2023-04,1187.7,628.2,559.5,4.4,3.4,1.0,50.9
2023-05,1190.0,629.8,560.2,8.1,7.0,1.2,50.1
2023-06,1240.2,661.6,578.6,9.2,7.7,1.5,49.6
2023-07,1278.4,684.4,594.0,11.0,7.7,3.4,48.3
2023-08,1271.3,680.8,590.5,13.1,8.3,4.7,47.7
2023-09,1238.4,662.7,575.7,9.1,6.7,2.4,46.9
2023-10,1219.4,653.6,565.8,7.2,5.7,1.5,46.6
2023-11,1300.4,702.3,598.2,8.4,6.7,1.7,46.6
2023-12,1354.1,735.8,618.2,9.2,8.1,1.1,48.2
2024-01,1361.8,740.7,621.1,2.0,2.4,-0.4,46.9
2024-02,1403.3,768.4,634.9,6.8,6.4,0.4,46.0
2024-03,1440.9,793.0,647.9,7.9,7.5,0.4,46.3
2024-04,1413.0,775.5,637.5,12.0,7.6,4.3,45.7
2024-05,1466.4,809.4,657.0,11.2,9.9,1.3,44.5
2024-06,1497.8,829.1,668.7,10.8,9.2,1.6,44.0
2024-07,1529.3,850.6,678.7,9.0,6.8,2.2,44.0
2024-08,1560.1,869.5,690.6,6.8,5.7,1.2,43.3
2024-09,1592.1,892.0,700.1,11.7,11.2,0.5,45.8
2024-10,1673.3,910.6,762.7,96.6,30.1,66.5,48.3
2024-11,1759.3,973.8,785.6,35.0,28.4,6.6,50.5
2024-12,1740.7,957.0,783.7,25.8,12.6,13.2,55.1
2025-01,1811.8,992.4,819.4,34.1,13.5,20.6,52.2
2025-02,1823.1,995.0,828.2,24.5,9.6,14.8,51.3
2025-03,1794.9,977.4,817.5,20.2,14.5,5.8,53.1
2025-04,1787.9,978.6,809.4,6.1,6.9,-0.8,51.8
2025-05,1854.5,1021.6,832.9,6.5,8.3,-1.8,49.2
2025-06,1919.2,1060.7,858.5,8.0,7.9,0.1,50.6
2025-07,1939.4,1077.0,862.4,5.5,7.5,-2.0,49.5
2025-08,2263.5,1308.3,955.3,292.8,211.1,81.7,52.7
2025-09,2314.5,1346.9,967.7,9.4,10.4,-1.0,55.8
2025-10,2351.1,1374.4,976.8,7.3,9.2,-2.0,54.9
2025-11,2363.6,1385.9,977.6,6.7,8.3,-1.7,54.6
2025-12,2370.5,1392.7,977.9,10.6,10.2,0.4,61.0
2026-01,2408.5,1422.7,985.8,4.2,6.1,-2.0,56.5
2026-02,2430.8,1441.6,989.3,9.1,10.0,-0.9,55.9
2026-03,2336.3,1390.4,945.9,8.1,9.7,-1.6,59.1
2026-04,2477.7,1482.7,995.0,3.1,6.0,-3.0,55.5
2026-05,2554.6,1537.3,1017.3,8.8,11.0,-2.2,54.8
2026-06,2562.7,1548.4,1014.3,11.8,13.8,-2.0,56.9
2026-07,2546.6,1544.2,1002.4,7.4,10.2,-2.8,54.3
