month,mm_companies_eop_count,mm_companies_uk_eop_count,mm_companies_intl_eop_count,mm_marketcap_eop_gbp_mn,mm_marketcap_uk_eop_gbp_mn,mm_marketcap_intl_eop_gbp_mn,mm_new_issues_count,mm_new_issues_uk_count,mm_new_issues_intl_count,mm_cancellations_count,mm_further_issues_count,mm_money_raised_new_gbp_mn,mm_money_raised_further_gbp_mn,aim_companies_eop_count,aim_companies_uk_eop_count,aim_companies_intl_eop_count,aim_marketcap_eop_gbp_mn,aim_new_issues_count,aim_new_issues_uk_count,aim_new_issues_intl_count,aim_cancellations_count,aim_further_issues_count,aim_money_raised_new_gbp_mn,aim_money_raised_further_gbp_mn
2016-01,,,,,,,,,,,,,,1033,836,197,68261.88312376436,2,2,0,13,124,110,265.20739999999995
2016-02,,,,,,,,,,,,,,1029,834,195,68647.10697062229,4,4,0,8,118,33.5,141.14690000000002
2016-03,,,,,,,,,,,,,,1020,828,192,70766.70482170081,9,8,1,18,163,137.89049999999997,111.90990000000002
2016-04,,,,,,,,,,,,,,1013,824,189,72987.20020386516,6,6,0,13,180,62.910799999999995,158.50830000000002
2016-05,,,,,,,,,,,,,,1016,829,187,74662.99910752801,13,12,1,10,146,150.918,304.9245
2016-06,,,,,,,,,,,,,,1013,829,184,71745.17217518171,7,6,1,10,166,227.1585,223.58950000000004
2016-07,,,,,,,,,,,,,,1010,825,185,77396.92049553985,4,3,1,7,165,61.5539,737.3675000000001
2016-08,,,,,,,,,,,,,,1007,823,184,80568.92295094079,5,4,1,8,151,26,180.599
2016-09,,,,,,,,,,,,,,1000,818,182,82987.93293935446,2,0,2,9,183,172.5694,140.51539999999997
2016-10,,,,,,,,,,,,,,995,815,180,80883.42929294972,2,2,0,7,187,57.3559,342.83800000000014
2016-11,,,,,,,,,,,,,,993,815,178,81172.68335052283,4,4,0,6,171,18.3081,663.1510000000001
2016-12,,,,,,,,,,,,,,982,809,173,80814.08324446996,6,4,2,17,168,45.5156,392.09780000000006
2017-01,,,,,,,,,,,,,,973,801,172,85038.865809,1,1,0,10,136,40,161.39927473
2017-02,,,,,,,,,,,,,,973,803,170,87171.733591,6,5,1,6,195,83.05286708,167.45788718
2017-03,,,,,,,,,,,,,,967,800,167,88978.761226,3,3,0,9,199,52.79918715,320.06178879
2017-04,,,,,,,,,,,,,,967,803,164,92835.936549,6,6,0,6,200,143.84999958,256.90083094
2017-05,,,,,,,,,,,,,,966,804,162,95591.623658,7,7,0,8,202,72.05940137,316.91775154
2017-06,,,,,,,,,,,,,,963,802,161,93598.01,5,2,3,8,209,50.1960629,351.65825557
2017-07,,,,,,,,,,,,,,964,805,159,96295.846198,12,10,2,11,170,374.43829344,629.59265358
2017-08,,,,,,,,,,,,,,963,806,157,100446.039684,9,9,0,10,153,233.85999956,361.10159379
2017-09,,,,,,,,,,,,,,959,804,155,100238.368822,4,4,0,8,131,174.282019,52.2128611
2017-10,,,,,,,,,,,,,,957,802,155,104288.239478,5,4,1,7,190,70.68140336,928.01309983
2017-11,,,,,,,,,,,,,,958,804,154,104763.003481,10,8,2,9,164,148.14855892,488.18665314
2017-12,,,,,,,,,,,,,,960,808,152,106882.266107,12,10,2,10,196,142.25119009,754.71637498
2018-01,,,,,,,,,,,,,,956,804,152,108414.13628,3,3,0,7,166,8.7684971,277.97112097
2018-02,,,,,,,,,,,,,,950,800,150,105826.825905,2,2,0,7,151,100.0000011,547.96076412
2018-03,,,,,,,,,,,,,,947,800,147,103313.010823,7,6,1,10,140,54.74674095,539.43225832
2018-04,,,,,,,,,,,,,,941,795,146,108026.239522,5,3,2,11,159,58.12010173,467.98275818
2018-05,1165,944,221,4106372.256293,2634816.170232,1471556.086061,7,7,0,6,72,266.8009068,1327.64635244,941,796,145,111319.67943,5,5,0,5,171,246.08704605,247.47644002
2018-06,1166,942,224,4096868.382911,2614579.971988,1482288.410923,8,5,3,5,66,7.00999995,1725.32600631,944,799,145,110777.756735,14,11,3,11,148,313.79413416,344.27684084
2018-07,1171,946,225,4154718.13399,2650377.650638,1504340.483352,12,10,2,8,56,1150.97466028,1590.37972193,942,797,145,112813.785967,6,5,1,9,144,351.95927185,238.39447042
2018-08,1169,945,224,4036362.382836,2554183.189442,1482179.193394,2,2,0,4,41,27.22263082,460.35274009,942,796,146,114499.816694,5,4,1,5,128,186.54451584,417.86439164
2018-09,1164,940,224,4074661.231243,2587811.963081,1486849.268162,3,2,1,7,50,270.585977,240.31079731,937,792,145,115119.931191,2,1,1,7,89,3.5000004,102.49324677
2018-10,1166,943,223,3887106.580437,2449890.524161,1437216.056276,10,9,1,7,96,1336.5095782,1941.11686022,928,785,143,102426.253043,4,3,1,13,148,176.98125083,420.15460101
2018-11,1168,942,226,3777996.652931,2366656.359496,1411340.293435,9,5,4,4,52,1108.85162738,780.93272821,926,785,141,98345.164327,5,4,1,7,124,49.5937507,145.3308593
2018-12,1166,939,227,3689685.235413,2279826.176864,1409859.058549,4,3,1,5,42,102.459135,939.90878519,923,781,142,91253.12,7,5,2,10,117,47.00000136,192.91780634
2019-01,1161,935,226,3697754.73718,2329181.026068,1368573.711112,3,1,2,6,37,1.756,38.07308393,919,778,141,96890.714918,0,0,0,4,112,0,101.245803
2019-02,1158,933,225,3767552.713408,2369477.91419,1398074.799218,2,1,1,4,45,0,1071.0282961,913,773,140,96174.896829,3,2,1,9,115,1.0200001,498.82558896
2019-03,1156,935,221,3836880.453497,2441014.328975,1395866.124522,6,5,1,7,68,440.77061646,848.36603882,904,769,135,97607.970943,2,2,0,11,138,17.00000452,389.54388971
2019-04,1157,936,221,3904247.235696,2494485.711598,1409761.524098,6,5,1,5,94,153.4441874,3812.43729487,904,769,135,104119.052025,1,1,0,1,149,61.596194,745.45928329
2019-05,1158,939,219,3717971.755381,2407885.663731,1310086.09165,6,5,1,4,58,231.19797001,1568.69779907,901,767,134,104078.588846,4,4,0,6,128,28.58420198,97.83813726
2019-06,1158,938,220,3861480.549636,2484800.954312,1376679.595324,6,4,2,5,50,1739.46301429,1498.3633153,900,766,134,100236.504725,5,5,0,6,129,28.23909367,138.46686029
2019-07,1161,940,221,3957969.39561,2521260.997374,1436708.398236,6,5,1,3,58,610.56623428,868.50194279,895,761,134,101385.878729,1,0,1,6,137,121.10881816,218.68457439
2019-08,1154,935,219,3831120.074942,2406482.378943,1424637.695999,3,1,2,10,34,0,60.69833633,886,757,129,94216.865053,1,1,0,10,121,56.72694625,135.12675736
2019-09,1153,934,219,3915338.79514,2471422.728575,1443916.066565,4,3,1,6,51,153.974889,525.67118967,,,,,,,,,,,
2019-10,1149,931,218,3748823.462368,2422069.987257,1326753.475111,3,3,0,7,62,111.01864073,1495.67437785,876,749,127,96855.58,0,0,0,6,137,0,428.64025076
2019-11,1146,929,217,3807363.885133,2460811.718257,1346552.166876,2,1,1,4,60,2.6,372.42970544,872,745,127,100211.55,1,1,0,4,136,9.5,167.88742364
2019-12,1143,928,215,3815824.600632,2535552.349985,1280272.250647,4,3,1,6,50,614.62269691,748.5808042,863,740,123,104227.96,2,2,0,11,139,108.48811749,385.24420953
2020-01,1140,924,216,3723873.381524,2450298.627793,1273574.753731,3,3,0,6,48,1.43629996,179.2323909,851,732,119,103862.96,3,3,0,15,132,7.00000013,202.02520655
2020-02,1140,924,216,3449955.346353,2213380.8944,1236574.451953,4,3,1,4,51,403.135,348.61188237,847,728,119,93629.427272,2,2,0,6,108,23.4999999,203.02973657
2020-03,1133,919,214,2923704.545033,1867090.379175,1056614.165858,6,5,1,11,55,4.3953163,911.67855561,843,724,119,74349.585022,1,1,0,5,108,20,379.34498082
2020-04,1131,917,214,2992347.500992,1953059.056865,1039288.444127,3,2,1,5,96,5.41930574,2614.55124668,840,721,119,88446.352992,1,1,0,4,127,8.06472315,709.25234972
2020-05,1130,916,214,3104247.312556,2018858.758927,1085388.553629,2,1,1,3,75,69.42294,5204.93226348,832,716,116,98611.714094,1,1,0,9,146,0,643.97429943
2020-06,1126,912,214,3167082.857882,2059580.790889,1107502.066993,3,2,1,7,67,1586.94089869,4961.51288147,830,715,115,97523.99422,1,1,0,3,170,16,623.77227524
2020-07,1121,910,211,3014329.580825,1985384.700589,1028944.880236,1,1,0,5,64,0,1802.87790029,830,715,115,99015.057627,3,2,1,3,193,77.50349955,600.39620638
2020-08,1120,909,211,3084232.504284,2024869.088609,1059363.415675,1,0,1,1,42,1.34499951,15.87681047,825,710,115,107433.73033,1,1,0,6,151,29.05736275,192.28542415
2020-09,1119,908,211,3053928.748693,1995011.391813,1058917.35688,4,3,1,6,67,2474.00040813,2884.39268212,822,708,114,107358.985139,2,2,0,5,172,41.00000048,117.51076015
2020-10,1124,909,215,2956265.90069,1918030.060869,1038235.839821,10,4,6,5,61,1723.76665179,3227.36708216,821,708,113,107053.5,4,4,0,5,201,44.74999956,363.08880833
2020-11,1117,904,213,3325886.154057,2161708.152487,1164178.00157,2,2,0,7,70,214.84077404,4909.06243407,820,708,112,118486.412088,4,3,1,5,172,49.57720058,620.74647218
2020-12,1125,910,215,3504853.957652,2320129.124821,1184724.832831,16,12,4,9,64,1877.73511118,2021.48053658,819,707,112,131133.177189,8,7,1,9,203,165.33896716,570.20427991
2021-01,1120,907,213,3443935.005125,2300738.691744,1143196.313381,3,3,0,8,61,0,763.23782919,816,705,111,131927.594112,4,4,0,7,173,9.58499988,74.51508466
2021-02,1124,911,213,3536094.259833,2360770.702622,1175323.557211,10,9,1,5,62,940.55982266,1107.12934668,817,705,112,134455.3573,3,2,1,2,251,15.70586014,807.49749907
2021-03,1122,908,214,3663696.668172,2433190.773734,1230505.894438,7,6,1,9,109,316.9570619,2136.26515883,822,710,112,137274.394897,8,7,1,3,220,85.71904868,650.90674364
2021-04,1121,908,213,3723307.754455,2540869.494908,1182438.259547,5,4,1,5,89,1060.53999785,1588.7705428,822,711,111,147794.342613,6,6,0,7,195,39.07803388,383.94858071
2021-05,1122,910,212,3762339.991601,2561261.674809,1201078.316792,8,8,0,6,67,636.98288922,1644.14277383,822,712,110,145526.975473,7,6,1,6,169,183.64549166,304.85460095
2021-06,1126,915,211,3786432.607173,2555120.223177,1231312.383996,7,6,1,3,74,203.75000001,1282.20227606,826,714,112,147073.942126,7,5,2,2,178,75.35000359,1325.13469319
2021-07,1133,923,210,3755471.699754,2606197.78592,1149273.913834,13,12,1,6,83,755.13086845,1299.09613389,837,723,114,147076.110625,16,14,2,5,154,390.58951918,503.2540528
2021-08,1130,922,208,4400367.976522,2656044.256755,1744323.719767,3,2,1,6,53,5.49388498,122.30595083,836,723,113,151851.715397,4,3,1,5,109,279.09825505,236.21388108
2021-09,1129,922,207,4395891.007181,2608824.702103,1787066.305078,3,3,0,4,76,6.9999995,2922.46633894,835,723,112,148749.126994,6,6,0,7,126,110.12000002,252.0394936
2021-10,1124,920,204,3821246.925541,2643016.677423,1178230.248118,6,6,0,10,60,1161.16265571,2909.5518029100003,837,723,114,146675.991008,6,4,2,4,120,64.80934667,1084.13468677
2021-11,1128,925,203,3733858.158016,2583554.457767,1150303.700249,14,12,2,10,59,1517.66801292,2617.08334004,842,727,115,144750.719033,8,5,3,3,131,437.89389912,668.66053396
2021-12,1127,924,203,3839964.389628,2685919.742559,1154044.647069,7,4,3,7,74,366.31184676,709.98576428,852,734,118,150004.149345,12,8,4,2,179,161.5496748,581.7460479
2022-01,1127,924,203,3766722.402461,2543968.53517,1222753.867291,5,5,0,5,53,13.8929198,409.58991321,845,727,118,134457.10091,1,1,0,8,129,15,322.06829465
2022-02,1125,921,204,3771601.899013,2585020.155745,1186581.743268,2,1,1,4,60,118.105,522.07947495,846,729,117,124981.677386,7,5,2,6,113,57.68317586,68.91511372
2022-03,1130,926,204,3770241.519934,2605056.12581,1165185.394124,10,9,1,6,69,191.5216466,637.85948626,844,728,116,125679.093209,2,2,0,4,127,14.1000015,214.37873751
2022-04,1134,929,205,3745203.251492,2595900.113847,1149303.137645,6,5,1,3,101,197.2926671,1046.62607949,842,727,115,122506.641884,1,1,0,3,142,0,337.63957315
2022-05,1132,929,203,3736798.268973,2593379.150564,1143419.118409,3,3,0,5,62,5.00000002,989.09153589,840,726,114,116771.571286,1,1,0,3,141,6,139.86532236
2022-06,1119,922,197,3551874.112712,2430840.496038,1121033.616674,1,0,1,13,38,0,865.78123704,835,721,114,105326.935847,1,1,0,6,114,0,145.21117453
2022-07,1118,921,197,3689207.644885,2543793.513962,1145414.130923,9,7,2,10,54,548.66825437,598.19852059,833,719,114,106375.374332,2,2,0,4,119,11.01,161.00443965
2022-08,1111,918,193,3612995.386652,2464017.042165,1148978.344487,0,0,0,6,58,0,120.84941221,831,717,114,102885.79298,0,0,0,2,123,0,168.69495968
2022-09,1109,917,192,3487817.508855,2295975.669411,1191841.839444,6,6,0,8,43,16.895,805.90587252,827,713,114,92998.996292,1,1,0,5,92,8.00000016,45.14946688
2022-10,1111,917,194,3511876.286473,2351452.411922,1160423.874551,7,3,4,4,50,117.96279017,76.0810126,827,714,113,93188.791945,1,1,0,1,114,19.9999998,369.95066612
2022-11,1105,913,192,3677400.500379,2515670.076821,1161730.423558,3,2,1,9,55,263.015,505.77294118,825,712,113,97928.851691,0,0,0,2,111,0,165.25710414
2022-12,,,,,,,,,,,,,,816,705,111,93207.44446,2,2,0,12,117,3.67363658,88.5676706
2023-01,1101,910,191,3724732.487481,2564521.762858,1160210.724623,2,2,0,7,39,3.67749999,22.2258863,813,702,111,96926.698809,1,0,1,4,108,2.395,67.85396086
2023-02,1097,908,189,3726894.154436,2585750.077277,1141144.077159,1,1,0,5,56,60.23438545,665.84909765,810,699,111,95689.05495,1,1,0,4,91,2.99999998,152.31216576
2023-03,1092,905,187,3599595.30217,2487869.712094,1111725.590076,0,0,0,4,58,0,667.76832635,807,696,111,90292.456657,1,1,0,4,99,12.75,159.11576549
2023-04,1091,906,185,3659847.276739,2559816.476416,1100030.800323,4,4,0,5,88,8.75075082,424.83663471,805,693,112,91933.913393,4,3,1,6,106,19.36254957,137.45249073
2023-05,1086,904,182,3504866.86278,2423400.038054,1081466.824726,4,3,1,9,56,466.81292416,317.44310733,800,688,112,84831.74,1,1,0,6,96,1.98199966,124.03607527
2023-06,1087,907,180,3448222.786503,2435896.704214,1012326.082289,5,5,0,4,46,8.85230521,676.73561555,792,681,111,81429.2,1,1,0,9,135,2.72047215,234.42629049
2023-07,1084,906,178,3530583.562579,2492773.498029,1037810.06455,2,1,1,5,44,403.14866145,355.66250518,788,678,110,85686.28,1,1,0,5,101,2.2,155.81524202
2023-08,1077,900,177,3439795.886285,2405112.969467,1034682.916818,2,2,0,9,47,0,257.02885203,786,676,110,81254.494928,1,1,0,3,100,5.99924,61.21421412
2023-09,1075,898,177,3524034.086467,2447001.861273,1077032.225194,1,0,1,3,34,0,307.18246001,778,671,107,79457.96,1,1,0,9,92,4.592906,73.61380282
2023-10,1070,894,176,3386367.720748,2337175.452797,1049192.267951,0,0,0,6,45,0,1208.85274681,769,664,105,72348,0,0,0,9,102,0,191.47226884
2023-11,1065,890,175,3398173.819879,2397200.984491,1000972.835388,2,1,1,7,42,1.80767902,1451.3620942,760,657,103,74543.7,0,0,0,9,83,0,81.55932197
2023-12,1057,886,171,3455533.450217,2505035.714693,950497.735524,0,0,0,9,49,0,310.73385847,753,652,101,78958.199286,3,3,0,10,120,2,108.48074752
2024-01,1048,881,167,3424787.141887,2455617.466629,969169.675258,0,0,0,10,67,0,75.2771967,744,643,101,77722.864379,2,1,1,11,103,199.99999973,71.56925893
2024-02,1042,877,165,3584071.414384,2448373.274257,1135698.140127,1,0,1,7,46,302.22601664,164.99665213,742,641,101,76126.621911,2,2,0,4,92,5.14500768,84.22477889
2024-03,1036,872,164,3739173.753203,2550230.992081,1188942.761122,1,1,0,7,58,3.227712,1029.99557375,738,637,101,76607.896728,0,0,0,4,100,0,100.40382791
2024-04,1034,869,165,3744100.946306,2600016.768182,1144084.178124,2,1,1,5,83,3.04499402,325.0817844,730,630,100,76595.977226,2,2,0,10,115,13.962089,85.12182092
2024-05,1028,863,165,3777309.533427,2641404.57897,1135904.954457,1,1,0,6,63,0,7368.86198183,722,623,99,79286.990967,3,2,1,11,106,1.32273561,106.87805047
2024-06,1022,860,162,3690737.290191,2595265.492168,1095471.798023,3,3,0,9,40,31.4400016,179.43808731,718,619,99,76530.72716,1,0,1,5,111,19.50025176,134.44747372
2024-07,1014,853,161,3686869.625599,2680864.131545,1006005.494054,3,2,1,9,56,19.83276,798.91089638,713,617,96,78556.938792,2,2,0,7,121,53.99999999,65.7079886
2024-08,1006,846,160,3660499.742777,2634512.351534,1025987.391243,2,1,1,11,32,0,6.76535839,704,610,94,76117.725424,1,1,0,10,92,0.49147193,78.1243197
2024-09,1000,841,159,3622253.561203,2592001.373674,1030252.187529,2,1,1,8,24,42.13012428,54.26774746,695,601,94,71912.637639,1,1,0,10,56,0,82.00502595
2024-10,993,836,157,3555903.399706,2532062.745649,1023840.654057,3,2,1,8,58,2.65,554.960396,693,599,94,70049.521161,2,1,1,4,106,5.62499981,371.84921088
2024-11,987,833,154,3490128.984077,2575841.483533,914287.500544,0,0,0,8,45,0,3805.49224581,688,593,95,69619.981636,2,1,1,7,83,15.36249974,177.94913936
2024-12,972,822,150,3446028.826088,2539810.840487,906217.985601,2,0,2,15,47,0,363.49923586,685,591,94,69010.402523,3,3,0,6,101,268.20232891,194.71431157
2025-01,967,816,151,3630541.778167,2665400.767281,965141.010886,1,0,1,6,39,1.50000006,65.45410349,680,587,93,68563.657803,0,0,0,5,94,0,94.02086665
2025-02,968,816,152,3680403.774241,2678836.253138,1001567.521103,3,2,1,2,54,54,732.57473404,669,578,91,70192.614646,1,1,0,12,85,5.14999973,122.4411032
2025-03,963,811,152,3562607.910979,2599736.063717,962871.847262,2,2,0,7,62,11.11903056,236.22606567,663,572,91,63609.583771,3,2,1,9,97,10.90354617,133.30764324
2025-04,957,807,150,3523064.665237,2578267.303567,944797.36167,2,2,0,8,81,3.71921584,269.8421433,658,567,91,63476.900085,3,3,0,7,93,104.82397473,29.35393254
2025-05,953,804,149,3623611.750968,2665354.251839,958257.499129,1,1,0,5,57,0,88.49334136,650,560,90,66370.41649,1,1,0,9,101,0.49999998,71.16890522
2025-06,945,797,148,3621361.65227,2656834.677744,964526.974526,1,0,1,8,46,0,568.74205615,647,557,90,68353.271485,2,2,0,6,95,2,102.20261922
2025-07,942,794,148,3786450.139363,2757078.857258,1029371.282105,3,2,1,5,58,2.49999995,407.68485543,638,548,90,67801.303246,1,1,0,10,122,2.30000003,1277.63734645
2025-08,941,793,148,3839719.509902,2775538.428667,1064181.081235,2,2,0,3,40,0,211.87515275,634,544,90,66538.479912,4,4,0,8,77,2.801,48.2727706
2025-09,936,788,148,3908406.963251,2822042.992204,1086363.971047,1,1,0,6,51,0,13.70676975,630,540,90,68056.663397,1,1,0,6,91,12,278.66265244
2025-10,937,788,149,4022975.297711,2911073.158583,1111902.139128,6,5,1,7,52,31.06123925,59.82034694,625,535,90,64179.001234,1,1,0,5,124,1.47627791,80.47714959
2025-11,930,782,148,4014487.137041,2905334.835786,1109152.301255,3,3,0,8,52,449.9999966,2081.70488852,622,533,89,63059.099832,1,1,0,4,75,39.999999,88.27280057
2025-12,926,776,150,4121991.714101,2960923.018836,1161068.695265,3,0,3,9,64,374.37666947,912.41684057,619,530,89,64518.663924,4,3,1,8,105,24.83595468,173.04732606
2026-01,920,771,149,4242159.857164,3041235.261121,1200924.596043,1,1,0,7,64,0,82.06302541,616,527,89,68130.279384,3,2,1,6,88,4.98310869,62.74974101
2026-02,921,772,149,4465178.580955,3223311.818945,1241866.76201,3,2,1,1,56,8.74999905,290.87268086,613,526,87,68548.140081,0,0,0,3,107,0,327.30229666
2026-03,913,764,149,4124439.040584,2960926.371085,1163512.669499,2,1,1,10,78,0,228.42343255,612,524,88,62478.030312,5,4,1,6,111,51.29046642,2078.40077629
2026-04,908,760,148,4148273.234604,3029485.041477,1118788.193127,2,2,0,6,101,0,313.87075752,609,521,88,68239.931025,2,2,0,5,96,11.0437838,239.71432806
2026-05,909,760,149,4186060.313845,3050066.818317,1135993.495528,3,2,1,4,59,24.99999904,969.83130022,605,517,88,65974.469048,3,3,0,7,107,1.999259,77.76213711
2026-06,905,758,147,4128337.540822,3046459.49287,1081878.047952,0,0,0,4,41,0,222.28196224,605,517,88,62259.879111,3,2,1,3,101,19.36163947,251.58971087
2026-07,904,757,147,4253398.855454,3150732.330654,1102666.5248,2,1,1,3,51,0,19.41794857,598,511,87,60461.434513,2,1,1,9,107,4.866963,143.73811779
