month,lse_orderbook_value_gbp_m,lse_orderbook_trades_count,lse_orderbook_adv_gbp_m,lse_orderbook_avg_daily_trades_count,lse_trading_days_count,turquoise_integrated_value_gbp_m,turquoise_integrated_trades_count,turquoise_integrated_adv_gbp_m,turquoise_integrated_avg_daily_trades_count,turquoise_dark_value_gbp_m,turquoise_dark_trades_count,turquoise_dark_adv_gbp_m,turquoise_dark_avg_daily_trades_count,turquoise_trading_days_count,lse_lit_uk_share_pct,turquoise_paneuropean_share_pct,gbp_eur_rate,mm_companies_eop_count,mm_companies_uk_eop_count,mm_companies_intl_eop_count,mm_marketcap_eop_gbp_mn,mm_marketcap_uk_eop_gbp_mn,mm_marketcap_intl_eop_gbp_mn,mm_new_issues_count,mm_new_issues_uk_count,mm_new_issues_intl_count,mm_cancellations_count,mm_further_issues_count,mm_money_raised_new_gbp_mn,mm_money_raised_further_gbp_mn,aim_companies_eop_count,aim_companies_uk_eop_count,aim_companies_intl_eop_count,aim_marketcap_eop_gbp_mn,aim_new_issues_count,aim_new_issues_uk_count,aim_new_issues_intl_count,aim_cancellations_count,aim_further_issues_count,aim_money_raised_new_gbp_mn,aim_money_raised_further_gbp_mn,tradeweb_volume_total_usd_tn,tradeweb_adv_total_usd_bn,tradeweb_adv_rates_usd_bn,tradeweb_adv_rates_cash_usd_bn,tradeweb_adv_rates_derivatives_usd_bn,tradeweb_adv_us_govt_bonds_usd_bn,tradeweb_adv_eu_govt_bonds_usd_bn,tradeweb_adv_mortgages_usd_bn,tradeweb_adv_other_govt_bonds_usd_bn,tradeweb_adv_swaps_swaptions_ge_1y_usd_bn,tradeweb_adv_swaps_swaptions_lt_1y_usd_bn,tradeweb_adv_credit_usd_bn,tradeweb_adv_credit_cash_usd_bn,tradeweb_adv_credit_derivatives_usd_bn,tradeweb_adv_us_hg_fully_electronic_usd_bn,tradeweb_adv_us_hy_fully_electronic_usd_bn,tradeweb_adv_european_credit_usd_bn,tradeweb_adv_municipal_bonds_usd_bn,tradeweb_adv_equities_usd_bn,tradeweb_adv_equities_cash_usd_bn,tradeweb_adv_equities_derivatives_usd_bn,tradeweb_adv_us_etf_usd_bn,tradeweb_adv_intl_etf_usd_bn,tradeweb_adv_money_markets_usd_bn,tradeweb_adv_repo_usd_bn,tradeweb_adv_other_money_markets_usd_bn,tradeweb_trading_days_blended,swapclear_notional_registered_usd_tn,swapclear_client_notional_registered_usd_tn,swapclear_trades_registered_count,swapclear_client_trades_registered_count,swapclear_notional_outstanding_eom_usd_tn,swapclear_client_notional_outstanding_eom_usd_tn,swapclear_trades_outstanding_eom_count,swapclear_client_trades_outstanding_eom_count,forexclear_notional_registered_usd_tn,forexclear_trades_registered_count,forexclear_notional_outstanding_eom_usd_tn,forexclear_trades_outstanding_eom_count,repoclear_ltd_nominal_value_eur_tn,repoclear_sa_nominal_value_eur_tn,repoclear_ltd_cash_value_eur_tn,repoclear_sa_cash_value_eur_tn,repoclear_ltd_cleared_trade_sides_count,repoclear_sa_cleared_trade_sides_count
2016-01,103570,21169105,5178,1058455,20,82001,25402482,4100,1270124,9955,1678174,498,83909,20,59,10.8,1.3252,,,,,,,,,,,,,,1033,836,197,68261.88312376436,2,2,0,13,124,110,265.20739999999995,,,,,,,,,,,,,,,,,,,,,,,,,,,,,,,,,,,,,,,,,,,,,
2016-02,113828,22233207,5420,1058724,21,96590,29406008,4600,1400286,11179,1956337,532,93159,21,60,11.8,1.2893,,,,,,,,,,,,,,1029,834,195,68647.10697062229,4,4,0,8,118,33.5,141.14690000000002,,,,,,,,,,,,,,,,,,,,,,,,,,,,,,,,,,,,,,,,,,,,,
2016-03,102097,20019349,4862,953302,21,92288,27281545,4013,1186154,11013,1877026,479,81610,21,60.8,12.9,1.2817,,,,,,,,,,,,,,1020,828,192,70766.70482170081,9,8,1,18,163,137.89049999999997,111.90990000000002,,,,,,,,,,,,,,,,,,,,,,,,,,,,,,,,,,,,,,,,,,,,,
2016-04,96332,19160004,4587,912381,21,82905,23943702,3948,1140176,11500,1795556,548,85503,21,60.9,12.3,1.2622,,,,,,,,,,,,,,1013,824,189,72987.20020386516,6,6,0,13,180,62.910799999999995,158.50830000000002,,,,,,,,,,,,,,,,,,,,,,,,,,,,,,,,,,,,,,,,,,,,,
2016-05,87218,17296763,4361,864838,20,72315,21589437,3287,981338,9684,1530449,440,69566,22,60.7,12,1.2857,,,,,,,,,,,,,,1016,829,187,74662.99910752801,13,12,1,10,146,150.918,304.9245,,,,,,,,,,,,,,,,,,,,,,,,,,,,,,,,,,,,,,,,,,,,,
2016-06,134076,25738564,6094,1169935,22,99062,30058461,4503,1366294,12858,2065883,584,93904,22,60.5,11.9,1.265,,,,,,,,,,,,,,1013,829,184,71745.17217518171,7,6,1,10,166,227.1585,223.58950000000004,,,,,,,,,,,,,,,,,,,,,,,,,,,,,,,,,,,,,,,,,,,,,
2016-07,113143,21870812,5388,1041467,21,88299,26055967,4205,1240760,11445,1776733,545,84606,21,59.4,12.9,1.189,,,,,,,,,,,,,,1010,825,185,77396.92049553985,4,3,1,7,165,61.5539,737.3675000000001,,,,,,,,,,,,,,,,,,,,,,,,,,,,,,,,,,,,,,,,,,,,,
2016-08,91500,17490688,4159,795031,22,75496,21159874,3282,919995,9482,1396106,412,60700,23,60.2,12.5,1.1693,,,,,,,,,,,,,,1007,823,184,80568.92295094079,5,4,1,8,151,26,180.599,,,,,,,,,,,,,,,,,,,,,,,,,,,,,,,,,,,,,,,,,,,,,
2016-09,105735,19597485,4806,890795,22,81707,22273590,3714,1012436,9944,1401673,452,63712,22,61.8,11.7,1.1733,,,,,,,,,,,,,,1000,818,182,82987.93293935446,2,0,2,9,183,172.5694,140.51539999999997,,,,,,,,,,,,,,,,,,,,,,,,,,,,,,,,,,,,,,,,,,,,,
2016-10,109235,21334912,5202,1015948,21,80403,21251093,3829,1011957,11245,1393300,535,66348,21,62.6,11.4,1.1187,,,,,,,,,,,,,,995,815,180,80883.42929294972,2,2,0,7,187,57.3559,342.83800000000014,,,,,,,,,,,,,,,,,,,,,,,,,,,,,,,,,,,,,,,,,,,,,
2016-11,124896,24808003,5677,1127637,22,82509,22741953,3750,1033725,12274,1528422,558,69474,22,65,10.4,1.1508,,,,,,,,,,,,,,993,815,178,81172.68335052283,4,4,0,6,171,18.3081,663.1510000000001,,,,,,,,,,,,,,,,,,,,,,,,,,,,,,,,,,,,,,,,,,,,,
2016-12,98456,18994551,4923,949728,20,63716,17111539,3034,814835,9415,1161026,448,55287,21,66.6,9.6,1.1843,,,,,,,,,,,,,,982,809,173,80814.08324446996,6,4,2,17,168,45.5156,392.09780000000006,,,,,,,,,,,,,,,,,,,,,,,,,,,,,,,,,,,,,,,,,,,,,
2017-01,104364,20907410,4970,995591,21,67253,17648942,3057,802225,10482,1250752,476,56852,22,66.4,9.6,1.1614,,,,,,,,,,,,,,973,801,172,85038.865809,1,1,0,10,136,40,161.39927473,7.595189,378.455,245.832,199.206,46.626,51.562,13.607,132.411,1.625,40.513,5.915,4.944,2.12,2.824,0.305,0.048,0.867,0.3,4.743,2.771,1.972,2.002,0.769,122.936,102.556,20.381,20.07,,,,,,,,,,,,,,,,,,
2017-02,104825,21034462,5241,1051723,20,65903,17820272,3295,891014,11110,1326140,556,66307,20,67.4,9.7,1.1727,,,,,,,,,,,,,,973,803,170,87171.733591,6,5,1,6,195,83.05286708,167.45788718,6.984104,365.746,232.503,183.698,48.805,50.86,15.064,116.407,1.367,46.741,1.745,5.431,2.427,3.005,0.318,0.056,1.02,0.307,3.663,2.25,1.413,1.609,0.64,124.149,103.26,20.889,19.1,,,,,,,,,,,,,,,,,,
2017-03,127391,24921593,5539,1083548,23,73060,19795545,3177,860676,12307,1506491,535,65500,23,68.2,9,1.1553,,,,,,,,,,,,,,967,800,167,88978.761226,3,3,0,9,199,52.79918715,320.06178879,9.139391,397.46,257.975,183.503,74.473,48.784,13.612,119.697,1.409,64.573,9.548,11.823,2.39,9.434,0.322,0.049,0.982,0.29,4.947,2.879,2.068,2.057,0.821,122.714,101.323,21.391,22.99,,,,,,,,,,,,,,,,,,
2017-04,96703,19355504,5372,1075306,18,58296,15906898,3239,883717,10543,1279769,586,71098,18,68.1,9,1.1789,,,,,,,,,,,,,,967,803,164,92835.936549,6,6,0,6,200,143.84999958,256.90083094,6.801442,359.628,222.683,180.404,42.279,52.684,14.267,111.905,1.547,40.166,1.795,6.479,2.268,4.211,0.294,0.043,1.034,0.288,4.702,2.728,1.974,1.91,0.817,125.763,104.849,20.915,18.91,,,,,,,,,,,,,,,,,,
2017-05,120191,23288168,5723,1108960,21,70151,19153120,3189,870596,13877,1667851,631,75811,22,68.5,8.9,1.1688,,,,,,,,,,,,,,966,804,162,95591.623658,7,7,0,8,202,72.05940137,316.91775154,8.034772,365.378,224.444,173.762,50.682,52.085,12.751,107.685,1.241,47.679,2.746,5.196,2.425,2.771,0.347,0.054,0.98,0.292,4.446,2.491,1.955,1.629,0.862,131.292,110.404,20.888,21.99,,,,,,,,,,,,,,,,,,
2017-06,129394,24921690,5882,1132804,22,69632,19032516,3165,865114,15475,1645886,703,74813,22,69.9,9.2,1.1399,,,,,,,,,,,,,,963,802,161,93598.01,5,2,3,8,209,50.1960629,351.65825557,8.921942,405.543,260.036,187.841,72.195,49.29,15.705,121.404,1.442,63.719,8.242,6.139,2.52,3.619,0.397,0.055,1.021,0.278,4.444,2.56,1.884,1.955,0.605,134.924,114.584,20.34,22,,,,,,,,,,,,,,,,,,
2017-07,115014,21495857,5477,1023612,21,59685,16448446,2842,783259,14054,1384623,669,65934,21,69.6,8.9,1.1284,,,,,,,,,,,,,,964,805,159,96295.846198,12,10,2,11,170,374.43829344,629.59265358,7.346624,365.373,230.594,179.638,50.956,47.388,13.82,116.905,1.525,47.752,3.07,5.42,2.696,2.723,0.34,0.044,0.909,0.277,3.282,2.187,1.095,1.476,0.711,126.078,106.572,19.506,20.11,,,,,,,,,,,,,,,,,,
2017-08,103392,20359202,4700,925418,22,53053,15238374,2307,662538,13510,1420291,587,61752,23,68.9,8.5,1.0974,,,,,,,,,,,,,,963,806,157,100446.039684,9,9,0,10,153,233.85999956,361.10159379,8.216954,357.371,222.372,179.89,42.482,47.803,11.069,119.731,1.287,41.594,0.627,5.885,2.611,3.274,0.336,0.054,0.761,0.269,3.76,2.186,1.574,1.596,0.59,125.354,106.416,18.938,22.99,,,,,,,,,,,,,,,,,,
2017-09,109051,20059902,5193,955233,21,47544,13839986,2264,659047,14289,1457081,680,69385,21,72,7.9,1.1177,,,,,,,,,,,,,,959,804,155,100238.368822,4,4,0,8,131,174.282019,52.2128611,9.334315,462.918,305.486,202.768,102.718,55.536,16.841,128.641,1.749,72.028,30.425,16.171,3.028,13.143,0.355,0.075,1.092,0.246,5.039,3.004,2.035,2.262,0.742,136.221,114.954,21.267,20.16,,,,,,,,,,,,,,,,,,
2017-10,110970,20760961,5044,943680,22,49248,14167223,2239,643965,15974,1467707,726,66714,22,72.5,7.8,1.1227,,,,,,,,,,,,,,957,802,155,104288.239478,5,4,1,7,190,70.68140336,928.01309983,8.849953,419.208,261.759,212.33,49.429,54.325,16.135,140.427,1.443,46.157,2.813,8.687,3.464,5.223,0.441,0.075,1.109,0.265,4.7,2.808,1.892,2.064,0.744,144.062,123.095,20.966,21.11,,,,,,,,,,,,,,,,,,
2017-11,120958,23111641,5498,1050529,22,53248,15085034,2420,685683,16372,1593720,744,72442,22,72.3,7.6,1.1262,,,,,,,,,,,,,,958,804,154,104763.003481,10,8,2,9,164,148.14855892,488.18665314,9.59144,454.349,293.275,210.639,82.636,58.086,16.943,133.888,1.722,55.209,26.921,7.685,3.526,4.16,0.416,0.129,1.16,0.276,6.136,3.303,2.834,2.545,0.758,147.252,128.011,19.241,21.11,,,,,,,,,,,,,,,,,,
2017-12,96692,18491862,5089,973256,19,40429,11627820,2128,611991,12720,1303079,669,68583,19,74.3,7.5,1.133,,,,,,,,,,,,,,960,808,152,106882.266107,12,10,2,10,196,142.25119009,754.71637498,8.798953,440.083,282.916,194.843,88.072,57.174,11.988,124.366,1.315,84.846,3.021,4.456,2.611,1.845,0.356,0.062,0.758,0.319,8.033,4.347,3.687,3.708,0.639,144.679,124.151,20.527,19.99,,,,,,,,,,,,,,,,,,
2018-01,131106,25109010,5959,1141319,22,56216,15979393,2555,726336,20649,1921301,939,87332,22,72.7,8.2,1.1321,,,,,,,,,,,,,,956,804,152,108414.13628,3,3,0,7,166,8.7684971,277.97112097,10.91763,516.618,337.51,233.112,104.398,70.561,19.221,141.344,1.987,95.656,8.115,9.886,4.562,5.324,0.626,0.091,1.627,0.29,8.096,4.648,3.448,3.579,1.07,161.126,138.855,22.271,21.13,,,,,,,,,,,,,,,,,,
2018-02,126995,25100124,6350,1255006,20,57184,16507922,2859,825396,21257,2171422,1063,108571,20,71.1,8.2,1.1313,,,,,,,,,,,,,,950,800,150,105826.825905,2,2,0,7,151,100.0000011,547.96076412,10.790305,563.823,368.756,247.262,121.495,79.835,19.705,145.699,2.023,104.76,16.082,14.985,4.386,10.599,0.513,0.123,1.742,0.281,12.877,7.285,5.592,5.825,1.46,167.206,142.285,24.921,19.14,,,,,,,,,,,,,,,,,,
2018-03,129641,24987873,6173,1189899,21,53313,15888478,2539,756594,15721,1395632,749,66459,21,70.7,7.4,1.1327,,,,,,,,,,,,,,947,800,147,103313.010823,7,6,1,10,140,54.74674095,539.43225832,10.987312,523.188,327.75,217.274,110.475,65.708,20.643,128.801,2.122,104.579,5.3,20.276,4.016,16.26,0.52,0.071,1.44,0.264,9.193,5.185,4.008,4.1,1.085,165.969,142.027,23.942,21,,,,,,,,,,,,,,,,,,
2018-04,118074,21816939,5904,1090847,20,44901,13438218,2245,671911,12244,775606,612,38780,20,69.6,7.1,1.1466,,,,,,,,,,,,,,941,795,146,108026.239522,5,3,2,11,159,58.12010173,467.98275818,10.314915,495.13,308.994,216.591,92.403,64.142,19.723,130.575,2.151,86.144,5.723,11.938,4.294,7.644,0.531,0.071,1.503,0.284,7.098,4.193,2.905,3.156,1.037,167.1,146.622,20.477,20.83,,,,,,,,,,,,,,,,,,
2018-05,131205,22859511,6248,1088548,21,51517,14073062,2342,639685,13127,642744,597,29216,22,69.3,6.9,1.1399,1165,944,221,4106372.256293,2634816.170232,1471556.086061,7,7,0,6,72,266.8009068,1327.64635244,941,796,145,111319.67943,5,5,0,5,171,246.08704605,247.47644002,11.744494,533.949,346.634,229.028,117.606,66.843,22.637,137.622,1.926,107.912,9.159,12.543,4.153,8.391,0.542,0.071,1.306,0.254,6.306,3.776,2.53,2.525,1.251,168.465,147.153,21.312,22,,,,,,,,,,,,,,,,,,
2018-06,132058,22599647,6288,1076174,21,49644,13568678,2364,646128,11150,522239,531,24869,21,70.3,6.6,1.1378,1166,942,224,4096868.382911,2614579.971988,1482288.410923,8,5,3,5,66,7.00999995,1725.32600631,944,799,145,110777.756735,14,11,3,11,148,313.79413416,344.27684084,12.35203,588.24,397.06,220.569,176.491,62.451,20.643,135.528,1.946,135.169,40.618,10.871,4.509,6.362,0.478,0.086,1.291,0.26,7.532,4.052,3.479,2.751,1.301,172.778,148.621,24.157,21,,,,,,,,,,,,,,,,,,
2018-07,113332,21552424,5151,979656,22,46308,13211357,2105,600516,11947,702539,543,31934,22,68.6,7.1,1.1271,1171,946,225,4154718.13399,2650377.650638,1504340.483352,12,10,2,8,56,1150.97466028,1590.37972193,942,797,145,112813.785967,6,5,1,9,144,351.95927185,238.39447042,10.97348,518.27,340.056,208.236,131.82,64.839,17.847,123.468,2.083,95.672,35.652,8.809,3.903,4.907,0.441,0.061,1.122,0.239,5.11,2.767,2.342,1.798,0.97,164.295,144.277,20.019,21.17,,,,,,,,,,,,,,,,,,
2018-08,105507,20152195,4796,916009,22,41572,11819294,1807,513882,10567,619776,459,26947,23,68.5,6.7,1.115,1169,945,224,4036362.382836,2554183.189442,1482179.193394,2,2,0,4,41,27.22263082,460.35274009,942,796,146,114499.816694,5,4,1,5,128,186.54451584,417.86439164,11.368936,494.384,313.841,187.142,126.699,61.652,15.455,108.35,1.685,95.437,30.808,8.004,3.599,4.406,0.519,0.066,0.926,0.256,5.212,2.814,2.398,1.916,0.898,167.326,148.365,18.961,23,,,,,,,,,,,,,,,,,,
2018-09,109689,19787882,5484,989394,20,36806,10921907,1840,546095,13075,1059418,654,52971,20,70.8,6.1,1.1201,1164,940,224,4074661.231243,2587811.963081,1486849.268162,3,2,1,7,50,270.585977,240.31079731,937,792,145,115119.931191,2,1,1,7,89,3.5000004,102.49324677,11.371281,592.697,379.527,235.759,143.768,71.082,20.266,142.206,2.205,123.47,19.78,19.865,4.434,15.431,0.758,0.1,1.269,0.275,7.251,4.013,3.238,2.929,1.083,186.054,165.366,20.688,19.19,,,,,,,,,,,,,,,,,,
2018-10,131688,25690584,5726,1116982,23,47601,14391769,2070,625729,20165,1840038,877,80002,23,69.5,6.4,1.1329,1166,943,223,3887106.580437,2449890.524161,1437216.056276,10,9,1,7,96,1336.5095782,1941.11686022,928,785,143,102426.253043,4,3,1,13,148,176.98125083,420.15460101,12.954617,584.001,369.809,256.448,113.361,78.042,22.65,153.631,2.125,105.312,7.485,14.537,4.713,9.824,0.815,0.129,1.302,0.285,9.283,5.833,3.451,4.523,1.31,190.372,168.78,21.592,22.18,,,,,,,,,,,,,,,,,,
2018-11,120161,23677980,5462,1076272,22,36595,12001267,1663,545512,16976,1744567,772,79299,22,68.9,6.1,1.1348,1168,942,226,3777996.652931,2366656.359496,1411340.293435,9,5,4,4,52,1108.85162738,780.93272821,926,785,141,98345.164327,5,4,1,7,124,49.5937507,145.3308593,11.630901,570.492,359.982,230.662,129.32,78.225,20.609,129.883,1.946,106.276,22.272,11.669,4.55,7.119,0.73,0.099,1.322,0.301,6.799,4.012,2.788,2.83,1.182,192.041,173.075,18.966,20.39,,,,,,,,,,,,,,,,,,
2018-12,106929,19270793,5628,1014252,19,28442,9081818,1497,477990,13528,1436986,712,75631,19,71.6,5.7,1.1139,1166,939,227,3689685.235413,2279826.176864,1409859.058549,4,3,1,5,42,102.459135,939.90878519,923,781,142,91253.12,7,5,2,10,117,47.00000136,192.91780634,11.830687,616.86,409.245,230.693,178.553,80.87,16.719,131.431,1.672,168.203,9.913,9.529,3.622,5.907,0.687,0.065,0.853,0.292,9.524,5.755,3.77,4.39,1.365,188.561,168.517,20.045,19.18,,,,,,,,,,,,,,,,,,
2019-01,100612,20025721,4573,910260,22,32976,10511466,1499,477794,16723,1567628,760,71256,22,69.8,6.3,1.1286,1161,935,226,3697754.73718,2329181.026068,1368573.711112,3,1,2,6,37,1.756,38.07308393,919,778,141,96890.714918,0,0,0,4,112,0,101.245803,13.196407,623.373,410.036,268.614,141.422,79.656,21.934,164.445,2.578,127.301,13.48,12.798,5.612,7.186,0.86,0.139,1.277,0.275,8.041,4.902,3.139,3.442,1.46,192.499,172.928,19.571,21.17,,,,,,,,,,,,,,,,,,
2019-02,91950,16792347,4598,839617,20,30989,9666520,1549,483326,15661,1370961,783,68548,20,68.7,6.3,1.146,1158,933,225,3767552.713408,2369477.91419,1398074.799218,2,1,1,4,45,0,1071.0282961,913,773,140,96174.896829,3,2,1,9,115,1.0200001,498.82558896,11.556165,602.595,395.915,263.055,132.859,82.807,22.397,153.885,3.966,127.695,4.806,11.804,5.926,5.877,0.867,0.12,1.34,0.291,7.071,4.223,2.848,2.538,1.685,187.806,169.628,18.178,19.18,,,,,,,,,,,,,,,,,,
2019-03,101620,18354445,4839,874021,21,30797,9500659,1467,452412,15233,1386472,725,66022,21,70.5,5.9,1.1652,1156,935,221,3836880.453497,2441014.328975,1395866.124522,6,5,1,7,68,440.77061646,848.36603882,904,769,135,97607.970943,2,2,0,11,138,17.00000452,389.54388971,14.866382,708.063,479.43,292.256,187.174,83.986,24.791,179.321,4.158,171.05,15.632,24.365,5.407,18.958,0.844,0.096,1.348,0.272,8.145,4.28,3.865,2.916,1.364,196.123,177.706,18.417,21,,,,,,,,,,,,,,,,,,
2019-04,88617,16362291,4431,818115,20,29470,8412343,1473,420617,16063,1357912,803,67896,20,71.1,6.2,1.1604,1157,936,221,3904247.235696,2494485.711598,1409761.524098,6,5,1,5,94,153.4441874,3812.43729487,904,769,135,104119.052025,1,1,0,1,149,61.596194,745.45928329,13.875664,666.051,441.812,271.455,170.357,76.248,22.155,169.041,4.01,102.504,67.417,10.897,5.597,5.3,1.055,0.129,1.295,0.254,7.166,3.969,3.197,2.497,1.473,206.176,188.068,18.108,20.83,,,,,,,,,,,,,,,,,,
2019-05,100072,18259243,4765,869488,21,29653,8339481,1289,362586,16757,1520735,729,66119,23,72.1,5.8,1.1471,1158,939,219,3717971.755381,2407885.663731,1310086.09165,6,5,1,4,58,231.19797001,1568.69779907,901,767,134,104078.588846,4,4,0,6,128,28.58420198,97.83813726,16.230349,738.212,490.485,262.327,228.158,79.991,21.072,157.66,3.604,117.092,110.101,11.432,5.14,6.292,0.866,0.113,1.173,0.244,6.313,3.881,2.431,2.355,1.527,229.982,211.514,18.468,21.99,,,,,,,,,,,,,,,,,,
2019-06,100543,17997166,5027,899858,20,22282,6464573,1114,323229,15278,1374285,764,68714,20,75,5.2,1.1222,1158,938,220,3861480.549636,2484800.954312,1376679.595324,6,4,2,5,50,1739.46301429,1498.3633153,900,766,134,100236.504725,5,5,0,6,129,28.23909367,138.46686029,17.150768,857.592,602.065,303.149,298.916,86.01,25.564,188.047,3.528,184.678,113.599,14.544,6.064,8.48,1.252,0.218,1.404,0.25,7.958,4.526,3.432,2.938,1.589,233.025,213.151,19.873,20,,,,,,,,,,,,,,,,,,
2019-07,102031,19956917,4436,867692,23,19402,5858152,844,254702,17023,1503208,740,65357,23,73.8,5.2,1.1118,1161,940,221,3957969.39561,2521260.997374,1436708.398236,6,5,1,3,58,610.56623428,868.50194279,895,761,134,101385.878729,1,0,1,6,137,121.10881816,218.68457439,16.695305,751.296,507.62,255.207,252.413,73.129,23.875,154.881,3.323,141.058,110.935,10.168,5.332,4.835,0.938,0.165,1.316,0.218,5.305,3.246,2.059,1.74,1.506,228.203,211.175,17.028,22.22,,,,,,,,,,,,,,,,,,
2019-08,103288,20006672,4918,952699,21,19045,5723181,866,260145,14222,1385181,646,62963,22,74,4.8,1.0923,1154,935,219,3831120.074942,2406482.378943,1424637.695999,3,1,2,10,34,0,60.69833633,886,757,129,94216.865053,1,1,0,10,121,56.72694625,135.12675736,18.238454,829.376,580.607,286.051,294.556,85.478,20.982,175.882,3.709,137.335,156.524,14.642,5.033,9.609,0.877,0.129,0.949,0.231,7.691,5.044,2.647,3.183,1.861,226.436,208.345,18.091,21.99,,,,,,,,,,,,,,,,,,
2019-09,103599,18154812,4933,864515,21,16887,4978708,804,237081,13896,1176229,662,56011,21,75.3,4.5,1.1224,1153,934,219,3915338.79514,2471422.728575,1443916.066565,4,3,1,6,51,153.974889,525.67118967,,,,,,,,,,,,17.668338,874.898,606.087,315.298,290.789,88.328,25.324,197.684,3.962,167.672,122.483,27.716,6.05,21.667,1.174,0.193,1.346,0.227,9.19,5.282,3.908,3.398,1.884,231.904,213.482,18.423,20.19,,,,,,,,,,,,,,,,,,
2019-10,112861,21806408,4907,948105,23,18627,5669898,810,246517,18600,1380829,809,60036,23,72.9,4.9,1.1424,1149,931,218,3748823.462368,2422069.987257,1326753.475111,3,3,0,7,62,111.01864073,1495.67437785,876,749,127,96855.58,0,0,0,6,137,0,428.64025076,15.710669,706.987,480.572,279.825,200.747,77.945,20.35,178.055,3.475,143.516,56.758,16.377,6.443,9.935,1.38,0.228,1.366,0.217,7.343,3.695,3.648,2.288,1.406,202.694,184.153,18.541,22.22,,,,,,,,,,,,,,,,,,
2019-11,91229,16772037,4344,798668,21,14734,4787037,702,227954,14226,1015973,677,48380,21,75.1,4.6,1.166,1146,929,217,3807363.885133,2460811.718257,1346552.166876,2,1,1,4,60,2.6,372.42970544,872,745,127,100211.55,1,1,0,4,136,9.5,167.88742364,13.532677,698.716,462.427,283.689,178.738,81.31,21.517,178.001,2.861,141.241,36.823,13.121,6.728,6.392,1.514,0.229,1.517,0.223,8.843,4.183,4.66,2.544,1.639,214.325,196.118,18.207,19.37,,,,,,,,,,,,,,,,,,
2019-12,91848,16360327,4592,818016,20,13677,4387254,684,219363,12952,930980,648,46549,20,74.1,4.7,1.1802,1143,928,215,3815824.600632,2535552.349985,1280272.250647,4,3,1,6,50,614.62269691,748.5808042,863,740,123,104227.96,2,2,0,11,139,108.48811749,385.24420953,13.562243,652.024,410.962,240.225,170.737,72.133,16.864,148.27,2.958,131.802,38.152,9.986,4.942,5.044,1.41,0.195,0.991,0.211,10.967,5.832,5.135,4.136,1.696,220.108,202.45,17.659,20.8,,,,,,,,,,,,,,,,,,
2020-01,94681,17315606,4304,787073,22,18044,5751532,820,261433,18003,1158074,818,52640,22,73.5,5.2,1.1775,1140,924,216,3723873.381524,2450298.627793,1273574.753731,3,3,0,6,48,1.43629996,179.2323909,851,732,119,103862.96,3,3,0,15,132,7.00000013,202.02520655,16.979706,801.42,521.837,325.969,195.868,87.737,26.756,207.39,4.085,140.767,54.446,15.749,7.166,8.583,1.66,0.229,1.706,0.227,10.704,5.249,5.455,3.582,1.667,253.131,233.593,19.538,21.19,,,,,,,,,,,,,,,,,,
2020-02,107690,20887513,5384,1044376,20,21124,7083307,1056,354165,20799,1428313,1040,71416,20,73.3,5.1,1.1891,1140,924,216,3449955.346353,2213380.8944,1236574.451953,4,3,1,4,51,403.135,348.61188237,847,728,119,93629.427272,2,2,0,6,108,23.4999999,203.02973657,16.963583,885.011,578.563,349.98,228.583,96.61,25.835,223.086,4.448,140.486,87.335,27.863,7.329,20.533,1.744,0.306,1.763,0.236,19.3,8.208,11.092,5.79,2.418,259.287,242.355,16.932,19.17,,,,,,,,,,,,,,,,,,
2020-03,187712,44807085,8532,2036686,22,35298,13263175,1604,602872,30303,2460813,1377,111855,22,74.2,4.8,1.1178,1133,919,214,2923704.545033,1867090.379175,1056614.165858,6,5,1,11,55,4.3953163,911.67855561,843,724,119,74349.585022,1,1,0,5,108,20,379.34498082,22.027253,1001.529,668.515,349.341,319.174,96.366,31.559,215.13,6.286,193.88,124.857,54.352,7.255,47.096,1.037,0.163,1.515,0.394,23.326,13.958,9.368,9.974,3.984,255.336,235.119,20.217,21.99,,,,,,,,,,,,,,,,,,
2020-04,105402,25687886,5270,1284394,20,19187,8589653,959,429483,15979,1254387,799,62719,20,74.2,5,1.1422,1131,917,214,2992347.500992,1953059.056865,1039288.444127,3,2,1,5,96,5.41930574,2614.55124668,840,721,119,88446.352992,1,1,0,4,127,8.06472315,709.25234972,15.860208,762.963,494.657,294.97,199.686,88.955,27.344,173.879,4.792,144.608,54.683,20.173,7.504,12.669,1.41,0.134,1.463,0.29,10.143,6.609,3.533,4.749,1.86,237.991,222.683,15.307,20.79,,,,,,,,,,,,,,,,,,
2020-05,95500,21052011,5026,1108001,19,22607,10245790,1077,487895,14672,1300009,699,61905,21,74.2,5.4,1.1276,1130,916,214,3104247.312556,2018858.758927,1085388.553629,2,1,1,3,75,69.42294,5204.93226348,832,716,116,98611.714094,1,1,0,9,146,0,643.97429943,15.815401,791.493,524.683,301.003,223.68,91.781,25.745,178.9,4.577,129.443,93.832,14.703,7.887,6.816,1.78,0.162,1.186,0.239,8.566,5.393,3.173,3.782,1.612,243.541,231.326,12.214,19.98,,,,,,,,,,,,,,,,,,
2020-06,113357,24040105,5153,1092732,22,24749,10906445,1125,495748,17311,1433884,787,65177,22,74.3,4.8,1.1126,1126,912,214,3167082.857882,2059580.790889,1107502.066993,3,2,1,7,67,1586.94089869,4961.51288147,830,715,115,97523.99422,1,1,0,3,170,16,623.77227524,17.177833,780.924,501.7,297.039,204.661,95.852,28.123,168.375,4.689,148.044,56.233,18.851,8.071,10.78,1.837,0.216,1.437,0.213,11.142,6.911,4.231,4.857,2.054,249.231,238.556,10.675,22,,,,,,,,,,,,,,,,,,
2020-07,85660,19536366,3724,849407,23,20077,8947382,873,389017,16297,1242607,709,54026,23,72.5,5.3,1.1054,1121,910,211,3014329.580825,1985384.700589,1028944.880236,1,1,0,5,64,0,1802.87790029,830,715,115,99015.057627,3,2,1,3,193,77.50349955,600.39620638,16.093881,724.614,444.827,301.746,143.081,83.673,23.634,190.812,3.627,87.779,55.018,13.191,7.09,6.1,1.52,0.194,1.188,0.202,8.001,5.018,2.983,3.268,1.75,258.595,248.457,10.138,22.21,,,,,,,,,,,,,,,,,,
2020-08,66499,15203494,3325,760175,20,15410,6952301,734,331062,11819,967162,563,46055,21,72.3,5.1,1.1101,1120,909,211,3084232.504284,2024869.088609,1059363.415675,1,0,1,1,42,1.34499951,15.87681047,825,710,115,107433.73033,1,1,0,6,151,29.05736275,192.28542415,15.674763,746.829,469.838,314.076,155.762,87.375,22.182,200.606,3.912,122.29,33.04,11.598,6.519,5.079,1.524,0.18,0.969,0.192,6.955,4.279,2.676,2.92,1.359,258.438,245.763,12.675,20.99,,,,,,,,,,,,,,,,,,
2020-09,91728,19971843,4169,907811,22,17824,7912174,810,359644,15554,1314735,707,59761,22,73.3,4.8,1.0995,1119,908,211,3053928.748693,1995011.391813,1058917.35688,4,3,1,6,67,2474.00040813,2884.39268212,822,708,114,107358.985139,2,2,0,5,172,41.00000048,117.51076015,18.496162,870.446,556.548,317.627,238.921,89.977,27.068,196.784,3.798,158.231,80.213,33.928,7.484,26.444,1.8,0.233,1.643,0.208,12.28,7.039,5.241,5.388,1.65,267.69,255.779,11.911,21.25,,,,,,,,,,,,,,,,,,
2020-10,82299,19590516,3741,890478,22,17411,8202362,791,372835,16649,1335012,757,60682,22,73.2,5.1,1.102,1124,909,215,2956265.90069,1918030.060869,1038235.839821,10,4,6,5,61,1723.76665179,3227.36708216,821,708,113,107053.5,4,4,0,5,201,44.74999956,363.08880833,19.232648,904.525,538.807,330.453,208.354,83.886,27.327,214.979,4.262,120.588,87.194,20.292,8.471,11.821,2.262,0.327,1.591,0.21,11.62,6.441,5.18,4.679,1.762,333.805,322.28,11.525,21.26,,,,,,,,,,,,,,,,,,
2020-11,123061,24735161,5860,1177865,21,24347,10980465,1159,522879,21709,1602978,1034,76332,21,73.6,5.2,1.116,1117,904,213,3325886.154057,2161708.152487,1164178.00157,2,2,0,7,70,214.84077404,4909.06243407,820,708,112,118486.412088,4,3,1,5,172,49.57720058,620.74647218,18.720388,958.689,582.163,357.616,224.547,100.139,26.972,226.447,4.058,161.049,62.786,21.276,9.281,11.995,2.477,0.376,1.814,0.187,13.806,7.494,6.312,4.771,2.723,341.444,330.411,11.034,19.53,,,,,,,,,,,,,,,,,,
2020-12,94982,19066739,4523,907940,21,18223,8187999,828,372182,15555,1089379,707,49517,22,73.1,5,1.1035,1125,910,215,3504853.957652,2320129.124821,1184724.832831,16,12,4,9,64,1877.73511118,2021.48053658,819,707,112,131133.177189,8,7,1,9,203,165.33896716,570.20427991,18.17746,834.473,494.929,299.164,195.765,91.965,20.414,183.407,3.378,147.919,47.502,12.451,7.281,5.17,1.996,0.384,1.216,0.2,11.87,6.573,5.297,4.528,2.045,315.225,304.536,10.689,21.78,,,,,,,,,,,,,,,,,,
2021-01,92284,19608349,4614,980417,20,21429,9918704,1071,495935,20104,1249827,1005,62491,20,72.2,5.8,1.1202,1120,907,213,3443935.005125,2300738.691744,1143196.313381,3,3,0,8,61,0,763.23782919,816,705,111,131927.594112,4,4,0,7,173,9.58499988,74.51508466,19.944151,1037.525,661.547,399.236,262.311,114.191,30.297,249.084,5.665,145.403,116.272,20.33,10.82,9.511,2.848,0.367,2.021,0.204,14.817,8.718,6.099,5.636,3.081,340.83,328.445,12.386,19.22,,,,,,,,,,,,,,,,,,
2021-02,95011,20757963,4751,1037898,20,22483,10924038,1124,546202,23469,1439395,1173,71970,20,72.1,5.8,1.1459,1124,911,213,3536094.259833,2360770.702622,1175323.557211,10,9,1,5,62,940.55982266,1107.12934668,817,705,112,134455.3573,3,2,1,2,251,15.70586014,807.49749907,20.395506,1060.741,669.013,390.144,278.869,117.921,33.651,233.227,5.345,171.248,106.615,19.301,9.977,9.324,2.663,0.488,2.059,0.208,14.352,8.039,6.313,5.222,2.817,358.075,343.806,14.269,19.23,,,,,,,,,,,,,,,,,,
2021-03,122987,24925977,5347,1083738,23,30145,15230018,1311,662175,26997,2515726,1174,109379,23,73.4,5.8,1.1645,1122,908,214,3663696.668172,2433190.773734,1230505.894438,7,6,1,9,109,316.9570619,2136.26515883,822,710,112,137274.394897,8,7,1,3,220,85.71904868,650.90674364,24.736896,1075.517,667.755,352.374,315.382,114.249,30.986,201.937,5.201,222.073,92.418,39.343,10.313,29.03,3.042,0.509,2.111,0.201,18.817,10.087,8.73,7.066,3.021,349.602,334.498,15.103,23,,,,,,,,,,,,,,,,,,
2021-04,86929,18418475,4346,920924,20,24734,12740476,1237,637024,21197,2884787,1060,144239,20,70.8,6.1,1.1557,1121,908,213,3723307.754455,2540869.494908,1182438.259547,5,4,1,5,89,1060.53999785,1588.7705428,822,711,111,147794.342613,6,6,0,7,195,39.07803388,383.94858071,19.301344,897.012,521.861,300.73,221.131,96.06,28.383,171.764,4.524,138.487,81.964,19.137,9.383,9.754,2.759,0.468,1.912,0.188,16.142,8.739,7.403,6.398,2.34,339.871,326.091,13.78,21.52,,,,,,,,,,,,,,,,,,
2021-05,87365,18019830,4598,948412,19,25670,14035278,1222,668347,20439,3582659,973,170603,21,71.4,5.9,1.1593,1122,910,212,3762339.991601,2561261.674809,1201078.316792,8,8,0,6,67,636.98288922,1644.14277383,822,712,110,145526.975473,7,6,1,6,169,183.64549166,304.85460095,19.593996,980.396,563.568,326.244,237.325,105.044,30.902,186.456,3.841,151.029,85.499,17.568,9.103,8.465,2.637,0.436,1.74,0.191,16.828,8.014,8.813,5.731,2.284,382.432,369.316,13.116,19.99,,,,,,,,,,,,,,,,,,
2021-06,93165,18115246,4235,823420,22,24570,12818201,1117,582646,22003,4272387,1000,194199,22,72.6,6,1.1645,1126,915,211,3786432.607173,2555120.223177,1231312.383996,7,6,1,3,74,203.75000001,1282.20227606,826,714,112,147073.942126,7,5,2,2,178,75.35000359,1325.13469319,23.135521,1051.686,638.632,330.489,308.143,119.439,32.102,174.927,4.021,205.574,101.508,17.514,10.036,7.479,3.156,0.522,2.064,0.2,15.261,7.967,7.294,5.534,2.432,380.279,366.371,13.908,22,,,,,,,,,,,,,,,,,,
2021-07,89978,18683149,4090,849234,22,23600,12254248,1073,557011,19211,3604799,873,163855,22,72,5.7,1.168,1133,923,210,3755471.699754,2606197.78592,1149273.913834,13,12,1,6,83,755.13086845,1299.09613389,837,723,114,147076.110625,16,14,2,5,154,390.58951918,503.2540528,20.606953,971.83,579.548,339.008,240.539,116.212,29.542,189.51,3.745,151.311,88.337,16.206,8.737,7.468,2.509,0.55,1.943,0.172,16.052,8.707,7.345,6.188,2.52,360.024,345.052,14.972,21.2,,,,,,,,,,,,,,,,,,
2021-08,76818,16445620,3658,783125,21,20539,11450212,934,520464,15856,2778386,721,126290,22,71.1,5.4,1.1725,1130,922,208,4400367.976522,2656044.256755,1744323.719767,3,2,1,6,53,5.49388498,122.30595083,836,723,113,151851.715397,4,3,1,5,109,279.09825505,236.21388108,19.809571,901.006,544.17,319.824,224.346,123.347,22.423,170.681,3.373,126.44,97.265,13.113,7.277,5.835,2.506,0.502,1.154,0.172,12.151,5.991,6.16,4.406,1.585,331.572,316.596,14.976,21.99,,,,,,,,,,,,,,,,,,
2021-09,101160,21007689,4598,954895,22,25196,14105419,1145,641155,21221,2988319,965,135833,22,72.8,5.4,1.1671,1129,922,207,4395891.007181,2608824.702103,1787066.305078,3,3,0,4,76,6.9999995,2922.46633894,835,723,112,148749.126994,6,6,0,7,126,110.12000002,252.0394936,21.700807,1021.322,628.887,352.157,276.73,134.418,34.435,179.145,4.159,187.768,88.178,37.596,9.321,28.275,2.796,0.568,2.024,0.174,15.519,8.002,7.518,5.718,2.284,339.319,326.823,12.496,21.25,,,,,,,,,,,,,,,,,,
2021-10,91403,19666509,4353,936500,21,22842,13148354,1088,626112,20211,2456460,962,116974,21,71.1,5.4,1.1807,1124,920,204,3821246.925541,2643016.677423,1178230.248118,6,6,0,10,60,1161.16265571,2909.5518029100003,837,723,114,146675.991008,6,4,2,4,120,64.80934667,1084.13468677,25.570616,1260.266,882.138,390.79,491.348,149.019,36.251,200.63,4.89,202.936,287.389,21.818,10.431,11.387,3.108,0.754,1.833,0.187,13.045,7.141,5.904,4.931,2.21,343.265,328.532,14.733,20.29,,,,,,,,,,,,,,,,,,
2021-11,102056,20936856,4639,951675,22,22458,13230439,1021,601384,22331,2940069,1015,133640,22,70.6,4.7,1.1794,1128,925,203,3733858.158016,2583554.457767,1150303.700249,14,12,2,10,59,1517.66801292,2617.08334004,842,727,115,144750.719033,8,5,3,3,131,437.89389912,668.66053396,24.161441,1174.776,758.225,361.555,396.669,144.462,34.647,178.298,4.147,233.344,162.447,19.616,9.779,9.838,3.238,0.72,1.842,0.182,15.83,8.031,7.799,5.528,2.502,381.106,367.026,14.08,20.57,,,,,,,,,,,,,,,,,,
2021-12,87690,16740678,4176,797175,21,17489,10236300,760,445057,16371,2088350,712,90798,23,71.7,4.4,1.1782,1127,924,203,3839964.389628,2685919.742559,1154044.647069,7,4,3,7,74,366.31184676,709.98576428,852,734,118,150004.149345,12,8,4,2,179,161.5496748,581.7460479,19.981419,915.893,554.678,288.72,265.958,113.705,21.926,150.123,2.966,165.377,99.865,15.087,6.607,8.48,2.214,0.531,1.103,0.181,18.923,10.48,8.443,7.865,2.615,327.204,313.984,13.22,21.82,,,,,,,,,,,,,,,,,,
2022-01,113213,20589436,5661,1029472,20,22286,12581977,1061,599142,22051,2561405,1050,121972,21,69.4,4.7,1.1976,1127,924,203,3766722.402461,2543968.53517,1222753.867291,5,5,0,5,53,13.8929198,409.58991321,845,727,118,134457.10091,1,1,0,8,129,15,322.06829465,22.314207,1116.141,707.263,400.13,307.133,146.615,37.045,211.832,4.638,163.918,139.458,23.472,10.411,13.061,2.974,0.879,2.103,0.226,22.019,13.35,8.669,9.613,3.737,363.387,346.347,17.04,19.99,,,,,,,,,,,,,,,,,,
2022-02,110299,21342183,5515,1067109,20,22195,13192042,1110,659602,21511,2550152,1076,127508,20,69.4,4.4,1.1935,1125,921,204,3771601.899013,2585020.155745,1186581.743268,2,1,1,4,60,118.105,522.07947495,846,729,117,124981.677386,7,5,2,6,113,57.68317586,68.91511372,22.597428,1174.298,753.876,385.374,368.503,153.806,42.022,184.509,5.036,212.371,154.865,27.563,10.737,16.826,3.27,0.724,2.097,0.251,22.059,13.052,9.007,9.401,3.651,370.8,352.349,18.451,19.24,,,,,,,,,,,,,,,,,,
2022-03,137216,26652344,5966,1158798,23,27198,16378748,1183,712119,26367,3300026,1146,143479,23,69.1,4.3,1.1956,1130,926,204,3770241.519934,2605056.12581,1165185.394124,10,9,1,6,69,191.5216466,637.85948626,844,728,116,125679.093209,2,2,0,4,127,14.1000015,214.37873751,28.191769,1225.729,779.641,378.145,401.496,148.626,37.923,185.914,5.682,249.633,150.623,46.467,11.203,35.263,3.022,0.723,2.125,0.268,20.46,12.024,8.436,8.27,3.754,379.162,361.347,17.814,23,,,,,,,,,,,,,,,,,,
2022-04,90605,17385424,4769,915022,19,18311,11051030,964,581633,17327,1979894,912,104205,19,68.7,4.5,1.1954,1134,929,205,3745203.251492,2595900.113847,1149303.137645,6,5,1,3,101,197.2926671,1046.62607949,842,727,115,122506.641884,1,1,0,3,142,0,337.63957315,21.628943,1094.923,659.899,356.017,303.882,135.886,33.551,181.433,5.148,195.425,107.147,26.805,10.752,16.053,3.248,0.729,1.933,0.384,14.882,9.068,5.814,6.381,2.687,393.337,375.317,18.019,19.75,,,,,,,,,,,,,,,,,,
2022-05,106495,20248991,5071,964238,21,21184,12945237,963,588420,19394,1986024,882,90274,22,68.1,4.4,1.1774,1132,929,203,3736798.268973,2593379.150564,1143419.118409,3,3,0,5,62,5.00000002,989.09153589,840,726,114,116771.571286,1,1,0,3,141,6,139.86532236,24.900881,1186.835,704.148,326.881,377.268,135.968,35.708,150.321,4.884,214.878,161.012,27.325,10.448,16.876,3.465,0.623,1.743,0.415,17.319,10.402,6.916,7.649,2.753,438.044,420.287,17.757,20.98,,,,,,,,,,,,,,,,,,
2022-06,97435,17745088,4872,887254,20,19442,11366819,884,516674,17194,1678599,782,76300,22,67.6,4.4,1.1675,1119,922,197,3551874.112712,2430840.496038,1121033.616674,1,0,1,13,38,0,865.78123704,835,721,114,105326.935847,1,1,0,6,114,0,145.21117453,26.090795,1241.528,758.68,341.724,416.957,124.139,36.88,174.665,6.039,250.96,164.46,25.926,9.448,16.478,3.066,0.608,1.627,0.383,17.822,10.32,7.503,7.535,2.784,439.099,419.9,19.198,21.02,,,,,,,,,,,,,,,,,,
2022-07,84188,17022172,4009,810580,21,17340,9071672,826,431984,15889,1360756,757,64798,21,66.3,4.5,1.1758,1118,921,197,3689207.644885,2543793.513962,1145414.130923,9,7,2,10,54,548.66825437,598.19852059,833,719,114,106375.374332,2,2,0,4,119,11.01,161.00443965,22.028349,1088.687,636.153,322.305,313.848,117.382,31.466,169.199,4.258,184.895,127.198,21.444,9.164,12.281,3.101,0.466,1.394,0.333,15.619,9.018,6.601,6.051,2.967,415.47,397.28,18.19,20.23,,,,,,,,,,,,,,,,,,
2022-08,77468,14501232,3521,659147,22,15985,8944152,695,388876,16014,1560039,696,67828,23,66,4.7,1.1839,1111,918,193,3612995.386652,2464017.042165,1148978.344487,0,0,0,6,58,0,120.84941221,831,717,114,102885.79298,0,0,0,2,123,0,168.69495968,23.410838,1018.455,596.282,312.82,283.462,124.201,27.522,157.131,3.965,169.404,112.374,19.843,8.467,11.376,3.03,0.437,1.056,0.345,14.322,7.46,6.862,5.298,2.162,388.008,369.519,18.489,22.99,,,,,,,,,,,,,,,,,,
2022-09,99906,17933514,4757,853977,21,21018,11942286,955,542831,19606,1948589,891,88572,22,64.4,4.9,1.1451,1109,917,192,3487817.508855,2295975.669411,1191841.839444,6,6,0,8,43,16.895,805.90587252,827,713,114,92998.996292,1,1,0,5,92,8.00000016,45.14946688,25.117377,1196.95,731.457,338.475,392.983,129.277,41.606,162.127,5.464,257.934,133.138,47.346,10.342,37.004,3.764,0.488,1.753,0.385,17.618,10.049,7.569,7.633,2.416,400.529,381.153,19.376,20.98,,,,,,,,,,,,,,,,,,
2022-10,82172,16292175,3913,775818,21,21141,12754810,1007,607372,15602,1603582,743,76361,21,62.4,4.9,1.1468,1111,917,194,3511876.286473,2351452.411922,1160423.874551,7,3,4,4,50,117.96279017,76.0810126,827,714,113,93188.791945,1,1,0,1,114,19.9999998,369.95066612,21.333377,1052.638,615.671,342.069,273.602,128.129,37.767,170.873,5.301,209.585,62.469,26.944,11.084,15.86,3.834,0.643,1.676,0.463,16.878,9.724,7.154,7.662,2.062,393.146,373.273,19.872,20.27,,,,,,,,,,,,,,,,,,
2022-11,88518,15956655,4024,725303,22,24116,13378755,1096,608125,17237,1719059,783,78139,22,63.7,4.9,1.1507,1105,913,192,3677400.500379,2515670.076821,1161730.423558,3,2,1,9,55,263.015,505.77294118,825,712,113,97928.851691,0,0,0,2,111,0,165.25710414,23.173116,1131.354,679.162,337.363,341.799,136.953,34.307,161.264,4.838,208.602,131.356,21.875,11.21,10.665,3.999,0.637,1.776,0.476,17.184,9.056,8.128,6.712,2.344,413.132,395.57,17.563,20.48,,,,,,,,,,,,,,,,,,
2022-12,74554,11905746,3728,595287,20,20220,10587224,963,504154,13318,1457609,634,69410,21,66.2,5,1.1507,,,,,,,,,,,,,,816,705,111,93207.44446,2,2,0,12,117,3.67363658,88.5676706,21.244065,1022.235,593.35,276.621,316.729,114.071,27.518,130.567,4.465,186.804,128.342,16.094,8.179,7.915,3.094,0.47,1.297,0.437,17.668,10.011,7.657,7.569,2.442,395.123,379.028,16.095,20.78,,,,,,,,,,,,,,,,,,
2023-01,77520,13311986,3691,633904,21,26702,12966700,1214,589395,17806,1704500,809,77477,22,62.8,5.6,1.1332,1101,910,191,3724732.487481,2564521.762858,1160210.724623,2,2,0,7,39,3.67749999,22.2258863,813,702,111,96926.698809,1,0,1,4,108,2.395,67.85396086,23.219274,1146.885,674.69,361.074,313.616,136.123,42.325,177.112,5.514,192.341,119.562,21.616,12.035,9.581,4.348,0.574,2.169,0.318,18.18,10.05,8.13,7.11,2.939,432.399,416.789,15.61,20.25,,,,,,,,,,,,,,,,,,
2023-02,78877,12231836,3944,611592,20,27104,12923216,1355,646161,16340,1424644,817,71232,20,63.7,5.2,1.1287,1097,908,189,3726894.154436,2585750.077277,1141144.077159,1,1,0,5,56,60.23438545,665.84909765,810,699,111,95689.05495,1,1,0,4,91,2.99999998,152.31216576,27.445985,1426.21,959.018,361.29,597.728,144.332,43.238,167.694,6.027,304.173,292.155,22.383,11.861,10.522,4.326,0.808,2.191,0.337,18.599,10.01,8.589,7.248,2.762,426.209,411.31,14.899,19.24,,,,,,,,,,,,,,,,,,
2023-03,102439,15762704,4454,685335,23,31991,14413829,1391,626688,18452,1568956,802,68215,23,65.7,4.9,1.1344,1092,905,187,3599595.30217,2487869.712094,1111725.590076,0,0,0,4,58,0,667.76832635,807,696,111,90292.456657,1,1,0,4,99,12.75,159.11576549,34.722415,1510.618,974.342,365.284,609.058,150.869,42.396,166.43,5.589,355.017,252.436,50.171,10.723,39.448,3.788,0.649,1.808,0.285,21.481,11.27,10.212,8.486,2.783,464.623,446.685,17.938,22.99,,,,,,,,,,,,,,,,,,
2023-04,65871,9919075,3660,551060,18,20102,8755085,1117,486394,12190,1095073,677,60837,18,67,4.9,1.1356,1091,906,185,3659847.276739,2559816.476416,1100030.800323,4,4,0,5,88,8.75075082,424.83663471,805,693,112,91933.913393,4,3,1,6,106,19.36254957,137.45249073,22.30156,1145.868,664.074,314.679,349.395,120.227,36.8,152.961,4.69,217.323,130.877,19.274,10.015,9.259,3.571,0.529,1.945,0.287,16.788,8.593,8.195,6.234,2.359,445.732,428.992,16.74,19.46,,,,,,,,,,,,,,,,,,
2023-05,79165,11060892,3958,553045,20,21769,9670652,990,439575,13105,1113450,596,50611,22,67.5,4.7,1.1479,1086,904,182,3504866.86278,2423400.038054,1081466.824726,4,3,1,9,56,466.81292416,317.44310733,800,688,112,84831.74,1,1,0,6,96,1.98199966,124.03607527,29.394688,1353.505,825.369,358.032,467.337,144.274,41.585,166.556,5.617,315.85,149.9,19.048,10.79,8.258,3.939,0.552,1.926,0.321,18.75,9.59,9.16,7.229,2.361,490.338,470.018,20.32,21.72,,,,,,,,,,,,,,,,,,
2023-06,83741,11749009,3806,534046,22,20609,9714685,937,441577,12988,1037634,590,47165,22,69,4.6,1.1643,1087,907,180,3448222.786503,2435896.704214,1012326.082289,5,5,0,4,46,8.85230521,676.73561555,792,681,111,81429.2,1,1,0,9,135,2.72047215,234.42629049,29.2843,1376.153,821.217,358.783,462.434,139.737,43.029,169.912,6.105,280.438,180.538,18.703,11.036,7.667,4.361,0.621,2.001,0.314,22.302,11.444,10.858,9.069,2.375,513.931,496.121,17.811,21.28,,,,,,,,,,,,,,,,,,
2023-07,66325,10562822,3158,502992,21,18442,8439014,878,401858,11690,939893,557,44757,21,66.9,4.8,1.1647,1084,906,178,3530583.562579,2492773.498029,1037810.06455,2,1,1,5,44,403.14866145,355.66250518,788,678,110,85686.28,1,1,0,5,101,2.2,155.81524202,25.615641,1266.58,712.156,350.665,361.491,139.854,36.865,167.353,6.593,253.111,106.936,19.491,11.981,7.51,4.268,0.557,1.918,0.298,20.365,10.244,10.121,8.105,2.139,514.569,496.251,18.317,20.22,,,,,,,,,,,,,,,,,,
2023-08,66800,10962927,3036,498315,22,16704,7888318,726,342970,10572,885863,460,38516,23,67.9,4.4,1.1642,1077,900,177,3439795.886285,2405112.969467,1034682.916818,2,2,0,9,47,0,257.02885203,786,676,110,81254.494928,1,1,0,3,100,5.99924,61.21421412,33.036113,1437.644,891.702,355.818,535.884,142.737,32.914,174.387,5.78,381.825,151.651,20.961,13.052,7.909,4.18,0.642,1.569,0.345,17.494,8.686,8.808,6.782,1.904,507.487,491.868,15.62,22.98,,,,,,,,,,,,,,,,,,
2023-09,80078,10975269,3813,522632,21,16155,7506699,769,357462,12112,924614,577,44029,21,70.6,4.2,1.1609,1075,898,177,3524034.086467,2447001.861273,1077032.225194,1,0,1,3,34,0,307.18246001,778,671,107,79457.96,1,1,0,9,92,4.592906,73.61380282,31.78316,1565.313,949.217,378.312,570.904,145.318,42.387,181.575,9.033,332.853,235.013,50.531,13.936,36.595,4.244,0.629,2.148,0.357,19.121,9.604,9.517,7.412,2.192,546.445,529.591,16.853,20.3,,,,,,,,,,,,,,,,,,
2023-10,77980,12364058,3545,562003,22,18234,8076703,829,367123,14270,962733,649,43761,22,67.7,4.5,1.1526,1070,894,176,3386367.720748,2337175.452797,1049192.267951,0,0,0,6,45,0,1208.85274681,769,664,105,72348,0,0,0,9,102,0,191.47226884,37.193537,1749.776,1158.481,409.549,748.932,163.661,42.305,193.837,9.745,459.535,285.59,26.418,14.361,12.057,4.921,0.687,2.136,0.472,19.804,9.726,10.079,7.166,2.559,545.073,527.223,17.85,21.26,,,,,,,,,,,,,,,,,,
2023-11,79941,12183448,3634,553793,22,17033,7806999,774,354864,11990,856011,545,38910,22,68.7,4,1.1482,1065,890,175,3398173.819879,2397200.984491,1000972.835388,2,1,1,7,42,1.80767902,1451.3620942,760,657,103,74543.7,0,0,0,9,83,0,81.55932197,38.225945,1799.599,1201.307,406.897,794.41,163.699,44.76,188.217,10.221,577.137,213.72,25.784,15.954,9.83,5.414,0.72,2.303,0.475,20.504,9.599,10.905,7.017,2.582,552.004,534.722,17.282,21.24,,,,,,,,,,,,,,,,,,
2023-12,69769,10834387,3672,570231,19,15061,6728425,793,354128,8786,716892,462,37731,19,69.6,3.8,1.1604,1057,886,171,3455533.450217,2505035.714693,950497.735524,0,0,0,9,49,0,310.73385847,753,652,101,78958.199286,3,3,0,10,120,2,108.48074752,28.94865,1464.678,888.967,375.734,513.233,159.512,33.447,175.08,7.694,334.848,175.38,20.024,12.5,7.524,5.064,0.515,1.637,0.414,30.852,14.071,16.781,10.918,3.153,524.835,508.733,16.102,19.76,,,,,,,,,,,,,,,,,,
2024-01,74998,12330206,3409,560464,22,17410,7889674,791,358622,11702,832187,532,37827,22,68.3,4,1.1636,1048,881,167,3424787.141887,2455617.466629,969169.675258,0,0,0,10,67,0,75.2771967,744,643,101,77722.864379,2,1,1,11,103,199.99999973,71.56925893,42.786639,2027.497,1409.489,482.65,926.839,203.073,50.136,219.481,9.96,590.678,328.362,27.262,17.599,9.664,6.387,0.774,2.515,0.322,26.057,12.661,13.397,10.084,2.577,564.688,546.24,18.448,21.1,,,,,,,,,,,,,,,,,,
2024-02,79945,11831254,3807,563393,21,17688,7740356,842,368588,12123,807962,577,38474,21,68.5,3.9,1.1704,1042,877,165,3584071.414384,2448373.274257,1135698.140127,1,0,1,7,46,302.22601664,164.99665213,742,641,101,76126.621911,2,2,0,4,92,5.14500768,84.22477889,37.875628,1868.931,1247.721,458.144,789.577,207.816,50.98,188.131,11.218,502.302,276.005,25.024,16.932,8.092,6.97,0.753,2.294,0.322,26.994,11.699,15.295,8.744,2.955,569.192,550.309,18.882,20.27,,,,,,,,,,,,,,,,,,
2024-03,89911,13149884,4496,657494,20,18825,8266277,941,413314,11421,846586,571,42329,20,70.7,2.7,1.1692,1036,872,164,3739173.753203,2550230.992081,1188942.761122,1,1,0,7,58,3.227712,1029.99557375,738,637,101,76607.896728,0,0,0,4,100,0,100.40382791,36.223897,1811.039,1132.017,457.057,674.96,191.7,49.663,203.873,11.821,408.965,258.388,53.122,17.6,35.522,6.802,0.716,2.761,0.325,29.398,13.484,15.914,10.471,3.013,596.502,576.268,20.234,20,,,,,,,,,,,,,,,,,,
2024-04,92274,13861415,4394,660067,21,19662,8394823,936,399753,12532,980073,597,46670,21,69.5,4.8,1.1674,1034,869,165,3744100.946306,2600016.768182,1144084.178124,2,1,1,5,83,3.04499402,325.0817844,730,630,100,76595.977226,2,2,0,10,115,13.962089,85.12182092,41.904402,1937.121,1263.217,467.339,795.878,205.285,45.59,206.138,10.326,475.675,312.518,32.924,17.643,15.28,7.302,0.758,2.321,0.347,22.77,10.627,12.143,7.786,2.841,618.21,598.217,19.993,21.63,,,,,,,,,,,,,,,,,,
2024-05,101501,12873319,4833,613015,21,17255,7882969,750,342738,12165,1067365,529,46407,23,72,3.7,1.1686,1028,863,165,3777309.533427,2641404.57897,1135904.954457,1,1,0,6,63,0,7368.86198183,722,623,99,79286.990967,3,2,1,11,106,1.32273561,106.87805047,41.663223,1895.203,1225.543,440.853,784.69,192.518,41.406,197.125,9.803,484.222,288.482,25.067,16.338,8.729,5.832,0.792,2.235,0.357,18.687,8.448,10.239,6.12,2.328,625.906,605.141,20.765,21.98,,,,,,,,,,,,,,,,,,
2024-06,94012,11713803,4701,585690,20,17899,8173789,895,408689,11905,1277907,595,63895,20,73.7,4,1.181,1022,860,162,3690737.290191,2595265.492168,1095471.798023,3,3,0,9,40,31.4400016,179.43808731,718,619,99,76530.72716,1,0,1,5,111,19.50025176,134.44747372,37.477168,1938.318,1263.248,481.093,782.155,210.702,50.535,208.865,10.992,437.345,336.083,31.266,16.548,14.718,6.316,0.763,2.515,0.41,22.472,10.87,11.602,8.06,2.81,621.333,599.238,22.095,19.33,,,,,,,,,,,,,,,,,,
2024-07,89482,12587179,3891,547269,23,19932,8929067,867,388220,13668,1545740,594,67206,23,69.9,4.5,1.1857,1014,853,161,3686869.625599,2680864.131545,1006005.494054,3,2,1,9,56,19.83276,798.91089638,713,617,96,78556.938792,2,2,0,7,121,53.99999999,65.7079886,40.474257,1817.399,1126.748,455.251,671.497,206.128,42.932,196.793,9.397,351.477,311.705,26.536,15.722,10.813,5.865,0.826,2.12,0.363,22.532,10.303,12.228,7.965,2.339,641.584,621.769,19.815,22.27,,,,,,,,,,,,,,,,,,
2024-08,82851,11768878,3945,560423,21,17600,8032632,800,365120,11337,1686558,515,76662,22,69.7,4.3,1.1749,1006,846,160,3660499.742777,2634512.351534,1025987.391243,2,1,1,11,32,0,6.76535839,704,610,94,76117.725424,1,1,0,10,92,0.49147193,78.1243197,50.939169,2212.145,1233.39,506.113,727.277,228.207,36.805,230.684,10.416,402.274,313.52,31.839,13.208,18.632,5.789,0.65,1.437,0.392,21.091,9.975,11.116,7.245,2.73,925.825,643.525,282.299,23.03,,,,,,,,,3.3786610954582796,771555,5.16252552315062,963739,,,,,,
2024-09,92147,11987830,4388,570849,21,18202,8264255,867,393536,13732,1716918,654,81758,21,70.3,4.2,1.1899,1000,841,159,3622253.561203,2592001.373674,1030252.187529,2,1,1,8,24,42.13012428,54.26774746,695,601,94,71912.637639,1,1,0,10,56,0,82.00502595,56.107789,2634.362,1554.064,531.333,1022.731,232.196,49.45,240.172,9.514,576.312,438.558,71.715,16.86,54.855,7.797,0.852,2.748,0.385,25.019,10.679,14.34,7.614,3.065,983.563,681.048,302.515,21.3,,,,,,,,,3.33646649447464,676768,4.6098327679614,769825,,,,,,
2024-10,94904,14118895,4126,613865,23,20103,9643430,874,419280,14173,1585788,616,68947,23,68.7,4.3,1.1978,993,836,157,3555903.399706,2532062.745649,1023840.654057,3,2,1,8,58,2.65,554.960396,693,599,94,70049.521161,2,1,1,4,106,5.62499981,371.84921088,54.664897,2346.775,1326.142,532.809,793.333,220.802,53.431,248.555,10.02,416.552,370.157,29.364,15.735,13.629,6.664,0.789,2.512,0.394,17.945,9.364,8.58,6.524,2.841,973.324,678.388,294.936,23.29,,,,,,,,,3.3595129418502903,659341,4.95195199976675,802586,,,,,,
2024-11,98104,14143437,4672,673497,21,19202,9629094,914,458528,12612,1485252,601,70726,21,70,4,1.199,987,833,154,3490128.984077,2575841.483533,914287.500544,0,0,0,8,45,0,3805.49224581,688,593,95,69619.981636,2,1,1,7,83,15.36249974,177.94913936,48.813186,2349.58,1289.915,539.953,749.962,245.999,53.129,230.64,10.185,425.738,314.477,28.703,15.212,13.491,6.594,0.838,2.5,0.409,26.173,11.894,14.28,8.559,3.335,1004.788,702.453,302.336,20.78,,,,,,,,,3.22388534983053,628109,5.41999806962287,847883,,,,,,
2024-12,79633,11363576,3982,568179,20,15282,7948222,764,397411,9508,1139403,475,56970,20,70.5,3.7,1.2075,972,822,150,3446028.826088,2539810.840487,906217.985601,2,0,2,15,47,0,363.49923586,685,591,94,69010.402523,3,3,0,6,101,268.20232891,194.71431157,48.219173,2181.569,1144.927,454.299,690.628,210.187,36.422,200.26,7.43,410.418,274.78,23.949,13.263,10.686,6.205,0.758,1.781,0.461,27.244,12.749,14.496,9.401,3.348,985.448,681.349,304.099,22.1,,,,,,,,,3.04709919345136,565491,4.41010450383946,617699,,,,,,
2025-01,94393,14478582,4291,658117,22,22970,11203838,1044,509265,13900,1282528,632,58297,22,68.2,4.3,1.1927,967,816,151,3630541.778167,2665400.767281,965141.010886,1,0,1,6,39,1.50000006,65.45410349,680,587,93,68563.657803,0,0,0,5,94,0,94.02086665,54.558812,2439.249,1346.43,566.647,779.783,232.126,58.393,265.691,10.436,439.165,334.204,32.086,16.602,15.484,6.75,0.791,2.418,0.407,27.597,11.713,15.884,8.502,3.211,1033.136,730.62,302.515,22.37,,,,,,,,,3.90909556907521,741039,5.58019960510981,845237,,,,,,
2025-02,98856,13871314,4943,693566,20,26973,12770722,1349,638536,14649,1402503,732,70125,20,67.6,4.4,1.2026,968,816,152,3680403.774241,2678836.253138,1001567.521103,3,2,1,2,54,54,732.57473404,669,578,91,70192.614646,1,1,0,12,85,5.14999973,122.4411032,50.329175,2487.568,1416.864,549.307,867.558,252.173,57.439,227.721,11.974,503.369,352.338,32.023,18.461,13.562,7.738,0.927,2.857,0.408,23.261,11.328,11.934,7.679,3.648,1015.419,716.079,299.34,20.23,,,,,,,,,3.5108461130424597,695661,6.01059018407324,943255,,,,,,
2025-03,122095,16795121,5814,799768,21,33303,14973250,1586,713012,16576,1519848,789,72374,21,68.1,4.3,1.1957,963,811,152,3562607.910979,2599736.063717,962871.847262,2,2,0,7,62,11.11903056,236.22606567,663,572,91,63609.583771,3,2,1,9,97,10.90354617,133.30764324,59.637143,2713.89,1566.766,559.929,1006.837,249.262,63.394,235.155,12.117,591.978,408.979,80.922,19.741,61.182,8.504,1.029,3.147,0.425,28.601,14.204,14.397,10.119,4.085,1037.6,741.257,296.343,21.97,,,,,,,,,3.6932055882696,665794,5.52915750565938,755938,,,,,,
2025-04,114990,18322131,5749,916107,20,33970,15690869,1699,784543,14809,1510465,740,75523,20,65.9,4.2,1.1705,957,807,150,3523064.665237,2578267.303567,944797.36167,2,2,0,8,81,3.71921584,269.8421433,658,567,91,63476.900085,3,3,0,7,93,104.82397473,29.35393254,57.821579,2685.133,1565.423,593.5,971.922,290.431,58.87,232.159,12.041,523.811,437.347,48.671,19.106,29.565,7.527,1.285,2.747,0.55,35.678,17.967,17.711,12.669,5.299,1035.362,766.685,268.676,21.53,,,,,,,,,3.89745616047477,842842,6.15117366999763,985716,,,,,,
2025-05,94574,13240225,4729,662011,20,24937,11219687,1133,509986,12419,1329692,565,60441,22,67.4,4.1,1.1841,953,804,149,3623611.750968,2665354.251839,958257.499129,1,1,0,5,57,0,88.49334136,650,560,90,66370.41649,1,1,0,9,101,0.49999998,71.16890522,55.427119,2524.262,1417.918,527.644,890.274,236.033,50.768,230.237,10.607,492.002,387.549,35.145,18.131,17.014,7.251,1.056,2.427,0.494,23.117,12.093,11.024,8.775,3.319,1048.082,778.208,269.874,21.96,,,,,,,,,3.8760364851117,799450,6.5742872041205995,1010863,,,,,,
2025-06,94607,12635103,4505,601672,21,21804,9051478,1038,431023,12635,1220553,602,58122,21,68.6,4,1.1778,945,797,148,3621361.65227,2656834.677744,964526.974526,1,0,1,8,46,0,568.74205615,647,557,90,68353.271485,2,2,0,6,95,2,102.20261922,51.958209,2436.017,1345.935,516.789,829.146,223.602,55.593,226.458,11.136,494.923,327.523,29.416,17.425,11.991,7.109,0.99,2.523,0.495,23.763,10.964,12.798,7.71,3.254,1036.903,761.232,275.671,21.33,,,,,,,,,4.05833301935556,737911,6.24612191941586,887908,4.31,23.89,4.11,23.44,115842,1200586
2025-07,92796,13361913,4035,580953,23,25971,9982678,1129,434029,16178,1329610,703,57809,23,66.4,4.5,1.1563,942,794,148,3786450.139363,2757078.857258,1029371.282105,3,2,1,5,58,2.49999995,407.68485543,638,548,90,67801.303246,1,1,0,10,122,2.30000003,1277.63734645,55.045734,2374.577,1277.148,491.831,785.317,204.662,50.874,224.905,11.391,388.497,391.283,28.226,17.758,10.468,7.145,0.962,2.829,0.494,21.057,10.619,10.437,7.592,3.027,1048.146,777.261,270.885,23.18,,,,,,,,,4.1792612070747595,732477,6.284041089028849,907393,4.62,24.46,4.41,23.85,123858,1181058
2025-08,83103,11206270,4155,560314,20,22527,8421196,1073,401009,12259,970439,584,46211,21,67.7,4.4,1.1557,941,793,148,3839719.509902,2775538.428667,1064181.081235,2,2,0,3,40,0,211.87515275,634,544,90,66538.479912,4,4,0,8,77,2.801,48.2727706,54.100316,2461.174,1385.3,506.776,878.524,219.208,44.309,232.091,11.168,434.45,432.957,25.371,13.653,11.718,5.902,0.791,1.779,0.538,23.607,10.942,12.666,8.403,2.538,1026.896,750.331,276.565,21.98,142.89750957702,49.947192496599,1023829,403254,544.890697928807,122.308552701155,6701915,1363751,3.87151976981878,670761,6.56645047863042,933555,3.73,21.62,3.55,21.01,97972,1021598
2025-09,102817,13000438,4674,590929,22,23400,8522027,1064,387365,12476,1030045,567,46820,22,68.3,3.9,1.1509,936,788,148,3908406.963251,2822042.992204,1086363.971047,1,1,0,6,51,0,13.70676975,630,540,90,68056.663397,1,1,0,6,91,12,278.66265244,63.676213,2897.649,1711.712,606.555,1105.157,240.221,62.968,291.928,11.438,611.205,485.922,72.828,16.967,55.861,7.549,1.019,2.864,0.521,33.702,13.98,19.722,10.233,3.746,1079.407,811.709,267.697,21.98,200.914572595405,71.184264948063,1325272,509212,559.486802222824,126.508794114767,6830446,1362341,4.52215278091092,757038,6.25912049819108,854571,4.32,24.52,4.06,23.77,111616,1170884
2025-10,109283,14547782,4751,632512,23,28100,9497794,1222,412948,13579,1070368,590,46538,23,66.3,4.1,1.1478,937,788,149,4022975.297711,2911073.158583,1111902.139128,6,5,1,7,52,31.06123925,59.82034694,625,535,90,64179.001234,1,1,0,5,124,1.47627791,80.47714959,65.431598,2832.66,1707.292,559.512,1147.78,229.434,63.152,253.878,13.048,501.071,638.843,38.298,16.868,21.429,6.84,1.103,2.907,0.49,25.188,13.611,11.577,9.862,3.748,1061.883,790.61,271.273,23.1,203.793774528249,75.462733030491,1193902,453427,582.751996095028,134.435008711078,6959603,1382971,4.218321365278,824968,6.65555624498238,997053,4.55,25.51,4.29,24.91,116148,1213470
2025-11,106003,12931664,5300,646583,20,24933,8585641,1247,429282,9965,729745,498,36487,20,67.1,3.8,1.1359,930,782,148,4014487.137041,2905334.835786,1109152.301255,3,3,0,8,52,449.9999966,2081.70488852,622,533,89,63059.099832,1,1,0,4,75,39.999999,88.27280057,56.851432,2873.783,1675.356,614.241,1061.114,252.709,70.702,277.211,13.619,495.685,547.77,37.475,17.715,19.761,7.281,1.185,2.912,0.48,28.083,14.641,13.442,11.312,3.329,1132.869,828.433,304.436,19.78,169.692268444503,62.141983456399,1060439,399215,584.423139790645,137.343588395923,6914726,1400376,4.0812571595155696,762964,7.21601198128752,1116242,4.32,22.16,4.13,21.61,114010,1036488
2025-12,99133,11448302,4721,545157,21,20263,7064429,965,336401,7536,588677,359,28032,21,67.7,3.4,1.1431,926,776,150,4121991.714101,2960923.018836,1161068.695265,3,0,3,9,64,374.37666947,912.41684057,619,530,89,64518.663924,4,3,1,8,105,24.83595468,173.04732606,62.998506,2780.566,1641.937,506.053,1135.885,222.106,53.363,220.197,10.386,572.36,556.918,25.465,14.345,11.119,6.729,0.8,2.077,0.509,28.456,13.618,14.838,10.269,3.349,1084.708,787.717,296.991,22.66,164.988136262632,61.320474631593,1185032,469999,543.038656544998,118.111668811111,6832784,1369700,4.29592227905158,825398,5.82511313785221,855606,4.05,22.54,3.88,21.85,109770,994288
2026-01,121276,14495045,5775,690240,21,29374,9887681,1399,470842,13019,1013577,620,48266,21,64.3,3.9,1.1512,920,771,149,4242159.857164,3041235.261121,1200924.596043,1,1,0,7,64,0,82.06302541,616,527,89,68130.279384,3,2,1,6,88,4.98310869,62.74974101,65.477022,3078.23,1849.468,671.421,1178.047,267.749,79.412,310.114,14.146,591.022,578.312,39.153,20.101,19.052,8.271,1.106,3.482,0.428,30.425,15.788,14.637,10.915,4.873,1159.185,857.925,301.26,21.27,192.149760240819,65.268096837721,1304547,479467,593.240709764069,134.069781692722,7168494,1445808,5.35159883774475,993375,7.45435775295781,1154534,4.47,24.95,4.29,24.32,117478,1129528
2026-02,136950,16539767,6848,826988,20,32268,11076023,1613,553801,16216,1216422,811,60821,20,65.1,4,1.1493,921,772,149,4465178.580955,3223311.818945,1241866.76201,3,2,1,1,56,8.74999905,290.87268086,613,526,87,68548.140081,0,0,0,3,107,0,327.30229666,61.792101,3069.524,1814.601,609.231,1205.37,268.368,77.27,249.174,14.419,554.476,636.796,46.153,20.514,25.639,8.825,0.976,3.46,0.457,27.22,15.599,11.621,10.777,4.822,1181.55,866.442,315.108,20.13,185.617480501288,64.930700248231,1175226,449035,612.101819801405,144.734859875169,7328333,1497089,4.6648755329608305,820729,7.84864217386304,1199327,4.32,24.16,4.15,23.68,110668,1078472
2026-03,168723,21124329,7669,960197,22,35110,12763250,1596,580148,17103,1501690,777,68259,22,66.9,3.7,1.1537,913,764,149,4124439.040584,2960926.371085,1163512.669499,2,1,1,10,78,0,228.42343255,612,524,88,62478.030312,5,4,1,6,111,51.29046642,2078.40077629,87.001889,3847.016,2534.869,721.618,1813.25,310.07,80.768,315.788,14.992,949.804,851.272,116.762,20.6,96.162,9.451,1.256,3.246,0.421,39.114,19.911,19.203,13.845,6.066,1156.272,859.087,297.185,22.62,270.857117805705,99.450496667112,1986557,812031,602.43511766251,138.323664012061,7596199,1526703,6.1140303649482695,1281596,7.75852056322791,1327875,5.03,27.18,4.79,26.25,132584,1226422
2026-04,126483,17557277,6324,877864,20,26831,9952923,1342,497646,13634,1232265,682,61613,20,66.1,3.6,1.1494,908,760,148,4148273.234604,3029485.041477,1118788.193127,2,2,0,6,101,0,313.87075752,609,521,88,68239.931025,2,2,0,5,96,11.0437838,239.71432806,62.228395,2893.145,1655.767,563.204,1092.563,240.248,61.922,248.355,12.68,575.066,510.23,50.102,18.392,31.709,7.809,1.345,2.946,0.432,26.613,14.26,12.354,9.438,4.822,1160.662,881.408,279.255,21.51,153.623020112627,52.565560264496,1278435,483779,637.448685385125,150.344301537551,7702751,1543005,5.22240238409589,1007550,8.01957795968062,1286880,4.35,24.56,4.11,23.63,111696,1095620
2026-05,126963,16690179,6682,878430,19,25812,9415815,1229,448372,12426,1214025,592,57811,21,67.5,3.4,1.1549,909,760,149,4186060.313845,3050066.818317,1135993.495528,3,2,1,4,59,24.99999904,969.83130022,605,517,88,65974.469048,3,3,0,7,107,1.999259,77.76213711,62.300785,2986.381,1745.129,617.947,1127.182,282.741,64.092,257.469,13.644,608.853,494.379,38.605,19.619,18.985,8.909,1.096,3.045,0.473,31.405,15.067,16.339,10.792,4.274,1171.242,899.018,272.224,20.86,158.29304520082,59.086667337667,1235485,481533,628.198983268388,146.063235977098,7843232,1571666,5.228944786304769,1143941,8.62678320356063,1475067,4.04,25.82,3.81,24.91,106192,1205030
2026-06,146827,18402449,6674,836475,22,28264,9952463,1285,452385,14400,1344169,655,61099,22,69.2,3.5,1.1574,905,758,147,4128337.540822,3046459.49287,1081878.047952,0,0,0,4,41,0,222.28196224,605,517,88,62259.879111,3,2,1,3,101,19.36163947,251.58971087,69.66877,3155.354,1924.194,606.717,1317.477,269.017,67.253,257.062,13.384,721.582,586.495,39.619,20.154,19.465,9.311,1.16,3.468,0.448,38.86,18.632,20.227,14.114,4.518,1152.681,874.161,278.52,22.08,208.663561752545,76.801686652825,1493310,586223,609.422373803989,145.227679375014,7920381,1570877,6.17602279382883,1243394,8.24322345772802,1400655,,,,,,
2026-07,131315,17940342,5709,780015,23,30827,10626329,1340,462014,14554,1325577,633,57634,23,65.9,4,1.171,904,757,147,4253398.855454,3150732.330654,1102666.5248,2,1,1,3,51,0,19.41794857,598,511,87,60461.434513,2,1,1,9,107,4.866963,143.73811779,67.497639,2927.614,1751.142,574.239,1176.903,258.026,61.449,241.398,13.366,564.528,604.288,39.998,18.934,21.063,8.417,0.965,2.963,0.456,31.452,15.409,16.043,11.434,3.975,1105.022,832.868,272.155,23.06,187.700244908995,68.435868092094,1384552,537501,619.743712293134,147.300500054816,8094802,1611214,5.70376537613027,1276010,8.42845385602573,1495054,,,,,,
