month,sec_trading_days,sec_turnover_mnshares,sec_turnover_sgdmn,sdav_sgdmn,listed_securities,mktcap_sgdmn,turnover_velocity_pct,deriv_vol_contracts,ddav_contracts,deriv_futures_vol_contracts,deriv_options_vol_contracts,deriv_swaps_vol_contracts,deriv_oi_contracts,vol_equity_index_futures_contracts,vol_a50_futures_contracts,vol_nikkei225_futures_contracts,vol_nifty50_futures_contracts,vol_msci_singapore_futures_contracts,vol_msci_taiwan_futures_contracts,vol_ftse_taiwan_futures_contracts,vol_fx_futures_contracts,vol_usdcnh_futures_contracts,vol_inrusd_futures_contracts,vol_rates_futures_contracts,vol_iron_ore_contracts,vol_commodities_contracts,vol_crypto_contracts,ipos_count,delistings_count,ipo_funds_sgdmn,new_bond_listings,bond_funds_sgdmn
2015-01,21,34472,25270,1203,774,1021698,,14675277,739336,13839893,795785,39599,3151836,13098269,7157414,2248631,1991291,316959,1360848,,239261,6548,206383,54960,523520,586996,,0,1,0,26,15593
2015-02,18,22561,21092,1172,771,1022746,,9721876,590369,9008845,687013,26018,3307081,8467209,3817693,1551699,1793026,272996,1003489,,207618,4339,187405,34493,318653,396295,,0,3,0,29,8723
2015-03,22,31734,25028,1138,767,1034764,,14815641,678126,14177442,597037,41162,3341235,13333067,6951605,2698324,1907201,330945,1414296,,252435,12200,216215,100177,532541,596902,,0,4,25,56,22196
2015-04,21,49657,26549,1264,770,1048878,,16100996,781782,15414814,646369,39813,3571524,14632533,9020601,1787996,1823195,326380,1626318,,234398,6011,220367,33276,563719,646290,,3,0,45,39,11075
2015-05,20,35428,22986,1149,768,1045133,,15398198,780061,14857944,509622,30632,3619718,14078049,9017989,1438895,1829851,286101,1418609,,267438,6213,253296,50150,497611,581476,,0,2,0,38,14568
2015-06,21,31974,24731,1178,768,1010123,,21731074,1021885,21121828,574232,35014,3258390,20203470,13973554,2654495,1803160,278112,1415765,,303437,8780,286959,101963,585918,677273,,1,1,11,37,12247
2015-07,22,41768,24187,1099,770,969462,,21470762,942137,20873219,566473,31070,3351392,19735719,14149600,1970255,1725713,325336,1498910,,352512,20334,327557,31895,880109,968117,,3,1,47,50,23640
2015-08,19,35455,28125,1480,771,898945,,16997254,813947,16443089,519448,34717,3469048,15290542,8425481,2775000,2000974,372378,1643783,,515567,40066,469633,34123,654181,743976,,2,1,40,23,7398
2015-09,20,27819,22508,1125,772,876107,,14077377,708178,13502591,531601,43185,3299176,12122358,5834632,2770659,1835015,315764,1280770,,465665,34951,424883,104660,883596,964770,,1,0,17,24,10546
2015-10,22,36690,23078,1049,769,930559,,11344276,594470,10778661,531030,34585,3482763,9662666,4599307,1811437,1607079,331470,1214683,,475887,20793,449792,26261,686456,772829,,0,3,0,22,13275
2015-11,20,26930,19396,970,771,902425,,13595698,675086,12962685,602221,30792,3642605,11680839,6524892,1562084,1517035,564174,1418354,,463449,35128,423600,31820,885264,988334,,3,1,135,31,13958
2015-12,22,23037,17024,774,769,904770,,14362547,644639,13517317,811785,33445,3350292,12241456,6373016,2273483,1601435,487299,1423704,,425188,51702,366372,99388,988532,1071178,,1,3,276,20,9281
2016-01,20,28911,23186,1159,771,854584,,17742545,902572,16965237,744425,32883,2804369,15373834,8195634,3023652,1757524,627299,1725417,,522933,39552,463855,28207,1113796,1234896,,3,1,42,25,13088
2016-02,19,22750,24150,1271,771,871790,,13882154,787315,13122939,729602,29613,3585196,11595201,5624878,2480998,1801149,603801,1037189,,552423,22552,522043,52401,1063138,1164660,,0,0,0,17,3677
2016-03,22,46539,27342,1243,770,894258,,17058402,768145,15807448,1203693,47261,3963615,13739333,7426439,2430234,1735068,593343,1512487,,476080,23601,446541,118015,2087917,2259313,,1,2,7,36,21268
2016-04,21,30505,21038,1002,768,897375,,14856398,754643,13849330,970273,36795,4291862,12040693,6085698,2100756,1712039,647246,1466091,,378640,25651,348163,24308,1630870,1830633,,1,3,12,45,27819
2016-05,21,35316,21567,1027,766,894660,,13554950,650571,12684035,839713,31202,4202070,11100394,5456019,1448076,1935028,669680,1542582,,507022,30671,469831,21861,1184938,1347261,,1,3,634,12,12282
2016-06,22,32793,22531,1024,763,898695,,14114762,671645,13133176,964034,17552,4067948,11618761,5091175,2496236,1806896,679719,1498586,,642002,30598,604669,92062,878197,996410,,2,5,928,29,15720
2016-07,20,34766,21000,1050,768,910255,,12881730,629601,12063497,804388,13845,4235333,10544364,5023074,1781944,1548209,642212,1490125,,436900,29203,398202,31574,1125868,1288097,,6,1,423,54,18995
2016-08,22,30805,20585,936,767,909713,,13833238,612354,13074023,743691,15524,4266542,11630986,5969029,1462569,1840012,617408,1677103,,457747,46808,401213,33649,1050886,1179275,,2,3,201,36,10931
2016-09,21,34918,20661,984,763,918496,,13417142,672735,12830138,575842,11162,4044133,11176371,5028623,2016445,1883683,629225,1543455,,559655,43252,509523,80652,997867,1171316,,0,4,0,49,28919
2016-10,21,44619,19609,934,760,912096,,11563628,638519,10960916,585279,17433,4084937,9447420,4199863,1251498,1722014,592229,1621772,,499028,55214,434695,19219,1030091,1218628,,0,3,0,55,27471
2016-11,22,44220,29313,1332,759,923313,,16550604,770677,15542093,981298,27213,4333976,12813835,6407934,1898404,1993078,718494,1723839,,701870,98145,592868,37842,2170508,2444533,,1,2,8,24,8476
2016-12,21,36760,20923,996,757,925994,,13258848,613282,12822365,425800,10683,3679973,11104894,5599374,1944216,1539210,643733,1308080,,551316,68792,474766,67900,991380,1190576,,0,2,123,125,53005
2017-01,20,39044,20946,1047,759,962989,,11679327,627742,11183253,487774,8300,3777967,9569767,4470222,1617688,1466302,683776,1258993,,584307,107858,467398,18133,1021015,1178996,,2,0,150,36,16638
2017-02,20,60763,28183,1409,754,977097,,12467668,669458,11768300,690472,8896,4238703,9946187,4677130,1410342,1540576,745952,1479303,,588331,92008,488389,31033,1307825,1486392,,0,5,49,87,37603
2017-03,23,56349,29125,1266,753,1002372,,15703754,694413,14928969,759539,15246,4332099,12392339,5728270,2055264,1826372,855560,1813669,,744327,98992,635520,78670,1823356,2001639,,1,2,44,66,46918
2017-04,19,46141,21560,1135,752,1010410,,13552229,734693,12858616,674829,18784,4297942,10969369,5189616,1644481,1611573,811332,1607595,,575660,77506,487640,24625,1347433,1507891,,2,3,31,96,44371
2017-05,21,45578,26474,1261,751,1009286,,14729713,717584,13841093,878696,9924,4568713,11840499,5860759,1539928,1796700,869596,1652439,,749143,106409,632024,36876,1367338,1527883,,0,1,13,87,41238
2017-06,21,40962,22352,1064,752,1016366,,15583654,715902,14682321,888604,12729,4326276,12669344,5978754,2118956,1731368,815601,1898117,,715186,163047,541809,84397,1366029,1538116,,4,3,232,104,49668
2017-07,21,53458,25508,1215,754,1030801,,14215131,681772,13362416,842127,10588,4494874,11299139,5550844,1357698,1870408,901100,1481006,,759983,150567,596763,26760,1315606,1495487,,4,2,2410,74,31435
2017-08,22,43419,25926,1178,753,1028759,,15904631,710855,14612558,1276672,15401,4965334,12292950,6087300,1763978,1829316,832042,1634743,,800350,181120,604857,31848,1683713,1892017,,0,1,0,109,41414
2017-09,20,35680,21790,1089,754,1021395,,16030161,773543,14826457,1198062,5642,4995036,12092478,5222971,2274188,1901867,871774,1683827,,1293796,279424,999971,75156,1447981,1685195,,1,0,58,164,67440
2017-10,21,41085,23970,1141,749,1056065,,14941946,786473,13477510,1460338,4098,5166111,11288112,4914004,1906085,1857025,871488,1614047,,1041417,208235,823149,28396,1139840,1301913,,0,5,0,59,23377
2017-11,22,51429,28490,1295,752,1058822,,18048592,836369,16675451,1367997,5144,5461430,14230608,7312387,2320626,1879520,884830,1680845,,1206247,227352,967836,31932,1218983,1424467,,5,2,1585,80,29969
2017-12,20,29775,19178,959,750,1052167,,15638522,757869,14607985,1024911,5626,4687337,12573294,6414773,1715412,1875564,869734,1510284,,937888,209587,709780,81136,977041,1121765,,1,3,25,150,50196
2018-01,22,47961,29383,1336,749,1073674,,18072003,847384,17046025,1021527,4451,4839056,14481011,7724993,1815575,2002487,935582,1828163,,1443367,297011,1127178,30334,1117592,1340709,,1,2,32,59,25077
2018-02,19,43247,32784,1725,746,1058521,,18076631,1095721,16800733,1273193,2705,4834232,14695578,7142349,2341759,2177421,970227,1780309,,1172395,243089,915032,23501,932050,1089931,,0,3,0,93,40246
2018-03,21,37901,27716,1320,745,1029214,43,17362955,822594,15897432,1458616,6907,4742057,13504214,6006465,2751511,1917360,831721,1762861,,1009012,333353,653359,65456,1353402,1586620,,2,3,443,139,60875
2018-04,21,37926,26722,1272,744,1053152,40,15246650,800107,14085198,1157883,3569,5042827,11948384,5772400,1618423,1654808,942305,1689538,,1085624,282097,786438,28724,931085,1157779,,2,3,66,85,46781
2018-05,21,36325,28194,1343,745,1025842,43,16631658,762513,15187836,1441348,2474,5580192,12415895,6242639,1459387,1720175,912183,1666037,,1684211,356473,1316576,28293,1036198,1250479,,1,0,16,102,37771
2018-06,20,35008,24289,1214,746,991112,41,17822349,900546,16417323,1404120,906,5348459,13501180,6474059,1873855,1656101,795709,1619092,,1846823,423329,1401008,78781,934045,1235384,,1,0,5,40,11556
2018-07,22,38116,24570,1117,745,997855,37,16904671,775063,15770904,1132297,1470,5512195,13000295,7317422,1532489,1530065,781627,1715362,,1701416,614852,1078353,29754,986906,1260339,,3,4,143,97,35026
2018-08,21,34132,23523,1120,745,970243,38,18793049,834378,17523764,1267433,1847,5732099,14664763,8556362,1674172,1545568,772528,1655876,,1652824,645235,995500,28907,1171606,1435701,,1,1,12,94,32356
2018-09,20,29883,19418,971,745,974797,33,18520539,984114,17673956,845543,1040,5503367,15040752,7655487,1943625,1861002,748013,1583896,,1635127,469757,1144198,70172,792269,1035298,,1,1,13,56,24441
2018-10,23,40344,24317,1057,744,922498,38,22003206,1098441,20797331,1203943,1932,5748276,17792244,9399423,2668090,2171002,930076,2273866,,1662202,443308,1201639,30101,1206419,1473376,,1,2,4,156,39289
2018-11,21,35066,21596,1028,739,949093,36,19636752,925092,18619105,1015163,2484,5905183,15113299,8507355,1789560,1586053,849183,1786828,,1719162,576014,1128085,24329,1612903,1883253,,0,5,0,112,68806
2018-12,20,21257,16744,837,741,936869,30,18348303,929865,17441787,905055,1461,5225016,14364721,7229927,2344662,1556034,763271,1590258,,1757544,654125,1066739,82833,1078926,1272789,,2,0,15,28,14196
2019-01,22,32333,21683,986,742,963984,34,18614593,867843,17428670,1184236,1687,5691045,13769316,7488026,1631290,1798179,803054,1807072,,1872510,730303,1126025,21538,1759790,2042777,,1,0,13,54,25485
2019-02,18,23448,19075,1060,740,970836,38,18202625,1111517,17097075,1104435,1115,5884335,14185282,8623963,1433785,1594505,742710,1412694,,1603575,565267,1001072,18809,1175385,1438467,,0,2,0,100,42866
2019-03,21,21440,21558,1027,742,969136,36,23346859,1137796,22037963,1307620,1276,5952260,18610570,11438737,2024727,1644640,833509,1613240,,1876329,644212,1175384,66636,1483583,1758957,,3,1,25,122,65225
2019-04,21,22891,21966,1046,740,997974,37,20828957,1019774,19556189,1271270,1498,6290782,16440508,10551964,1513951,1560457,916170,1649096,,1518815,595917,903089,19516,1609235,1899878,,0,2,0,145,61657
2019-05,21,22874,23113,1101,739,951516,41,24245648,1174449,22736429,1507854,1365,6528435,19086307,11380409,1983630,2175018,1005822,2134700,,1846816,824827,974106,19899,1938349,2229147,,3,4,1460,39,13238
2019-06,19,22620,21900,1153,738,981400,36,20812816,1078558,19341275,1469759,1782,6614339,15433302,7670491,2021510,1644296,893388,1811855,,2001678,903350,1034490,68436,1957417,2172929,,1,2,12,53,26832
2019-07,23,28248,24311,1057,740,978166,33,18939761,830347,17371289,1566743,1729,6811438,13468729,7249930,1542440,1782637,1022035,1739662,,2090410,803839,1239300,15081,1809521,2106215,,2,0,845,128,61353
2019-08,20,23795,23752,1188,736,917440,38,23557526,1106401,21609881,1946118,1527,6822339,16734488,8861200,2321814,2110557,1018618,2031297,,2623893,965241,1599279,22312,2477443,2740789,,1,3,0,92,39451
2019-09,21,19935,19743,940,734,913977,31,19388399,980486,18172036,1215173,1190,6480229,14224532,6552185,2049103,1967035,775934,1750102,,2272683,818619,1405119,71097,1566431,1798677,,0,2,0,50,24019
2019-10,22,22416,21571,980,731,938190,31,16831765,855135,15583038,1247798,929,6550839,12244152,5805272,1759938,1717898,889240,1957411,,1850649,634737,1174573,23620,1273389,1493216,,1,4,740,118,54195
2019-11,21,32801,26417,1258,728,934540,40,17753940,858105,16570093,1182084,1763,6519279,13089607,6517904,1636384,1522878,935356,1959802,,1875458,796395,1043208,23775,1411095,1666341,,0,3,0,118,46653
2019-12,21,23236,20165,960,723,937830,30,17361521,810966,16400791,960074,656,5783388,12667723,5630778,1897507,1519713,849401,1746899,,2074716,786711,1254447,56110,1390528,1628651,,0,5,0,79,32087
2020-01,21,38538,25608,1219,720,923134,39,19458274,1074908,18275883,1181405,986,5991430,14262046,7309541,1929963,1982851,1068170,1818256,,2340737,842705,1462486,20789,1276692,1565951,,1,4,3,87,50331
2020-02,20,35969,27531,1377,716,899575,47,23991399,1239096,22636593,1353105,1701,6480125,17831706,9623812,2653728,2049882,1096230,2000763,,2440396,962032,1417394,22828,2061582,2359651,,2,6,238,184,75078
2020-03,22,39763,48248,2193,716,765720,92,32963088,1526309,31056689,1903687,2712,6255826,25200446,11865616,4810001,3046144,1438118,3126496,,2972857,1255507,1608093,76440,2659807,3096667,,2,2,461,54,10353
2020-04,21,31599,29628,1411,715,802179,55,16629879,826285,15505911,1122033,1935,6170810,12260116,5973077,1792092,1941288,863699,1540696,,1714406,679239,980379,13680,1479615,1730718,,0,2,0,29,18270
2020-05,18,29509,27150,1508,715,803899,60,17090382,918437,16017987,1071125,1270,6350699,12054755,6111234,1446649,1999875,840412,1494470,,1998469,724127,1236770,12312,1927818,2164593,,0,0,0,41,16593
2020-06,22,43253,38021,1728,715,816779,68,19689053,935289,18476390,1210774,1889,5811064,14497913,6837099,2233740,2246474,960790,1591834,,2189704,851753,1276984,49105,1635056,1958518,,1,1,19,52,23757
2020-07,21,36230,25465,1213,716,813542,48,23806258,1054315,22927298,878038,922,6036107,19352530,12792794,1546721,2119228,948141,1816878,82048,1669400,701585,923861,19712,1848301,2121438,,1,0,5,72,35473
2020-08,20,39438,28146,1407,710,815460,56,19685390,945083,18703042,981108,1240,6064669,14905430,8526947,1452813,1931855,968918,1478962,352438,1785598,727906,1013150,33547,2086186,2331419,,0,6,0,53,21852
2020-09,22,31152,24307,1105,705,797297,45,20412225,938404,19711725,699178,1322,5594055,15438550,7754014,1725194,2274160,1007100,1564189,674901,2246890,803494,1373803,60821,1846038,2121048,,0,5,0,67,38689
2020-10,22,27995,23222,1056,702,788018,44,16276067,869208,15589565,685239,1263,5342534,12095751,5950619,1392580,2001754,947292,782166,939971,1923186,741756,1125215,23412,1148370,1531236,,1,4,510,68,35164
2020-11,21,50284,36241,1726,696,855673,63,18760247,925425,17970809,788135,1394,5304220,14154856,7130954,1750505,2178885,1074157,0,1918390,2105889,871870,1156459,19957,1243121,1529144,,0,6,0,47,13606
2020-12,22,38213,24385,1108,697,862104,40,18405716,819533,17797803,606499,1414,4344368,13201294,6702934,1355553,1877024,889246,0,2100608,2078646,872511,1101307,51818,2022161,2365674,,3,3,179,51,25145
2021-01,20,58170,29697,1485,695,885463,52,19768011,1001629,19026059,740698,1254,4609650,14813592,8753426,1133661,1898333,964063,,1990293,2134890,844967,1192808,20046,1623478,2058733,,0,1,0,74,39626
2021-02,19,46206,25782,1357,695,888736,47,17691490,1063476,16880744,807665,3081,4786450,12747210,7277109,1084753,1969218,989478,0,1357396,2287324,717806,1452665,22219,1424182,1801125,,0,1,1,63,31538
2021-03,23,53496,38750,1685,696,943822,51,23173850,1029662,22139620,1031563,2667,4882735,16696515,9502367,1709744,2456731,1146948,0,1679765,2898907,1136655,1645073,59388,2041381,2494893,,1,0,314,86,50032
2021-04,21,38520,26989,1285,690,910994,42,17505007,872700,16642686,860122,2199,5016730,12287913,6656948,1017902,2102127,1008301,0,1413711,2236145,766980,1353364,13294,1757318,2165293,,1,7,14,74,37460
2021-05,19,35468,30274,1593,688,899135,53,18062245,948111,17280166,777125,4954,5224022,13010150,6923961,1099192,2037095,1045254,0,1805071,2040872,869101,1049577,14797,1989077,2329379,,1,3,0,59,24105
2021-06,22,44915,26830,1220,685,901777,41,18946757,883397,18117933,823707,5117,5128354,13541285,7863401,1181283,1887457,1050194,0,1345803,2392525,958471,1307500,56607,1787838,2203132,,1,4,9,81,36428
2021-07,21,32344,25072,1194,682,903844,40,20377705,945602,19698906,675083,3716,5143982,15236473,9395585,1035764,2026680,1290063,0,1412410,2175133,844453,1274819,18853,1941740,2304465,,0,3,0,80,45017
2021-08,21,31415,26259,1250,676,890549,43,19525387,903173,18774124,747816,3447,5296535,14423044,8905304,898793,1961361,1117865,0,1430444,2001191,812929,1109363,15257,2166368,2571631,,0,6,0,42,20926
2021-09,22,37449,27032,1229,673,887902,41,21143483,1029203,20232903,905889,4691,5228857,15618734,9289513,1542513,2134454,1161935,0,1345479,2309262,921663,1293778,65210,2095838,2481357,,1,4,8,79,40123
2021-10,21,36697,24326,1158,671,914183,39,18141646,992950,17421106,717760,2780,4918284,13312621,7304817,1207027,2262193,1081774,0,1350954,2184763,790720,1281542,20229,1422884,1845940,,0,2,0,66,38924
2021-11,21,39065,28155,1341,673,888458,46,18199280,861407,17569890,627712,1678,5070457,13252193,7523440,987258,2200908,1093996,0,1373945,1963479,920559,968358,22286,1910580,2330608,,3,1,492,114,36354
2021-12,23,24577,19600,852,673,896901,29,19346166,850060,18721711,622100,2355,4467003,14173748,8168878,1394386,2043049,1067390,,1279380,1940322,862278,990948,57592,2179117,2553504,,1,1,825,111,28011
2022-01,21,25244,25389,1209,673,896065,40,19953664,1024599,19189111,762061,2492,4725161,15125268,8572717,1342663,2397332,1105152,,1573336,1908390,759742,1045888,25983,1804621,2172018,,4,4,531,121,44537
2022-02,18,26391,29566,1643,672,899124,55,18604043,1064952,17800153,802397,1493,4900265,13365611,7116598,1129446,2609791,1090262,,1309053,2105677,823524,1181672,28239,2001382,2454724,,1,2,6,101,33647
2022-03,23,38095,35740,1554,669,920697,49,26330738,1167783,24842183,1486684,1871,5106747,18441091,11140935,1542739,2652959,1200744,,1717688,2828973,1222054,1436008,80982,3559383,4083192,,1,4,5,104,31164
2022-04,20,33108,25426,1271,668,910676,40,20809941,1091462,20114421,694466,1054,5158107,15148009,9139214,916682,2406703,1063098,,1518868,2836579,1211738,1469109,36725,1816213,2149402,,3,4,12,133,49180
2022-05,19,31475,28593,1505,665,883565,50,22258783,1126568,21312889,944013,1881,5194547,15723606,8617551,1147875,2893450,1281546,,1623250,3315042,1540739,1615176,28916,2100677,2426156,,2,5,10,108,28545
2022-06,22,32332,25625,1165,661,865399,39,23548105,1098749,22646297,899186,2622,5074303,16942739,9425115,1749208,2700104,1258580,,1559227,2905672,1527096,1262656,131301,2553898,2899138,,0,4,0,120,33163
2022-07,20,20430,18020,901,662,883643,30,20509474,985973,19662014,845647,1813,5252563,13831199,7826742,1106213,2294052,1127196,,1381739,2521891,1135149,1256871,45060,3257097,3625307,,1,0,0,176,45936
2022-08,22,31580,24317,1105,659,884455,36,20398104,921170,19502420,892437,3247,5315736,13823984,7996925,1054028,2246177,1205388,,1212156,2616637,1176292,1300000,46422,2916234,3321869,,0,3,1,37,5884
2022-09,22,28797,25756,1171,656,843732,40,22279331,1045680,21537909,739444,1978,5293874,15106060,7766893,1508498,2882396,1315294,,1412002,3415223,1598874,1628172,108320,2605650,3044285,,0,3,0,100,26154
2022-10,20,28965,23090,1154,656,793995,41,21960371,1221168,21102601,855932,1838,5339898,15264637,8414341,1170690,2540981,1443887,,1578364,3250498,1554972,1493523,43984,2541809,2860234,,0,0,0,83,17354
2022-11,22,33914,27247,1239,654,833242,41,23660232,1090276,22961074,696700,2458,5297490,15471264,9321966,997612,2170796,1286828,,1522910,4002059,2005010,1754760,26820,3233296,3657917,,1,3,5,33,3868
2022-12,21,23843,19640,935,651,829945,31,19886525,919753,19293656,591593,1276,4535179,13647076,7653006,1260850,2139766,1083577,,1284488,2778418,1420664,1192723,85637,2517130,2865238,,1,4,4,20,5140
2023-01,19,20948,22020,1159,647,854389,38,19263400,1084781,18538053,721617,3730,5040492,13110586,7402020,959877,2370456,1129599,,1158719,2716060,1174096,1367253,49593,2474767,2856681,,1,5,0,38,25777
2023-02,20,29374,22098,1105,648,824346,38,19991854,1009364,19294110,694255,3489,4992067,13089847,7455913,824625,2284483,1170821,,1252128,2928963,1522590,1206029,23078,3068102,3511609,,1,0,20,149,34097
2023-03,23,45447,27978,1216,646,829754,42,23471772,1044895,22339523,1129471,2778,5148621,14916445,7689712,1513629,2668495,1338174,,1582651,3652345,2196031,1221312,95632,3696232,4224302,,0,2,0,36,16568
2023-04,19,27025,18609,979,645,824842,33,17708085,963603,16931176,771965,4944,5033410,11447960,6702359,715085,1748405,1087790,,1108507,2455838,1490593,802924,23683,2964717,3332150,,0,1,0,41,16639
2023-05,22,30836,22956,1043,643,802088,37,20491725,978974,19691360,798213,2152,5197157,13262715,7447709,1012578,2032603,1100808,,1521304,2945274,1779133,999433,21924,3230519,3765737,,1,3,3,104,27264
2023-06,20,29094,23725,1186,640,811674,41,21341347,1027765,20477470,861667,2211,5107337,13564504,7428153,1610393,1696663,1032957,,1467768,3311345,2057885,1114189,67838,3477722,3913070,,1,4,5,101,18668
2023-07,21,29570,21504,1024,639,848464,34,20471824,977841,19731045,737208,3571,4969501,12485875,7418652,961941,1330907,1174471,,1482793,3340017,2105387,1058915,34249,3769915,4251349,,0,1,0,121,28266
2023-08,22,29169,23583,1072,637,809676,38,23658349,1043082,22637647,1017420,3282,5286911,13998907,8738781,863501,1562214,1232853,,1448645,4204816,2751155,1176825,26963,4478476,5041570,,0,2,0,93,17397
2023-09,20,24447,17339,867,635,800205,31,21495374,1073390,20383461,1109129,2784,5302317,11609097,6571431,1040619,1529546,1038866,,1304094,4105613,2837459,1084114,68804,4824766,5377344,,1,3,0,39,22237
2023-10,22,27028,19741,897,637,762489,33,20607223,1068295,19854427,750597,2199,5379983,12361896,6973240,1000547,1475404,1202796,,1522103,3267005,2072749,993362,29814,3955455,4481420,,2,0,11,93,21842
2023-11,21,25232,19982,952,635,765049,35,22354830,1036664,21533394,819692,1744,5493485,12349299,7256857,782265,1424243,1134515,,1585681,4073118,2666565,1121169,36925,4719818,5424408,,1,3,8,57,27254
2023-12,20,22664,19015,951,632,802356,33,21147511,1041227,20534339,611368,1804,4850128,12485819,7484685,1061689,1380250,1094631,,1314924,4011489,2735360,1001835,65388,3641603,4164063,,0,3,0,86,14721
2024-01,22,27695,20564,935,629,773784,33,24553201,1137594,23664688,884685,3828,5126817,14570895,9400967,829322,1496352,1144580,,1590290,4268175,2632367,1254313,27112,4661577,5202526,,0,3,69,60,24134
2024-02,20,32838,25037,1252,625,767571,46,21861787,1255426,20810067,1049385,2335,5399645,13013434,8024573,753996,1541438,1282909,,1257075,3574306,1941084,1323659,22326,4311337,4875097,,1,5,26,99,28984
2024-03,20,34733,23792,1190,624,776530,42,23954405,1194376,22704863,1246074,3468,5418201,12814157,6795882,1139256,1572836,1258689,,1844729,4286481,2639387,1356843,70526,5685890,6419619,,0,1,0,112,33791
2024-04,21,37130,25453,1212,623,777802,43,24109195,1183620,23133293,972787,3115,5593559,13211347,7167021,921586,1615738,1359217,,1932981,4793079,2824729,1588182,32476,5049807,5610505,,0,1,0,60,28138
2024-05,21,27250,26679,1270,623,798549,44,23947970,1138782,22745962,1198742,3266,6181554,13144228,7544200,684149,1740020,1318978,,1658271,4742020,2617831,1739198,21344,4931034,5609427,,0,0,0,100,30625
2024-06,19,23598,21061,1108,623,792928,38,22395715,1163493,21577066,814779,3870,5746700,12326726,6674850,936379,1802902,1226621,,1543404,4479994,2439647,1695256,70674,4492217,5083527,,0,0,3,97,20306
2024-07,23,27040,26525,1153,622,815229,39,23507300,1044530,22665957,838139,3204,5658126,13130666,7330449,864459,1722772,1365739,,1709921,4814175,2949414,1571717,38680,4587409,5118182,,1,2,0,75,35692
2024-08,21,23383,28762,1370,622,811054,46,24591314,1133317,23500043,1087250,4021,5884783,12367250,6576230,933551,1805869,1296705,,1630145,5574587,3434953,1711571,87910,5480668,6053589,,0,0,0,89,14549
2024-09,21,25628,30379,1447,620,853084,46,28853307,1451034,27782824,1067259,3224,6425820,15902529,10500377,882917,1752831,1172701,,1451418,5535335,3487449,1679682,97643,6222125,6940202,,0,2,0,43,28161
2024-10,22,31571,26921,1224,617,839169,39,31325669,1583295,30238096,1085383,2190,6036958,19890727,14903948,498638,1776976,1154491,,1413146,5322123,3110842,1753228,70085,4875072,5582515,,1,4,3,124,32602
2024-11,21,28136,30164,1436,618,859042,45,26079106,1271078,25404176,672543,2387,5653066,14451589,9723399,491561,1565298,1137446,,1409478,6115980,3813375,1686483,57892,4377978,5037529,,3,2,17,37,23432
2024-12,21,19361,20038,954,617,865902,29,23180725,1092542,22657501,520171,3053,5167967,13004668,8545330,676590,1494713,1013857,,1142771,5601075,3380194,1760926,82414,3583852,4183115,,0,1,0,27,11154
2025-01,20,19130,20835,1042,615,873455,32,23897051,1242028,23195446,697843,3762,4988272,13163503,8468905,476146,1697753,1052043,,1332928,5764084,3434802,1917524,80441,3894390,4437780,,0,2,0,52,27938
2025-02,20,29937,29604,1480,614,876992,45,25627166,1359761,24808014,815290,3862,5374991,13903163,9436141,462334,1559825,1069359,,1202018,6133286,3212064,2469390,96995,4402046,5027675,,0,1,0,86,21487
2025-03,20,26836,29654,1483,613,890496,43,27374753,1333098,26662316,708343,4094,5286474,14624359,9447782,777942,1702208,1202594,,1351282,6562982,3621322,2440965,124919,4966205,5604429,,0,1,0,112,34491
2025-04,21,29459,40592,1933,613,871458,58,29929220,1472954,29118881,804908,5431,5161333,14955377,9427907,750122,1685576,1161033,,1783541,8158915,4424696,2943311,102075,5502011,6254214,,1,1,6,47,21608
2025-05,20,22317,26892,1345,612,880836,40,25361917,1264133,24452717,899729,9471,5463802,12301237,7842413,382424,1688930,852308,,1366785,7282187,3625330,2873538,100880,4794353,5318428,,0,1,0,104,29510
2025-06,21,24760,26006,1238,608,891201,36,26109454,1270536,25377859,726759,4836,5734879,13169262,8553797,597336,1615004,870221,,1319460,6698923,3528208,2358493,123004,5237886,5782414,,0,4,0,47,15362
2025-07,23,38920,33812,1470,607,946159,41,29286964,1281130,27953878,1324788,8298,6437866,13885076,9166549,434495,1604923,1107148,,1334989,6031764,3142339,2218566,59506,8343367,8999412,,4,5,1125,151,81585
2025-08,21,31802,33613,1601,607,967655,43,27379196,1325870,26550926,821380,6890,6627850,14945727,10416492,406614,1526955,1050762,,1262072,5548969,2894410,2121676,63404,6018870,6494380,,1,1,7,90,22333
2025-09,22,38639,33334,1515,606,995101,40,30558607,1402108,29505508,1047723,5376,6811167,16324059,11298690,684789,1538576,1059535,,1401042,6284218,3307890,2450730,93278,6892804,7520407,,3,4,1036,101,64956
2025-10,22,35147,33932,1542,605,1021695,39,29532368,1516900,28657877,870835,3656,6746866,15782089,10228492,678875,1772253,1161608,,1571842,6718861,3270253,2812178,49046,5970671,6554931,,1,2,48,127,40094
2025-11,20,29263,35545,1777,606,1034736,45,25901263,1310947,25132581,763529,5153,6520828,14050870,8892358,523241,1516240,1097959,,1627245,6118443,3113226,2414895,53055,4782724,5316482,5433,2,1,106,48,16592
2025-12,22,24454,25808,1173,606,1059272,29,28312211,1279017,27485544,819903,6764,6152144,13887097,9146578,604136,1593691,1020428,,1213776,8017672,3901660,3346298,91714,5373102,5995177,41116,3,2,540,43,47226
2026-01,21,33915,34630,1649,607,1101283,38,32069742,1582582,31175322,885515,8905,6263907,16593579,11348519,546119,1729544,999148,,1582615,8268182,4462004,2994796,68178,6072415,6813365,52737,3,2,35,54,30554
2026-02,18,26801,38547,2141,606,1124434,49,27135041,1655304,26325724,804883,4434,6160219,13416969,8304240,517278,1681985,1071396,,1454954,8040602,4078349,3069892,89631,4671490,5283411,43493,0,1,0,29,14617
2026-03,22,38066,52822,2401,604,1095707,56,38307514,1804456,36986492,1309677,11345,6244529,17980533,11048101,900748,2221951,1312477,,1991726,11717411,6388581,4059995,122947,7110182,8089223,72650,1,3,974,177,49330
2026-04,21,40621,43160,2055,600,1120293,48,30208711,1479546,29449421,751180,8110,6235057,14248767,9068023,452034,1751137,1129305,,1567759,9670422,4930585,3832700,80562,5227211,5926340,31046,1,5,10,72,41631
2026-05,19,38737,45837,2412,601,1123460,56,30483078,1607949,29926157,550925,5996,5954865,14987164,9885857,434682,1816138,1126293,,1504762,9567681,4443198,4038743,99262,4884570,5573364,38624,1,0,100,114,32293
2026-06,21,29882,44639,2126,601,1129411,49,34315225,1619444,33605533,702030,7662,5530850,17395074,11724378,748048,1945676,1201396,,1551968,10268040,4989060,3916421,145185,5354979,6205052,52076,0,0,0,56,32516
2026-07,23,27425,46195,2008,604,1201325,44,33865821,1488259,33137032,723130,5659,5716591,18538145,12929245,578621,1925447,1284403,,1561693,9280605,4154962,3720012,101756,5053553,5713238,26786,3,0,272,86,46929
