month,tmx_all_volume_shares,tmx_all_value_cad,tmx_all_transactions,tsx_volume_shares,tsx_value_cad,tsx_transactions,tsx_composite_close,tsxv_volume_shares,tsxv_value_cad,tsxv_transactions,tsxv_composite_close,alpha_volume_shares,alpha_value_cad,alpha_transactions,alphax_drk_volume_shares,alphax_drk_value_cad,alphax_drk_transactions,mx_volume_contracts,mx_adv_contracts,mx_oi_contracts,mx_adv_futures_contracts,mx_adv_options_contracts,mx_adv_stir_futures_contracts,mx_adv_bax_contracts,mx_adv_cra_contracts,mx_adv_bond_futures_contracts,mx_adv_cgb_contracts,mx_adv_cgf_contracts,mx_adv_cgz_contracts,mx_adv_index_futures_contracts,mx_adv_sxf_contracts,mx_adv_index_options_contracts,mx_adv_equity_options_contracts,mx_adv_etf_options_contracts,mx_adv_share_futures_contracts,mx_oi_bax_contracts,mx_oi_cra_contracts,mx_oi_stir_futures_contracts,mx_oi_bond_futures_contracts,mx_oi_cgb_contracts,mx_oi_sxf_contracts,mx_oi_equity_options_contracts,mx_oi_etf_options_contracts,trading_days_rates,trading_days_equity
2002-01,,,,,,,,,,,,,,,,,,1244319,56560,939317,24983,31577,17436,17412,0,4609,4609,0,0,2938,2938,234,30877,342,0,176813,0,177318,61646,61646,55797,621981,10335,22,22
2002-02,,,,,,,,,,,,,,,,,,1104187,51473,1100683,29890,21583,16290,16279,0,9475,9475,0,0,4125,4125,205,20677,681,0,175128,0,175603,70834,70834,75886,673362,19075,20,20
2002-03,,,,,,,,,,,,,,,,,,1376789,63067,1095762,39423,23644,25050,25025,0,6274,6274,0,0,8099,8099,238,22477,541,0,163497,0,163916,56355,56355,65950,694795,18168,20,20
2002-04,,,,,,,,,,,,,,,,,,1170971,52881,1096287,25727,27154,17386,17373,0,5258,5258,0,0,3083,3008,166,26356,393,0,163746,0,164213,59445,59445,68428,678570,19030,22,22
2002-05,,,,,,,,,,,,,,,,,,1233860,56085,1189962,33605,22480,20137,20123,0,11078,11078,0,0,2390,2379,108,20914,336,0,185354,0,185774,73345,73345,68580,735053,20446,22,22
2002-06,,,,,,,,,,,,,,,,,,1154427,57820,1127097,35338,22482,19442,19204,0,5798,5798,0,0,10098,10009,209,20852,1113,0,167102,0,169666,70207,70207,67949,689766,23637,20,20
2002-07,,,,,,,,,,,,,,,,,,1323761,55878,1144672,31286,24592,22174,22106,0,5229,5229,0,0,3883,3875,322,22918,959,0,188564,0,190854,70932,70932,65384,675183,24954,22,22
2002-08,,,,,,,,,,,,,,,,,,1427282,57252,1148854,32423,24829,18616,18548,0,10665,10665,0,0,3142,3142,195,22492,1251,0,180204,0,183199,78196,78196,69932,541058,33498,21,21
2002-09,,,,,,,,,,,,,,,,,,1449368,66168,1344700,39345,26823,20923,20856,0,6040,6040,0,0,12382,12244,197,23677,1915,0,162721,0,164612,80184,80184,74718,759351,41429,20,20
2002-10,,,,,,,,,,,,,,,,,,1476236,66228,1329511,32375,33853,20803,20755,0,6535,6535,0,0,5037,5036,124,30721,2032,0,163729,0,164778,62549,62549,76148,734484,45510,22,22
2002-11,,,,,,,,,,,,,,,,,,1293022,58060,1464650,30527,27533,15942,15923,0,10933,10933,0,0,3652,3652,77,25850,749,0,185010,0,185722,71190,71190,73136,814419,36036,20,21
2002-12,,,,,,,,,,,,,,,,,,1248385,59597,1336775,31763,27834,15169,15157,0,4474,4474,0,0,12120,11972,202,25454,1047,0,147870,0,148489,63542,63542,67625,723823,18450,20,20
2003-01,,,,,,,,,,,,,,,,,,1868674,71574,1512830,38805,32769,27530,27516,0,6774,6774,0,0,4501,4482,173,29582,417,0,218534,0,218772,77659,77659,68465,697574,22744,22,22
2003-02,,,,,,,,,,,,,,,,,,1326687,64752,1532963,43084,21668,23397,23387,0,16472,16472,0,0,3215,3212,124,18087,1151,0,225978,0,226201,112120,112120,69288,681960,121173,20,20
2003-03,,,,,,,,,,,,,,,,,,1608477,73422,1390477,47792,25630,25849,25838,0,9863,9863,0,0,12080,11948,128,22610,574,0,188032,0,188150,77898,77898,81768,654046,19925,21,21
2003-04,,,,,,,,,,,,,,,,,,1401895,64514,1424600,40077,24437,28547,28330,0,8916,8916,0,0,2614,2604,133,20666,519,0,237176,0,239925,83680,83680,81428,584879,22642,21,21
2003-05,,,,,,,,,,,,,,,,,,1561574,72639,1586356,45273,27366,29020,28957,0,13542,13542,0,0,2711,2682,100,22793,1120,0,284767,0,284885,97118,97118,84540,729905,39163,21,21
2003-06,,,,,,,,,,,,,,,,,,1690673,80271,1400184,52703,27568,31442,31442,0,8122,8122,0,0,13139,13034,202,22243,1374,0,209435,0,209435,60834,60834,88109,723525,44517,21,21
2003-07,,,,,,,,,,,,,,,,,,1432255,62261,1442753,34381,27880,24371,24371,0,6917,6917,0,0,3093,3093,243,25074,818,0,254145,0,254148,62974,62974,90076,756411,53791,22,22
2003-08,,,,,,,,,,,,,,,,,,1187263,57311,1509671,33319,23992,20489,20489,0,9558,9558,0,0,3272,3270,213,20216,1800,0,251310,0,251332,56164,56164,96664,788887,69074,20,20
2003-09,,,,,,,,,,,,,,,,,,1828328,83967,1485242,49430,34537,28181,28179,0,7365,7365,0,0,13884,13821,219,30053,1535,0,230217,0,230243,66035,66035,88234,807105,63786,21,21
2003-10,,,,,,,,,,,,,,,,,,1503289,68333,1426797,36175,32158,25307,25224,0,7566,7566,0,0,3302,3301,112,28676,1377,0,207711,0,209559,57049,57049,97973,757427,63055,22,22
2003-11,,,,,,,,,,,,,,,,,,1391736,71710,1441047,44447,27263,27933,27832,0,13533,13533,0,0,2981,2980,69,23315,1505,0,190974,0,191052,81547,81547,104781,739644,59944,19,20
2003-12,,,,,,,,,,,,,,,,,,1534319,73062,1357387,45462,27600,22766,22764,0,7037,7037,0,0,15659,15600,97,23930,1612,0,187905,0,187922,77177,77177,106641,687411,47782,21,21
2004-01,,,,,,,,,,,,,,,,,,2118507,100882,1653459,40412,60470,29107,29036,0,6862,6862,0,0,4443,4406,118,53384,1660,0,263523,0,263555,88800,88800,108623,827017,63011,21,21
2004-02,,,,,,,,,,,,,,,,,,1666702,83335,1634342,38845,44490,19606,19605,0,14650,14650,0,0,4589,4578,176,39677,972,0,254163,0,254210,104995,104995,119183,871867,53195,20,20
2004-03,,,,,,,,,,,,,,,,,,1951256,84835,1590742,47213,37622,24870,24870,0,7570,7570,0,0,14773,14770,187,32583,1205,0,239397,0,239415,99808,99808,90666,859087,47952,23,23
2004-04,,,,,,,,,,,,,,,,,,1665355,79302,1593931,42146,37156,26724,26724,0,9810,9810,0,0,5612,5609,123,32792,818,0,239782,0,239805,102201,102201,86205,830997,46293,21,21
2004-05,,,,,,,,,,,,,,,,,,1849571,92478,1604895,58365,34113,34402,34402,0,19568,17414,0,2154,4395,4392,171,29734,1195,0,228437,0,228459,96432,90842,87982,906802,44265,20,20
2004-06,,,,,,,,,,,,,,,,,,1822522,82842,1523253,54956,27886,31325,31324,0,10753,8840,0,1913,12878,12873,41,24053,893,0,208083,0,208103,93282,86935,95139,873219,33041,22,22
2004-07,,,,,,,,,,,,,,,,,,1401514,66737,1444915,40884,25853,28430,28430,0,8361,7342,0,1019,4093,4092,147,22091,799,0,246387,0,246408,100116,92764,98853,778147,37626,21,21
2004-08,,,,,,,,,,,,,,,,,,1742883,82993,1550580,56059,26934,33003,33003,0,19846,18187,0,1659,3210,3203,245,22910,562,0,233022,0,233046,153594,144957,97237,800975,41076,21,21
2004-09,,,,,,,,,,,,,,,,,,1760631,83840,1429848,56336,27504,32723,32719,0,10715,9888,0,827,12898,12892,223,23947,907,0,189351,0,189432,140179,133894,94333,794535,34554,21,21
2004-10,,,,,,,,,,,,,,,,,,1651676,82583,1559164,48295,34288,33326,33307,0,10287,9866,0,421,4682,4676,203,30540,945,0,255751,0,256178,144436,138478,108150,800600,42649,20,20
2004-11,,,,,,,,,,,,,,,,,,2216519,103862,1635188,71072,32790,42021,42019,0,25688,24537,0,1151,3363,3361,113,27875,1874,0,276210,0,276361,160029,151912,104354,802071,64457,21,22
2004-12,,,,,,,,,,,,,,,,,,1967994,93695,1552211,59375,34320,34624,34624,0,10272,9001,0,1271,14479,14383,107,26836,2242,0,255289,0,255348,128154,123862,97725,748315,46412,21,21
2005-01,,,,,,,,,,,,,,,,,,1901144,95056,1542181,57129,37927,41444,41444,0,11267,10550,0,717,4418,4345,173,32049,1392,0,296617,0,296669,133805,129130,100929,627583,52337,20,20
2005-02,,,,,,,,,,,,,,,,,,1954542,97727,1684514,59103,38624,29726,29726,0,24328,23321,0,1007,5049,4872,8,33463,1653,0,297151,0,297203,157476,148001,109926,713006,56512,20,20
2005-03,,,,,,,,,,,,,,,,,,2551517,115979,1716914,77166,38813,48945,48945,0,13019,12508,0,511,15202,15063,15,32031,2779,0,310193,0,310193,131683,126519,115236,746260,46806,22,22
2005-04,,,,,,,,,,,,,,,,,,2184106,104004,1784548,68067,35937,51299,51299,0,11212,10746,0,466,5556,5299,34,28837,2320,0,325241,0,325241,140961,137222,119096,709149,57613,21,21
2005-05,,,,,,,,,,,,,,,,,,2188616,104221,1864626,71767,32454,37082,37082,0,29824,29231,0,593,4861,4800,23,27112,2073,0,338139,0,338139,177076,171389,123077,822780,63698,21,21
2005-06,,,,,,,,,,,,,,,,,,2492268,113285,1881767,73363,39922,42554,42554,0,14569,14149,0,420,16240,16122,180,32666,2495,0,340101,0,340101,142543,138261,115778,883214,68210,22,22
2005-07,,,,,,,,,,,,,,,,,,2224930,111248,1871948,74018,37230,53235,53235,0,16231,15908,0,323,4552,4550,103,30625,1623,0,313767,0,313767,145778,139799,120388,917702,76312,20,20
2005-08,,,,,,,,,,,,,,,,,,2684962,122044,2105120,78066,43978,45763,45763,0,27793,27402,0,391,4510,4460,99,38152,2436,0,407654,0,407654,170781,160047,125886,1019975,94865,22,22
2005-09,,,,,,,,,,,,,,,,,,3029346,144263,1981044,94749,49514,60337,60337,0,16754,16623,0,131,17658,17610,193,40616,3724,0,292046,0,292046,118860,114794,124218,1066905,100590,21,21
2005-10,,,,,,,,,,,,,,,,,,2321407,116072,2054509,60356,55716,37265,37265,0,16193,15742,0,451,6898,6829,264,46332,3804,0,320789,0,320789,165413,161595,133235,1019815,90247,20,20
2005-11,,,,,,,,,,,,,,,,,,2697583,125972,2251875,78906,47066,40225,40225,0,33032,32230,0,802,5649,5599,110,41511,2595,0,389304,0,389304,211859,198577,128017,1078166,104755,21,22
2005-12,,,,,,,,,,,,,,,,,,2454970,122748,2006845,80525,42223,46818,46818,0,16945,16358,0,587,16762,16661,140,35744,2782,0,331916,0,331916,166504,162620,109823,992293,86821,20,20
2006-01,,,,,,,,,,,,,,,,,,2952861,140612,1895087,82198,58414,57520,57520,0,18730,18602,0,128,5948,5642,177,49241,3572,0,353836,0,353836,151165,146281,113674,802445,109009,21,21
2006-02,,,,,,,,,,,,,,,,,,3001922,150097,2186443,98717,51380,54321,54321,0,38098,37134,0,964,6298,6267,358,43093,2964,0,428647,0,428647,228351,220762,124457,884939,118632,20,20
2006-03,,,,,,,,,,,,,,,,,,3561412,154843,2134971,107377,47466,70880,70880,0,19780,19599,0,181,16717,16559,229,38565,2901,0,374678,0,374678,225875,217932,126375,915774,84827,23,23
2006-04,,,,,,,,,,,,,,,,,,2920364,153703,2234596,97519,56184,70101,70101,0,21711,21222,0,489,5707,5633,243,46448,3306,0,420578,0,420578,274116,265779,138952,845522,100517,19,19
2006-05,,,,,,,,,,,,,,,,,,4292470,195111,2592790,134890,60221,75605,75605,0,51428,50605,0,823,7857,7767,456,46708,4876,0,472191,0,472191,349431,347276,149657,1159614,110823,22,22
2006-06,,,,,,,,,,,,,,,,,,3732456,169658,2434352,122826,46832,73567,73567,0,25342,25124,0,218,23917,23735,349,37908,4475,0,463773,0,463773,286698,282430,146622,1135498,106875,22,22
2006-07,,,,,,,,,,,,,,,,,,3015611,150780,2398865,108507,42273,80750,80750,0,20354,20210,0,144,7403,7279,289,32358,2677,0,542233,0,542233,275216,270828,143570,1046854,102806,20,20
2006-08,,,,,,,,,,,,,,,,,,3515869,159812,2660930,116104,43708,62504,62504,0,46843,46594,0,249,6757,6657,185,38341,2333,0,521929,0,521929,339259,334933,153826,1198278,120275,22,22
2006-09,,,,,,,,,,,,,,,,,,3310994,166079,2481508,116537,49542,67264,67264,0,24414,24130,0,284,24859,24647,128,41481,3852,0,437793,0,437793,277775,274155,158080,1210562,111371,20,20
2006-10,,,,,,,,,,,,,,,,,,3070421,146211,2487869,89331,56880,56509,56509,0,23100,22778,0,322,9722,9571,178,48138,3856,0,399580,0,399580,302011,300462,166517,1156322,125975,21,21
2006-11,,,,,,,,,,,,,,,,,,3694490,172954,2729117,116421,56533,53617,53617,0,55653,55448,0,205,7151,6984,104,46628,2931,0,457979,0,457979,372202,370039,166700,1197548,118930,21,22
2006-12,,,,,,,,,,,,,,,,,,3471909,182731,2563633,131691,51040,79789,79789,0,25565,25467,0,98,26337,26332,55,39230,3305,0,393078,0,393078,337120,335215,166635,1144910,103433,19,19
2007-01,,,,,,,,,,,,,,,,,,3220785,146401,2482381,90560,55841,57816,57816,0,24821,24702,0,119,7923,7916,76,44386,1922,0,428032,0,428032,384953,383107,172787,913458,98740,22,22
2007-02,,,,,,,,,,,,,,,,,,4332517,216626,2900012,165565,51061,90580,90580,0,68046,67963,0,83,6939,6933,76,41858,2691,0,655983,0,655983,443076,440734,181131,970070,117341,20,20
2007-03,,,,,,,,,,,,,,,,,,4446746,202124,2505401,151888,50236,96131,96131,0,28867,28817,0,50,26890,26888,131,40099,2944,0,442693,0,442693,327836,327666,173884,975483,92500,22,22
2007-04,,,,,,,,,,,,,,,,,,2823476,141175,2650914,82757,58418,51986,51986,0,24551,24544,0,7,6220,6211,106,48027,2777,0,459429,0,459429,346831,346691,175209,1020358,102081,20,20
2007-05,,,,,,,,,,,,,,,,,,4592430,208746,2970848,146614,62132,72676,72676,0,65932,65905,0,27,8006,7999,160,52161,3737,0,485592,0,485592,383888,383763,188054,1425681,124427,22,22
2007-06,,,,,,,,,,,,,,,,,,3707381,176543,2775760,125801,50742,65947,65947,0,31467,31466,0,1,28387,28285,163,42137,4748,0,443212,0,443212,318706,318589,196628,1421717,112537,21,21
2007-07,,,,,,,,,,,,,,,,,,2982126,142009,2748254,85976,56033,47148,47148,0,28540,28540,0,0,10288,10205,116,47158,4448,0,432282,0,432282,301735,301618,194120,1435607,90470,21,21
2007-08,,,,,,,,,,,,,,,,,,4212002,191455,2672196,133588,57867,67949,67949,0,50855,50846,0,9,14784,14672,136,47157,3738,0,363405,0,363405,262313,262313,187495,1439196,92507,22,22
2007-09,,,,,,,,,,,,,,,,,,2819887,148416,2466256,94905,53511,41920,41920,0,25914,25914,0,0,27071,26794,96,46598,3363,0,288431,0,288431,244251,244251,162823,1415606,82270,19,19
2007-10,,,,,,,,,,,,,,,,,,2969136,134961,2679449,69745,65216,35319,35319,0,23594,23594,0,0,10832,10709,64,54963,2552,0,333754,0,333754,257072,257072,168028,1456037,94446,22,22
2007-11,,,,,,,,,,,,,,,,,,3741127,174971,2901576,112248,62723,50868,50868,0,48375,48062,0,0,13005,12858,72,54610,2674,0,435890,0,435890,241585,241387,178862,1549597,96084,21,22
2007-12,,,,,,,,,,,,,,,,,,2894597,152346,2595593,99052,53294,46807,46807,0,24351,24254,0,0,27894,27511,57,46890,1876,0,369956,0,369956,215210,214807,149912,1470003,61126,19,19
2008-01,,,,,,,,,,,,,,,,,,3558692,161755,2472039,93786,67969,54190,54190,0,24499,24458,0,0,15097,14761,110,59742,2838,0,503791,0,503791,237864,237545,162284,1123494,81049,22,22
2008-02,,,,,,,,,,,,,,,,,,3335639,166783,2510959,112459,54324,55884,55884,0,45365,45304,0,0,11210,10937,105,48701,2598,0,414161,0,414161,239477,239014,136059,1227655,104197,20,20
2008-03,,,,,,,,,,,,,,,,,,3316218,165810,2355915,105967,59843,51922,51922,0,22818,22809,0,0,31227,30327,231,51888,3584,0,317995,0,317995,210087,209881,142000,1263174,69746,20,20
2008-04,,,,,,,,,,,,,,,,,,3075688,139803,2300869,74873,64930,41303,41303,0,22038,22027,0,0,11532,11176,259,58469,2066,0,298648,0,298648,212353,212120,140087,1179630,80865,22,22
2008-05,,,,,,,,,,,,,,,,,,3390605,161458,2570223,97603,63852,41687,41687,0,45282,45265,0,0,10634,10162,205,56477,2707,0,377791,0,377791,235578,235451,157218,1482056,90333,21,21
2008-06,,,,,,,,,,,,,,,,,,3194282,152111,2395104,93948,58156,45704,45704,0,22812,22807,0,0,25432,24593,93,53162,2011,0,281084,0,281084,258342,258301,154454,1438921,75697,21,21
2008-07,,,,,,,,,,,,,,,,,,2879304,130876,2483830,67408,63460,29625,29625,0,23560,23560,0,0,14223,13599,117,56449,3609,0,340220,0,340220,255465,255424,151621,1472502,89057,22,22
2008-08,,,,,,,,,,,,,,,,,,3177384,158871,2792420,97689,61182,42508,42508,0,44458,44458,0,0,10723,10092,93,51741,4889,0,341484,0,341484,275624,275583,143254,1516843,295563,20,20
2008-09,,,,,,,,,,,,,,,,,,3834539,182597,2800383,112055,70513,50081,50081,0,29443,29442,0,0,32531,31170,230,58405,8063,0,324587,0,324587,293884,293884,186231,1581608,201503,21,21
2008-10,,,,,,,,,,,,,,,,,,3367457,153063,2511389,74153,78905,25418,25418,0,25712,25712,0,0,23023,21979,150,67372,7540,0,259352,0,259352,162425,162425,148595,1463952,252280,22,22
2008-11,,,,,,,,,,,,,,,,,,2608227,132933,2469970,64481,68450,15679,15679,0,33834,33834,0,0,14968,14968,55,58682,6029,0,263919,0,263919,154677,154677,129951,1375327,295778,19,20
2008-12,,,,,,,,,,,,,,,,,,2326867,114479,2085876,62260,52216,21711,21711,0,14993,14993,0,0,25556,25556,196,46485,2670,0,220391,0,220391,137031,137031,111562,1266470,129683,21,20
2009-01,,,,,,,,,,,,,,,,,,2461315,117205,2039693,49932,67273,20814,20814,0,16837,16837,0,0,12281,12276,192,60924,3007,0,222184,0,222184,132135,132135,131427,1138131,161106,21,21
2009-02,,,,,,,,,,,,,,,,,,2512446,132239,2048947,67067,65172,19572,19572,0,33866,33866,0,0,13629,13629,183,53811,8458,0,233414,0,233414,152713,152713,128481,1080612,177391,19,19
2009-03,,,,,,,,,,,,,,,,,,3085898,140267,2250348,71207,69060,28094,28094,0,16660,16660,0,0,26453,26453,78,58321,8256,0,227971,0,227971,139709,139709,121236,1257352,240782,22,22
2009-04,,,,,,,,,,,,,,,,,,2537762,120986,2291907,53613,67373,23612,23612,0,18740,18476,264,0,11261,11261,85,53467,10741,0,241785,0,241785,135313,134256,123878,1205675,298330,21,21
2009-05,,,,,,,,,,,,,,,,,,2952980,147692,2560477,73264,74428,25153,25153,0,34374,34251,123,0,13737,13710,212,61581,9978,0,331315,0,331315,150061,147934,114210,1424753,348359,20,20
2009-06,,,,,,,,,,,,,,,,,,3043776,138350,2420548,74700,63650,36634,36634,0,16568,16399,169,0,21498,21488,187,53464,6975,0,250337,0,250337,112422,111432,110800,1441518,334284,22,22
2009-07,,,,,,,,,,,,,,,,,,2462533,112270,2414649,46528,65742,21663,21663,0,12859,12821,38,0,12006,12000,89,52707,11657,0,235851,0,235851,107980,107241,116424,1371549,413420,22,22
2009-08,,,,,,,,,,,,,,,,,,2695682,134706,2594762,67428,67278,29527,29527,0,24386,24317,69,0,13515,13510,66,51644,14538,0,298724,0,298724,112532,110729,109114,1324204,578469,20,20
2009-09,,,,,,,,,,,,,,,,,,3175553,150376,2703308,73587,76788,32774,32774,0,15558,15530,28,0,25255,25246,209,55257,19790,0,268296,0,268296,143277,143097,109918,1389514,634551,21,21
2009-10,,,,,,,,,,,,,,,,,,3609315,171364,2890609,88771,82593,53360,53360,0,19369,19368,1,0,16042,16039,144,62011,18194,0,353536,0,353536,147843,147663,118954,1446542,636589,21,21
2009-11,,,,,,,,,,,,,,,,,,3263997,158526,3036815,79821,78705,38026,38026,0,30415,30402,13,0,11380,11372,118,65624,9459,0,344725,0,344725,158540,158283,115524,1594750,591170,20,21
2009-12,,,,,,,,,,,,,,,,,,2951824,140218,2769794,78113,62105,38114,38114,0,19242,19234,8,0,20757,20752,70,49885,10546,0,308098,0,308098,130932,130932,115316,1417614,578520,21,21
2010-01,,,,,,,,,,,,,,,,,,2906941,145351,2946190,67930,77421,38137,38137,0,18702,18702,0,0,11091,11091,118,63787,11062,0,382954,0,382954,171517,171517,134749,1358608,665822,20,20
2010-02,,,,,,,,,,,,,,,,,,3185124,167641,2989859,101147,66494,56331,56331,0,33163,33163,0,0,11653,11653,129,57439,6176,0,406228,0,406228,142819,142819,126520,1451201,637814,19,19
2010-03,,,,,,,,,,,,,,,,,,3877256,168575,2867800,101547,67028,62911,62911,0,17458,17458,0,0,21178,21178,470,52631,11390,0,366120,0,366120,161263,161263,125209,1532080,466838,23,23
2010-04,,,,,,,,,,,,,,,,,,3564599,169743,3076465,97397,72346,63183,63183,0,20188,20188,0,0,14026,14026,198,59942,8751,0,468408,0,468408,167092,167092,138830,1572041,552677,21,21
2010-05,,,,,,,,,,,,,,,,,,4376983,219058,3152269,124596,94462,58189,58189,0,47801,47801,0,0,18606,18600,312,69959,22959,0,384248,0,384248,167359,167359,119855,1721032,667873,20,20
2010-06,,,,,,,,,,,,,,,,,,4026908,183038,3048515,104948,78090,57787,57787,0,21720,21720,0,0,25441,25437,338,56682,20118,0,323722,0,323722,154837,154837,134237,1821393,542084,22,22
2010-07,,,,,,,,,,,,,,,,,,2831837,134846,2968826,71189,63657,43613,43613,0,16047,16047,0,0,11529,11527,421,53680,7784,0,350178,0,350178,162448,162448,142498,1732844,477704,21,21
2010-08,,,,,,,,,,,,,,,,,,3804469,181163,3396914,98731,82432,52145,52145,0,34222,34222,0,0,12364,12364,424,66942,12825,0,428649,0,428649,167242,167242,147282,1930198,596841,21,21
2010-09,,,,,,,,,,,,,,,,,,4003115,190616,3318159,117078,73538,69676,69676,0,22292,22281,0,11,25110,25110,366,57482,13774,0,310655,0,310655,151950,151868,135798,2032245,594034,21,21
2010-10,,,,,,,,,,,,,,,,,,3333690,166685,3326368,75482,91203,48331,48331,0,17563,17563,0,0,9588,9588,272,78115,10796,0,318944,0,318944,163511,163429,134306,2085984,505883,20,20
2010-11,,,,,,,,,,,,,,,,,,4381148,203678,3402253,110222,93450,62050,62050,0,36847,36839,0,8,11325,11325,353,79134,12989,0,366882,0,366882,154745,154544,128253,2095329,529135,21,22
2010-12,,,,,,,,,,,,,,,,,,4004837,190706,3591754,88151,102555,43484,43484,0,23515,23505,0,10,21152,21152,273,81874,19367,0,299345,0,299345,156715,156470,116355,2316811,638865,21,21
2011-01,,,,,,,,,,,,,,,,,,4249415,212470,3460832,94807,117663,65749,65749,0,20100,20093,0,7,8958,8958,303,96519,18178,0,444631,0,444631,170146,170045,124800,2106120,510479,20,20
2011-02,,,,,,,,,,,,,,,,,,4592757,241723,3768774,129864,111859,77938,77938,0,41981,41950,0,31,9945,9945,682,99617,10380,0,481654,0,481654,154697,154533,122450,2356467,552714,19,19
2011-03,,,,,,,,,,,,,,,,,,5711489,248327,3886334,142081,106246,89577,89577,0,26308,26307,0,1,26196,26196,365,91819,11526,0,505672,0,505672,144057,143913,118322,2679411,337678,23,23
2011-04,,,,,,,,,,,,,,,,,,4650202,232511,4085332,127884,104627,91431,91431,0,24842,24835,0,7,11611,11611,403,90803,8482,0,591391,0,591391,178060,178060,120943,2643468,412512,20,20
2011-05,,,,,,,,,,,,,,,,,,5454646,259909,4256207,159625,100284,99643,99643,0,46396,46396,0,0,13586,12722,496,82067,15311,0,696250,0,696250,195846,195846,122202,2615241,462666,21,21
2011-06,,,,,,,,,,,,,,,,,,6164764,280216,4361887,176082,104134,121764,121764,0,29076,29076,0,0,25242,24514,453,76433,23147,0,620261,0,620261,195837,195837,121391,2788823,486581,22,22
2011-07,,,,,,,,,,,,,,,,,,5006106,250307,4213747,141275,109032,104914,104914,0,25903,24170,1093,640,10458,9960,410,92091,12353,0,629909,0,629909,204823,198570,122088,2504752,570691,20,20
2011-08,,,,,,,,,,,,,,,,,,6179988,280995,4253143,159942,121053,91878,91878,0,48682,46952,901,829,19382,18454,269,99741,17519,0,490403,0,490403,212317,203718,129915,2657857,589711,22,22
2011-09,,,,,,,,,,,,,,,,,,5572153,265342,4404867,122864,142478,65148,65148,0,28188,26994,750,444,29528,28902,383,119958,20111,0,419008,0,419008,175441,169681,133990,2979899,542063,21,21
2011-10,,,,,,,,,,,,,,,,,,4547480,227348,4003469,113610,113738,72312,72312,0,27073,25895,774,404,14225,13725,253,96873,14794,0,430001,0,430001,182284,175472,138302,2559512,527555,20,20
2011-11,,,,,,,,,,,,,,,,,,5361598,248428,4819196,113447,134981,61021,61021,0,41059,39998,686,375,11367,10960,244,112860,20727,0,487729,0,487729,195417,186412,139349,3128602,702107,21,22
2011-12,,,,,,,,,,,,,,,,,,4490808,224538,4543045,107436,117102,59718,59718,0,22658,21625,913,120,25060,24594,234,104016,11704,0,407248,0,407248,189169,185383,130200,3173582,560461,20,20
2012-01,,,,,,,,,,,,,,,,,,5161342,245776,4418346,100600,145176,63705,63705,0,27353,26789,535,29,9542,9240,249,126508,16704,0,508063,0,508063,201895,197480,144087,2794907,665303,21,21
2012-02,,,,,,,,,,,,,,,,,,5027416,251391,4706170,124808,126583,60001,59976,0,54942,54367,476,99,9865,9522,292,107944,17263,0,542320,0,542420,224223,221010,158706,2930087,742744,20,20
2012-03,,,,,,,,,,,,,,,,,,6157350,279882,4946320,152534,127348,90418,90416,0,36702,35952,632,118,25414,25000,292,107756,18405,0,553365,0,553415,229635,225989,138307,3245099,720603,22,22
2012-04,,,,,,,,,,,,,,,,,,5695654,284782,4664493,178906,105876,133301,133301,0,34288,33151,758,379,11317,10763,300,89167,14811,0,735819,0,735819,236921,229873,146768,2768816,695381,20,20
2012-05,,,,,,,,,,,,,,,,,,6720566,305543,4720134,197721,107822,120697,120697,0,63986,61584,1499,903,13038,12305,385,84234,20679,0,676967,0,676967,256216,246525,159849,2883072,633685,22,22
2012-06,,,,,,,,,,,,,,,,,,5461363,260068,4627241,156397,103671,93216,93216,0,34892,34111,398,383,28289,27600,451,82200,18243,0,549361,0,549361,217636,211025,154217,3057613,417119,21,21
2012-07,,,,,,,,,,,,,,,,,,4826233,229821,4797033,94323,135498,55888,55888,0,27743,27275,313,155,10692,9878,1369,101152,28546,0,535418,0,535418,231207,223766,151508,2803752,788987,21,21
2012-08,,,,,,,,,,,,,,,,,,5362872,243764,4919913,135479,108285,75776,75776,0,49735,48761,657,317,9968,9133,1279,93612,10343,0,531358,0,531358,198454,191627,151111,2914388,814536,22,22
2012-09,,,,,,,,,,,,,,,,,,5085184,267637,4735073,144900,122737,83951,83951,0,33635,32771,564,300,27314,26699,2607,101023,16953,0,519708,0,519708,209689,206160,137957,2890389,721679,19,19
2012-10,,,,,,,,,,,,,,,,,,5156527,234383,4613533,128426,105957,88198,88198,0,30267,29583,457,227,9961,9477,1889,93922,7979,0,505972,0,505972,219499,215354,147188,2712433,751512,22,22
2012-11,,,,,,,,,,,,,,,,,,4900323,222736,4738063,121487,101249,53708,53708,0,57359,56638,531,190,10420,10084,2069,88444,9920,0,508423,0,508423,304066,299778,150585,2715876,770259,22,22
2012-12,,,,,,,,,,,,,,,,,,4749952,249993,4231465,131765,118228,73263,73263,0,32913,32132,471,310,25589,25310,4192,80343,33007,0,451821,0,451821,252215,249254,146716,2610992,612447,19,19
2013-01,,,,,,,,,,,,,,,,,,5790436,263197,4091113,145606,117591,99089,99089,0,37018,36403,417,198,9499,9217,3094,102291,9574,0,538041,0,538041,278551,273715,152158,2212601,689348,22,22
2013-02,,,,,,,,,,,,,,,,,,5770108,303685,4477877,180768,122917,95879,95879,0,72730,71070,1014,646,12159,11842,1741,88113,31415,0,619144,0,619144,282321,275385,146948,2503770,699292,19,19
2013-03,,,,,,,,,,,,,,,,,,4959043,247946,4381158,157815,90131,85770,85770,0,44514,43070,858,586,27531,27234,1533,74703,11965,0,603834,0,603834,305502,301516,146367,2552303,567954,20,20
2013-04,,,,,,,,,,,,,,,,,,4756111,216181,4412086,116186,99995,62968,62968,0,39705,37350,1852,503,13513,12906,2087,80381,15419,0,670289,0,670289,408316,398501,154137,2410874,534420,22,22
2013-05,,,,,,,,,,,,,,,,,,7332838,333304,4893213,226940,106364,113420,113420,0,102409,99972,1936,501,11111,10674,1257,93730,8562,0,692642,0,692642,337791,329595,152857,2888960,558278,22,22
2013-06,,,,,,,,,,,,,,,,,,6061888,303089,4599798,204241,98848,112982,112982,0,61706,60186,1265,255,29553,28990,1879,80602,13083,0,676431,0,676431,276150,271276,138393,2757607,496164,20,20
2013-07,,,,,,,,,,,,,,,,,,5030108,228636,4581536,125826,102810,78682,78682,0,37738,36639,806,293,9406,9053,1849,93437,5630,0,612781,0,612781,291590,284495,147719,2796661,449198,22,22
2013-08,,,,,,,,,,,,,,,,,,5054926,240706,4755493,144609,96097,65777,65777,0,68030,66563,1210,257,10802,10378,993,85815,5756,0,661065,0,661065,274606,266317,148732,2892802,477351,21,21
2013-09,,,,,,,,,,,,,,,,,,5668786,283434,4537419,188392,95042,117017,117017,0,45322,44254,886,182,26053,25697,2130,71668,18038,0,714036,0,714036,264117,257350,140193,2792422,361110,20,20
2013-10,,,,,,,,,,,,,,,,,,5371020,244130,4510707,144582,99548,88055,88055,0,45129,44095,895,139,11398,11064,2279,89697,6336,0,752878,0,752878,274970,268524,142193,2636454,408929,22,22
2013-11,,,,,,,,,,,,,,,,,,5211883,255905,4789209,170374,85531,80444,80444,0,80099,78668,1302,129,9831,9509,1120,74424,8244,0,779235,0,779235,284878,275973,150433,2787180,473830,20,21
2013-12,,,,,,,,,,,,,,,,,,5199675,259977,4329062,162730,97247,86102,86102,0,48636,47727,782,127,27992,27487,4525,82350,7588,0,667149,0,667149,277287,269522,136352,2693007,311161,20,20
2014-01,,,,,,,,,,,,,,,,,,6237095,283499,4259347,182496,101003,121398,121398,0,49211,48283,851,77,11887,11478,4597,86293,6645,0,832841,0,832841,311959,304244,145500,2327518,387568,22,22
2014-02,,,,,,,,,,,,,,,,,,5758625,303078,4552959,193997,109081,101369,101369,0,81081,79681,1277,123,11547,11107,1472,92819,11602,0,848397,0,848397,302522,296095,146960,2606157,363725,19,19
2014-03,,,,,,,,,,,,,,,,,,5571293,265294,4339180,172784,92510,98549,98549,0,46586,45646,903,37,27649,27219,1148,79589,8908,0,718380,0,718380,296639,289241,144591,2648152,292105,21,21
2014-04,,,,,,,,,,,,,,,,,,4944385,235439,4375805,135741,99698,79828,79828,0,43596,42710,848,38,12317,12013,2378,84559,10112,0,740602,0,740602,332536,323687,143522,2494459,380835,21,21
2014-05,,,,,,,,,,,,,,,,,,5366848,255559,4609048,173525,82034,69471,69471,0,92021,89583,2285,153,12033,11736,1295,68951,10773,0,784514,0,784514,336510,325444,141692,2588513,451099,21,21
2014-06,,,,,,,,,,,,,,,,,,5840058,278100,4619837,185876,92224,107938,107938,0,52263,51613,644,6,25675,25352,1135,76312,14021,0,673797,0,673797,307241,297616,135720,2827366,443445,21,21
2014-07,,,,,,,,,,,,,,,,,,5373003,244222,5003636,138517,105705,84598,84598,0,42898,42293,602,3,11021,10749,918,83521,20727,0,740508,0,740508,348169,339528,150807,2844103,689792,22,22
2014-08,,,,,,,,,,,,,,,,,,5271609,263572,4984703,180325,83247,82572,82572,0,86298,84458,1736,104,11455,11146,1053,71963,9591,0,694861,0,694861,360033,350968,151191,2854911,686113,20,20
2014-09,,,,,,,,,,,,,,,,,,6154812,293080,4847153,200968,92112,124363,124363,0,46845,46090,721,34,29760,29323,995,70677,19204,0,725486,0,725486,347869,334192,136481,2880368,557775,21,21
2014-10,,,,,,,,,,,,,,,,,,6958301,316279,5022355,196171,120108,123082,123082,0,56254,54580,1649,25,16835,16346,1583,88924,28833,0,676330,0,676330,374812,357978,137729,2873188,738664,22,22
2014-11,,,,,,,,,,,,,,,,,,5782857,298137,5211572,190708,107429,81720,81720,0,97359,95549,1737,73,11629,11229,718,87900,17857,0,749318,0,749318,410875,401090,130951,2971982,735846,19,20
2014-12,,,,,,,,,,,,,,,,,,6728570,320401,5142980,184141,136260,104149,104149,0,46821,45505,1298,18,33171,32380,2998,97118,34992,0,622094,0,622094,408653,401470,133625,3207828,631734,21,21
2015-01,,,,,,,,,,,,,,,,,,6937972,330373,4522737,208766,121607,129965,129965,0,61890,61003,873,14,16911,16305,1232,96972,20571,0,641342,0,641342,362120,355752,152589,2431461,747705,21,21
2015-02,,,,,,,,,,,,,,,,,,6402096,336946,4993423,216827,120119,85118,85118,0,118068,116978,1024,66,13641,13453,2435,100456,15219,0,672353,0,672353,407721,400981,162278,2680744,844576,19,19
2015-03,,,,,,,,,,,,,,,,,,5696805,258938,4769477,160162,98776,81880,81880,0,47782,47178,574,30,30500,30226,1805,68481,22332,0,653141,0,653141,364118,360430,147110,2576434,773656,22,22
2015-04,,,,,,,,,,,,,,,,,,5286550,251736,4760093,141384,110352,82865,82865,0,46318,45909,395,14,12201,12091,599,84718,20880,0,638232,0,638232,326342,322013,161784,2534203,789475,21,21
2015-05,,,,,,,,,,,,,,,,,,5983877,299188,5395168,182828,116360,71596,71596,0,97927,97015,907,5,13305,13092,1457,78151,35900,0,673315,0,673315,303564,299999,153058,2790651,1138266,20,20
2015-06,,,,,,,,,,,,,,,,,,6177233,280776,5417455,182014,98762,90018,90018,0,60429,59529,892,8,31567,31397,960,68250,27651,0,632183,0,632183,333023,328624,170332,2889667,1196426,22,22
2015-07,,,,,,,,,,,,,,,,,,7356739,334392,6171554,153950,180442,82654,82654,0,55962,55362,600,0,15334,15261,1685,91502,84523,0,718751,0,718751,380467,372414,185627,2756578,1906942,22,22
2015-08,,,,,,,,,,,,,,,,,,6540405,327014,6420839,203525,123489,66688,66688,0,118983,117537,1446,0,17854,17737,4281,87310,29722,0,742147,0,742147,411540,403457,196586,2840061,1959234,20,20
2015-09,,,,,,,,,,,,,,,,,,6130852,291939,6108558,185816,106123,90654,90654,0,56170,55679,491,0,38992,38817,4030,73226,27983,0,630160,0,630160,405850,399653,214020,2909146,1730324,21,21
2015-10,,,,,,,,,,,,,,,,,,6280290,299054,6355675,168928,130126,91622,91622,0,60083,59823,260,0,17223,16982,2301,100997,25961,0,694609,0,694609,391589,384990,222400,3095217,1718412,21,21
2015-11,,,,,,,,,,,,,,,,,,6396876,312962,6292139,186717,126245,71756,71756,0,101908,100994,914,0,13053,12863,2758,92238,29437,0,689180,0,689180,388596,383744,216873,3082815,1664456,20,21
2015-12,,,,,,,,,,,,,,,,,,7482476,356302,5547689,193133,163169,96722,96722,0,54628,54460,168,0,41783,41557,2552,85994,73198,0,613542,0,613542,426652,421910,216181,3144373,988578,21,21
2016-01,,,,,,,,,,,,,,,,,,7985720,399280,5560747,221673,177607,126100,126100,0,71313,71021,292,0,24260,24144,7334,100591,67597,0,734533,0,734533,467456,462636,230610,2434526,1435288,20,20
2016-02,,,,,,,,,,,,,,,,,,8470741,423532,6026235,255381,168151,107538,107538,0,127867,127108,759,0,19976,19887,4281,115449,43861,0,882213,0,882213,426731,422960,210407,2842282,1382428,20,20
2016-03,,,,,,,,,,,,,,,,,,7812111,355091,5779941,204094,150997,103485,103485,0,64091,63938,153,0,36518,36359,3683,110915,34340,0,774724,0,774724,444903,440743,215911,2974769,1149591,22,22
2016-04,,,,,,,,,,,,,,,,,,7189771,342365,6016799,187240,155125,103756,103756,0,70382,70283,99,0,13102,13024,1402,112996,39830,0,777809,0,777809,455981,451807,216212,3030874,1314387,21,21
2016-05,,,,,,,,,,,,,,,,,,7260827,345749,5809358,226092,119657,95569,95569,0,114228,113655,573,0,16295,16224,2229,88401,27143,0,797152,0,797152,416513,413087,249673,2938662,1168596,21,21
2016-06,,,,,,,,,,,,,,,,,,8039572,365428,5869220,199990,165438,102316,102316,0,61567,61358,209,0,36107,35963,2650,105639,56398,0,565349,0,565349,396684,392743,220363,3371502,1100660,22,22
2016-07,,,,,,,,,,,,,,,,,,5970422,298518,6015994,145609,152909,85132,85132,0,47734,47428,306,0,12743,12697,3055,103830,44511,0,652712,0,652712,405512,401339,242259,3149197,1329124,20,20
2016-08,,,,,,,,,,,,,,,,,,6893620,313338,6054132,200673,112665,81722,81722,0,104572,104007,565,0,14379,14321,719,82496,28568,0,682882,0,682882,403013,398345,246617,3025189,1477525,22,22
2016-09,,,,,,,,,,,,,,,,,,7428027,353711,5978591,213979,139732,101852,101852,0,68785,68571,214,0,43342,43239,1913,92709,44352,0,710269,0,710269,422239,419308,246644,3241189,1201606,21,21
2016-10,,,,,,,,,,,,,,,,,,7315179,365753,5952527,220414,145339,130803,130803,0,72081,71945,136,0,17530,17453,3541,101466,34297,0,768838,0,768838,403600,401363,249159,2953328,1333824,20,20
2016-11,,,,,,,,,,,,,,,,,,9398416,438934,6686068,271443,167491,115396,115396,0,139294,138184,1110,0,16753,16714,1420,105060,57423,0,928172,0,928172,439392,435534,258652,3170507,1622519,21,22
2016-12,,,,,,,,,,,,,,,,,,8139051,406948,6733117,222945,184003,112573,112573,0,69672,68445,1227,0,40668,40521,214,89528,84673,32,936688,0,936688,438119,434366,244525,3073153,1745245,20,20
2017-01,,,,,,,,,,,,,,,,,,7139977,339994,6119613,199936,140058,107266,107266,0,74333,72788,1545,0,13546,13260,593,95864,40011,4791,954308,0,954308,449671,439524,238569,2307916,1717458,21,21
2017-02,,,,,,,,,,,,,,,,,,7414222,390215,6210349,251655,138560,80416,80416,0,153139,150748,2391,0,15839,15476,125,102375,34985,2261,912225,0,912225,451703,441557,258973,2554559,1644596,19,19
2017-03,,,,,,,,,,,,,,,,,,9125905,396772,6133214,236098,160674,117782,117782,0,78006,76660,1346,0,39895,39559,159,88112,70349,415,810154,0,810154,470047,465374,238782,2754681,1547138,23,23
2017-04,,,,,,,,,,,,,,,,,,6330009,333151,5355029,208168,124983,101364,101364,0,85855,84542,1313,0,16886,16576,1474,83628,37873,4063,771871,0,771871,464809,459506,243815,2410135,1107497,19,19
2017-05,,,,,,,,,,,,,,,,,,9404663,427479,5810462,288485,138994,109871,109871,0,156820,155217,1603,0,18586,18129,1720,86995,44614,3208,826660,0,826660,557474,552326,253298,2580883,1203235,22,22
2017-06,,,,,,,,,,,,,,,,,,10357840,470804,5776584,344620,126184,203933,203933,0,98125,96905,1220,0,42562,41891,4717,79022,36490,0,844211,0,844211,488916,483118,238112,2718398,1152822,22,22
2017-07,,,,,,,,,,,,,,,,,,6559342,327961,5997394,195673,132288,108497,108497,0,71564,70039,1525,0,15612,15263,2579,80269,45659,0,921234,0,921234,505784,500764,246115,2442095,1501933,20,20
2017-08,,,,,,,,,,,,,,,,,,7735579,351609,6702679,218778,132831,75508,75508,0,127302,125620,1682,0,15968,15501,10774,76342,44321,0,989356,0,989356,505947,500997,255116,2694433,1682270,22,22
2017-09,,,,,,,,,,,,,,,,,,9554939,477741,6736550,290295,187446,182074,182074,0,65387,64315,1072,0,42834,42397,7763,87196,88045,0,921245,0,921245,562897,557665,259069,2939305,1584501,20,20
2017-10,,,,,,,,,,,,,,,,,,6821375,324821,6384869,175510,149311,100562,100562,0,61362,60315,1047,0,13586,13418,5901,106797,32528,0,817863,0,817863,531576,527365,266964,2859174,1300317,21,21
2017-11,,,,,,,,,,,,,,,,,,8354122,389456,7144414,234185,155271,83090,83090,0,129122,127935,1187,0,13571,13233,5,115242,38177,8402,774382,0,774382,545534,541658,271264,3260483,1639841,21,22
2017-12,,,,,,,,,,,,,,,,,,7469530,393127,6648966,243972,149155,121782,121782,0,66308,64930,1378,0,51076,50509,276,112928,32542,4806,735064,0,735064,526357,522589,259588,3217216,1467245,19,19
2018-01,,,,,,,,,,,,,,,,,,8640688,392753,6846408,205484,187269,109813,109813,0,71065,69463,1602,0,19723,19454,285,135719,46894,4883,854427,0,854427,623250,619994,285750,2839273,1731833,22,22
2018-02,,,,,,,,,,,,,,,,,,9703208,510691,6902931,317108,193583,104527,104527,0,180414,178391,2023,0,31397,31007,249,115399,76146,770,849435,0,849435,590697,587908,295703,2942819,1739528,19,19
2018-03,,,,,,,,,,,,,,,,,,8195324,390248,6427141,253304,136944,116992,116992,0,80349,79136,1213,0,51093,50694,158,102667,33104,4870,767753,0,767753,543713,540731,283493,3182169,1365162,21,21
2018-04,,,,,,,,,,,,,,,,,,7364305,350676,6827107,186411,164265,90248,90248,0,77049,75686,1363,0,17388,17164,147,111198,49151,1726,856059,0,856059,623997,620222,290612,2935736,1760503,21,21
2018-05,,,,,,,,,,,,,,,,,,10721058,487314,7286437,329691,157623,125840,125840,0,180998,179802,1196,0,19184,18924,415,105462,46513,3669,1083596,0,1083596,664371,660649,288919,3026919,1753126,22,22
2018-06,,,,,,,,,,,,,,,,,,9379028,446611,7193847,270064,176547,130878,130878,0,91595,90472,1123,0,44625,44276,1586,118106,51284,2966,929689,0,929689,520023,515789,270938,3458571,1645592,21,21
2018-07,,,,,,,,,,,,,,,,,,8618506,410510,8245308,194820,215690,106012,106012,0,73084,72241,843,0,13626,13325,219,105388,105658,2098,909070,0,909070,523725,519590,270751,3232635,2882579,21,21
2018-08,,,,,,,,,,,,,,,,,,10668864,484943,8395499,267453,217490,93921,93921,0,154302,153452,850,0,18412,18137,8,118403,92238,818,903905,0,903905,573498,569565,282751,3628189,2534109,22,22
2018-09,,,,,,,,,,,,,,,,,,7777820,409352,7035648,242875,166477,105667,105667,0,82548,81422,1126,0,49616,49209,1300,120868,41629,5044,816980,0,816980,615509,612280,270059,3579073,1324559,19,19
2018-10,,,,,,,,,,,,,,,,,,10933209,496958,7855164,281121,215837,137286,137286,0,110893,109699,1194,0,28296,27988,1505,139905,64353,4192,1104882,0,1104882,610690,606427,287959,3667217,1599174,22,22
2018-11,,,,,,,,,,,,,,,,,,10441542,488156,8113462,325259,162897,108780,108780,0,185699,183672,2027,0,22111,21742,2602,116982,39711,8656,1013589,0,1013589,629559,620276,306325,3998918,1556518,21,22
2018-12,,,,,,,,,,,,,,,,,,9749530,513127,6788471,348851,164276,165386,165386,0,112463,107074,5389,0,60084,59336,994,114204,44629,10918,822968,0,822968,531862,515198,301138,3726382,984624,19,19
2019-01,,,,,,,,,,,,,,,,,,9205773,418437,6595894,249825,168612,114570,114570,0,102276,94131,8145,0,18907,18536,337,125363,40222,13900,937068,0,937068,667299,635571,309653,2910706,1248897,22,22
2019-02,,,,,,,,,,,,,,,,,,9711691,511135,7029007,338426,172709,95926,95926,0,209244,199089,10155,0,17434,17227,301,130451,38833,15800,1008556,0,1008556,684113,657663,311879,3250471,1231854,19,19
2019-03,,,,,,,,,,,,,,,,,,10571671,503406,7369109,337242,166164,149591,149591,0,118866,107951,10915,0,54519,54253,180,133603,29680,14266,1060555,0,1060555,695025,661081,308532,3861732,1007259,21,21
2019-04,,,,,,,,,,,,,,,,,,8312840,395843,7075512,236935,158908,94451,94451,0,105209,92946,12263,0,18517,18283,310,122348,33485,18743,1010637,0,1010637,734048,678424,292262,3492257,1090306,21,21
2019-05,,,,,,,,,,,,,,,,,,11740442,533650,7433205,376820,156830,129907,129907,0,211419,194284,17135,0,22877,22665,596,112463,38205,12603,1064653,0,1064653,686048,637232,294007,3646001,1249545,22,22
2019-06,,,,,,,,,,,,,,,,,,9071065,453546,7060679,319430,134116,137632,137632,0,114588,97811,16777,0,51867,51367,663,102987,28487,15308,932467,0,932467,658001,612320,289450,3757557,953573,20,20
2019-07,,,,,,,,,,,,,,,,,,7977993,362628,7112793,244923,117705,107910,107910,0,102944,89258,13686,0,18131,18049,112,94581,20616,15938,1040290,0,1040290,672258,621874,311986,3583387,948137,22,22
2019-08,,,,,,,,,,,,,,,,,,10769970,512849,7691639,362698,150151,115750,115750,0,209710,185250,24460,0,24537,24279,359,111372,34130,12701,1071043,0,1071043,614250,567041,307563,4040741,1096240,21,21
2019-09,,,,,,,,,,,,,,,,,,10378265,518911,7940774,330528,188383,128734,128734,0,118512,100314,18198,0,56268,56068,59,140665,39274,27014,985250,0,985250,621324,571131,298689,4415645,1026527,20,20
2019-10,,,,,,,,,,,,,,,,,,9748846,443122,8139557,302272,140850,131116,131116,0,129880,107420,22460,0,22071,21913,275,107725,24573,19183,1116690,0,1116690,649997,589533,300898,4279033,1095319,22,22
2019-11,,,,,,,,,,,,,,,,,,9366197,459497,8332273,317823,141674,88750,88750,0,191836,168177,23659,0,18300,18210,19,113331,25517,18577,1165811,0,1165811,645557,585179,305353,4528235,1012645,20,21
2019-12,,,,,,,,,,,,,,,,,,9314155,465702,7514864,329617,136085,134948,134948,0,110363,89732,20631,0,56622,56396,213,100729,29699,27684,997790,0,997790,665663,615822,313713,4091345,962364,20,20
2020-01,,,,,,,,,,,,,,,,,,10508490,477658,7464650,316777,160881,132454,132454,0,135984,113722,22262,0,22908,22845,0,130141,25394,25431,1059380,0,1059380,711794,639926,329788,3749036,1069902,22,22
2020-02,,,,,,,,,,,,,,,,,,12858897,676778,8498591,516262,160516,181000,181000,0,263528,224021,39507,0,30050,29963,126,113466,36861,41684,1271515,0,1271515,857999,773099,361389,3857586,1191846,19,19
2020-03,,,,,,,,,,,,,,,,,,14099274,640869,7601385,476391,164478,174246,174246,0,171700,142636,29064,0,83839,83695,110,102508,54900,46606,802242,0,802242,637776,576083,306775,4060050,1089132,22,22
2020-04,,,,,,,,,,,,,,,,,,7983681,380168,7658665,245125,135043,72735,72735,0,95088,78223,16865,0,18131,18098,0,93684,37770,59171,878081,0,878081,708660,642403,293154,3908818,1283288,21,21
2020-05,,,,,,,,,,,,,,,,,,10222417,511114,8536352,372059,139055,62386,62386,0,182787,162242,20545,0,15500,15440,0,87690,48764,111386,966234,0,966234,635398,574904,297411,4046670,1571984,20,20
2020-06,,,,,,,,,,,,,,,,,,10585226,481219,8171302,352233,128986,75453,75254,199,112454,95098,17356,0,47355,46815,0,94807,33231,116971,900145,2447,902592,611836,552923,285960,3964663,1535989,22,22
2020-07,,,,,,,,,,,,,,,,,,6815952,309808,7700280,193641,116167,43125,43116,9,94591,81360,13231,0,16961,16949,0,79137,36140,38964,983494,2595,986089,666293,606637,294185,3710553,1562806,22,22
2020-08,,,,,,,,,,,,,,,,,,7922616,396125,7635401,289881,106244,63707,63638,69,193398,171376,22022,0,14499,14483,17,78742,26463,18277,1045645,3274,1048919,629482,573366,299595,3739394,1549887,20,20
2020-09,,,,,,,,,,,,,,,,,,6857857,326557,7798167,216799,109758,50291,50179,112,104303,89619,14684,0,51968,50534,834,78897,29612,10237,1046229,3076,1049305,687202,620010,291708,3926412,1516468,21,21
2020-10,,,,,,,,,,,,,,,,,,7933232,377766,8370398,249356,128410,84486,84401,85,121756,102766,18990,0,18011,17993,386,95435,30296,25103,1226394,4064,1230458,714696,642763,304875,3971868,1740955,21,21
2020-11,,,,,,,,,,,,,,,,,,10624297,519969,8609159,343385,176584,81025,80854,171,211961,184725,27200,36,18349,18330,0,126601,47874,32050,1282453,5864,1288317,715380,648915,319196,4152832,1593463,20,21
2020-12,,,,,,,,,,,,,,,,,,9438158,449429,8128321,298735,150694,83122,83061,61,133298,106659,21996,4643,51415,50424,0,111568,38356,30900,1147439,5578,1153017,746676,650977,297750,4177270,1373685,21,21
2021-01,,,,,,,,,,,,,,,,,,10555168,527752,8157247,342948,184804,103890,103640,250,165938,129546,27763,8629,19987,19967,0,136799,46948,53133,1255194,8854,1264048,883180,748412,312794,3337070,1727862,20,20
2021-02,,,,,,,,,,,,,,,,,,14013724,737558,9252245,528953,208605,125636,125623,13,314147,260559,39424,14164,16878,16699,0,132417,74059,72292,1587601,8874,1596475,900887,766373,317608,3594774,2190800,19,19
2021-03,,,,,,,,,,,,,,,,,,13770664,598717,9200209,439288,159429,137285,137160,125,147524,111563,28447,7514,49591,48075,0,118866,38276,104888,1353839,6767,1360606,787714,691524,294053,3973477,1598390,23,23
2021-04,,,,,,,,,,,,,,,,,,9913520,472068,8748472,318484,153584,86242,86184,58,136363,107921,22752,5690,16863,16652,0,115994,37060,79016,1342453,6897,1349350,861963,739123,298465,3975572,1678959,21,21
2021-05,,,,,,,,,,,,,,,,,,12842349,642113,9679818,453330,188783,83365,83326,39,248154,208638,32111,7405,19176,19150,0,134781,53788,102635,1348894,6942,1355836,828330,705539,292334,4548924,1750885,20,20
2021-06,,,,,,,,,,,,,,,,,,13053388,593329,10036613,417082,176247,122780,122538,242,137087,103377,27841,5869,46120,46069,0,137583,38048,111095,1346180,4186,1350366,807706,673731,286267,4812611,1930550,22,22
2021-07,,,,,,,,,,,,,,,,,,10139304,482817,9686827,318055,164762,111925,111870,55,133626,98001,29594,6031,19121,19094,0,119924,42646,53383,1231277,4586,1235863,799761,661391,292490,4708295,2186872,21,21
2021-08,10884080579,187772877348,22935310,6324849035,166977081185,19071460,20582.94,3258023169,2573878532,1520572,896.54,1301208375,18221917631,2343278,,,,11885418,565965,10545302,399135,166830,67113,66987,126,242425,201580,33315,7530,15283,15264,0,125173,40116,74314,1227249,3756,1231005,798126,683034,293120,5136596,2318486,21,21
2021-09,14097241843,242940021405,26847140,8423490199,217998239673,22316539,20070.25,4160646635,2979725869,1797407,858.87,1513105009,21962055863,2733194,,,,12935610,629262,11409873,448662,180600,112194,112161,33,166412,123422,31963,11027,51876,51630,0,134924,45239,118180,1178531,1944,1180475,749643,614506,285606,5539928,2488244,20,21
2021-10,12839030484,214600798959,24445532,7257907827,190853389032,20226779,21037.07,4113545824,3168891299,1749686,950.43,1467576833,20578518628,2469067,,,,13898743,694932,11696814,481105,213827,194243,194213,30,180647,121568,38225,20854,21260,21230,0,160931,47839,84955,1330265,2020,1332285,841683,652239,283299,5904433,2607356,20,20
2021-11,15539752854,258156271080,29735604,9155819860,229410713285,24527278,20659.99,4646115349,4120588526,2208434,939.44,1737817645,24624969269,2999892,,,,14915811,695374,12441587,507175,188199,111122,111076,46,271036,204200,43615,23169,18822,18802,0,153168,34563,106195,1194295,2190,1196485,846023,660932,291412,6286662,2651582,21,22
2021-12,12980137691,244080853076,26718099,7992497639,217673962194,22218828,21222.84,3475682922,2807939549,1577257,939.18,1511957130,23598951333,2922014,,,,12068952,574704,11252972,381205,193499,86819,86782,37,138458,99248,28555,10245,53248,53157,0,146922,44913,102680,971558,1326,972884,861255,679626,277344,6102487,2405401,21,21
2022-01,13376125830,267639949100,29155099,8190773518,236951912702,24540370,21098.29,3537291559,2522081178,1464960,859.14,1648060753,28165955220,3149769,,,,10721384,536063,10532180,327756,208307,80862,80845,17,156928,110849,30820,14786,26979,26268,0,166020,41193,62987,929183,1401,930584,901616,714918,284169,5411754,2415834,20,20
2022-02,12741249685,253684805283,26713933,8403064471,229672036765,22978047,21126.36,2996517430,2066520024,1192867,849.57,1341667784,21946248494,2543019,,,,13837736,728295,11636327,534419,193876,74666,74648,18,319086,247399,47988,23080,23707,23420,0,149652,41595,116960,1003928,1337,1005265,822953,637089,295211,5288760,2753543,19,19
2022-03,17345417227,359414256315,35256147,11317475628,326798854414,30239158,21890.16,4102023477,2531865442,1553224,892.43,1925918122,30083536459,3463765,,,,14748077,641216,10990097,430954,210262,82172,82010,162,179074,122936,41750,13975,50343,50250,0,175863,33677,119365,897867,3236,901103,710495,545008,278064,5682958,2373514,23,23
2022-04,12728199793,253441652821,25926535,8010541834,229733386285,22284803,20762,3203050785,1862714258,1130385,814.43,1514607174,21845552278,2511347,,,,10221069,511047,11139855,292060,218987,58192,58135,57,161309,106189,36523,18363,17682,17675,0,164212,54001,54877,921861,3689,925550,731353,558748,292076,5885646,2808216,20,20
2022-05,14022112419,283298822955,29743089,9609283915,258103098859,25928777,20729.34,2867304793,1412149089,941976,720.98,1545523711,23783575007,2872336,,,,12566532,598399,11644177,388440,209959,46261,45616,645,257791,182080,48451,26937,24700,24665,0,141492,67656,59688,879547,9235,888782,713178,556758,303939,5835263,3314520,21,21
2022-06,13655255428,279773598903,28013503,9426184386,256543319188,24475427,18861.36,2749769754,1208084270,797826,617.26,1479301288,22022195445,2740250,,,,13669647,621338,12535882,403622,217716,75847,73551,2296,192690,127467,38540,26572,58090,57981,0,140807,76582,76995,732634,13027,745661,724123,565575,311595,5950684,3929617,22,22
2022-07,10269204709,209167135730,22789083,7123798160,191258270995,20088215,19692.92,2044585384,839496966,586979,646.04,1100821165,17069367769,2113889,,,,10977320,548862,13551995,316575,232287,61814,59921,1893,170989,116134,30982,23815,20332,20237,0,134014,98124,63440,781891,15388,797279,744091,581657,315627,6375533,4626534,20,20
2022-08,11309048237,228469955224,23706952,7721123302,211542289964,21050058,19330.81,2477068972,1103403246,717673,638.44,1110855963,15824262014,1939221,,,,13368211,607641,13619444,395520,212121,52964,50933,2031,260314,190283,45716,24178,18039,18017,0,140633,71302,64203,779514,20947,800461,717354,569956,314898,6466591,4561527,22,22
2022-09,11371138718,238004977498,24455534,7943402913,222488239492,21954948,18444.22,2392632336,1009585263,688659,594.13,1035103469,14507152743,1811927,,,,12681668,617351,13745655,391827,225524,78158,75234,2924,204395,136583,42616,25133,59917,59548,0,166098,58881,49357,703864,27485,731349,716474,569276,319238,6594520,4514841,20,21
2022-10,10459070973,214080726496,23483547,7043553242,198341562057,21105218,19426.14,2393975305,850530978,597170,595.33,1021542426,14888633461,1781159,,,,11951935,597590,13893200,338944,258646,80857,78357,2500,190727,118498,40260,31887,24147,23671,0,176046,82459,43213,738797,29054,767851,752372,569953,325868,6957184,4779159,20,20
2022-11,12608068317,249888404541,25499103,8538558088,232454602291,22800228,20453.26,2892427153,1026492803,708037,591,1177083076,16407309447,1990838,,,,14200957,660246,14958020,393575,266671,72288,69045,3243,252290,172262,46056,33790,19681,19515,0,185799,80801,49316,732533,36678,769211,615092,486358,317005,7533997,5164916,21,22
2022-12,11508986230,232270649579,22051494,7667180075,218147622435,19726305,19384.92,2800332603,973456544,668826,570.27,1041473552,13149570600,1656363,,,,11508159,575402,13290700,345196,230206,88033,84557,3476,161645,98901,37389,25194,56078,55724,0,165758,64307,39440,626983,38985,665968,647220,503587,315013,6456024,4712830,20,20
2023-01,11566150367,231495493715,22369908,7507739012,218533388342,20024364,20767.38,3036719871,1396478417,837836,626.17,1021691484,11565626956,1507708,,,,12314368,586392,12611407,360955,225437,93110,87179,5931,178571,104872,42682,30868,20901,20838,0,175241,50083,68373,759848,69199,829047,721431,530824,303102,5299308,4926070,21,21
2023-02,10810762099,220047947261,21620497,7257261904,206467086217,19305042,20221.19,2595896341,1298245012,734177,630.46,957603854,12282616032,1581278,,,,14329703,754188,13841465,508533,245655,120512,109316,11196,314275,219992,53230,40733,27111,26776,0,165091,80330,46635,733776,141627,875404,700636,520886,318484,5826372,5517861,19,19
2023-03,13617881055,301015057606,28649257,9631401099,283101026566,25679057,20099.89,2845352425,1583282606,835781,634.18,1141127531,16330748434,2134419,,,,18417504,800753,13445987,501337,299416,122216,109711,12499,234215,149617,46799,37629,59896,59393,0,176946,122146,85010,516015,167708,683874,668568,497676,307262,5906435,4955869,23,23
2023-04,9616967916,207576923049,18440976,6234198902,193631914215,16218989,20636.54,2494100958,1251189566,677961,613.38,888668056,12693819268,1544026,,,,10458074,550416,13345209,344307,206109,76060,65838,10194,169749,96529,38211,34791,19397,19012,0,140953,65076,79101,527470,206637,734607,697365,505071,287675,5918266,5222824,19,19
2023-05,9888261184,221567062476,21629961,6735441125,205419188606,19105955,19572.24,2210361070,981177418,625694,595.82,942458989,15166696452,1898312,,,,15324699,696570,14618579,445570,251000,94357,79118,15130,259406,162957,50483,45601,22536,22244,0,163914,86536,69271,698292,290047,989089,676088,464785,284599,6013580,5827145,22,22
2023-06,9605849030,221976706888,19199877,6532143964,207871503191,16909227,20155.29,2195448204,992137764,606804,621.33,878256862,13113065933,1683846,,,,14614312,664278,14689794,461489,202789,128305,99612,28632,201134,108125,48850,43953,50796,50179,0,148840,53488,81254,619741,322893,943234,658391,444633,277517,6081780,5560389,22,22
2023-07,8565762248,196663754575,17089260,5775734272,183594387955,15090757,20626.64,1961468902,952147673,536052,627.52,828559074,12117218947,1462451,,,,12610946,630541,14875160,415127,215414,124951,84925,39981,198776,109975,45550,43127,17192,17060,0,153217,61700,74208,674436,403335,1078271,736946,509305,284711,6125141,6112840,20,20
2023-08,9457507592,208446063789,19629377,6256245417,193651810614,17356970,20292.62,2246518767,992870232,602999,586.6,954743408,13801382943,1669408,,,,14770038,671357,15538528,423172,248185,98414,58414,39980,268216,163525,53430,51081,21142,21046,0,190646,57410,35400,644166,494718,1139536,642551,451329,302708,6491257,6536112,22,22
2023-09,10272614257,219259585598,18684457,6865137770,205506236543,16455381,19541.27,2418792829,1042106221,637775,558.88,988683658,12711242834,1591301,,,,14046059,702297,15939169,427651,274646,112960,61616,51301,189882,108289,41240,40084,61065,60521,0,205952,68631,63744,581185,566647,1148683,752605,514781,295197,6460344,6372288,20,20
2023-10,9410960287,198803826543,20578629,6282618585,184858466181,18323596,18873.47,2215674127,901713404,599644,516.07,912667575,13043646958,1655389,,,,14727787,718897,16415941,437845,281052,125165,56722,68431,244018,135947,55407,52419,24596,24521,0,184026,97011,43971,540766,611308,1152584,799688,546345,300484,6768990,6902175,20,21
2023-11,10300381164,211890643676,21001239,6822369391,195035373553,18536150,20236.29,2463144365,925979064,602479,536.38,1013402592,15871552111,1850391,1464816,57738948,12219,16767786,781600,16834016,507703,273897,103588,38531,65043,323973,196699,66082,60900,20240,20089,0,220044,53820,59902,520990,691783,1213112,749716,507358,286851,7221109,6539412,21,22
2023-12,10336250130,235871748214,19324642,6927683905,219264130754,16935960,20958.44,2396678689,970793989,588615,552.9,1010533678,15570910824,1788327,1353858,65912647,11740,13868911,729935,15600945,453466,276469,84494,24924,59543,207445,120228,44885,41992,54069,53597,0,196116,80306,107410,401466,577382,979107,712850,440560,245210,6217165,6717070,19,19
2024-01,10177922146,222420078291,20033674,6406200909,206341996304,17562735,21021.88,2693678060,1131818001,685965,550.36,1075655999,14879936631,1772754,2387178,66327355,12220,13790239,626820,15351265,425506,201314,107917,23193,84702,229736,123026,54068,52478,18356,18287,0,133226,68010,69497,402699,731986,1135204,845971,513057,247449,5278865,7315740,22,22
2024-02,9762103319,219032511606,19657176,6506757620,202854053583,17309874,21363.61,2318692951,1033090040,584681,560.11,934560052,15076313045,1749588,2092696,69054938,13033,15047268,752358,16178362,521812,230546,111107,19969,91103,332142,190965,69328,71691,21737,21706,0,142532,87963,56826,375318,759084,1135102,786684,492882,246239,5375645,7861524,20,20
2024-03,11262240687,256194352479,19935392,7536258689,240970185664,17617402,22167.03,2666225253,1050230160,631875,563.39,1056260883,14067456696,1668538,3495862,106479959,17577,14933451,746668,15617340,506726,239942,119397,14835,104557,238148,120329,57548,60024,45586,44988,0,162911,76529,103595,238053,728755,967309,837823,533300,213009,5456051,7100684,20,20
2024-04,12231352182,257319670410,22830318,7724056536,239984611714,20256810,21714.54,3308626858,1249951249,777275,579.52,1191910844,15857192434,1768608,6757944,227915013,27625,15945637,724795,16795674,482352,242443,132437,8660,123723,265162,139186,57098,68726,20240,20176,0,151813,89988,64513,99212,1019884,1119497,908415,556554,215862,6077984,7913488,22,22
2024-05,11660190333,256834774649,21724534,7484223855,240305793603,19223569,22269.12,3198719002,1286620353,747439,610.87,964087052,14780757935,1710465,13160424,461602758,43061,17355109,788862,17889511,541741,247121,111977,2218,109719,359591,215451,66327,77675,19718,19693,0,162634,84257,50455,86729,1124794,1212123,909542,591865,222752,6410105,8559813,22,22
2024-06,10341370153,263967525088,19321346,7191796447,248122020358,17124399,21875.79,2322932501,956829536,567024,569.82,812907300,14465738436,1589790,13733905,422936758,40133,15395390,769764,17231723,571834,197930,136138,1274,134819,277919,157296,65259,55207,44157,43566,0,117222,80630,113620,0,939478,940479,914333,577287,196006,6019829,8574733,20,20
2024-07,9566676904,240624629057,19671959,6424969707,224906701118,17454025,23110.81,2273002890,988296863,615191,582.58,853714702,14262694262,1559854,14989605,466936814,42889,14198861,645396,18277536,427883,217513,124011,0,123899,243831,134096,58496,51158,18353,18157,0,143763,73605,41688,0,1124241,1125266,1018824,645914,199201,6583192,9082439,22,22
2024-08,10257747043,247439236410,20974534,7091997868,231578695742,18712178,23346.18,2300235385,953882244,592932,567.91,852074330,14462960889,1623878,13439460,443697535,45546,18298695,871358,20325528,631405,239953,128302,0,128229,399664,230043,84434,85077,18730,18710,0,135704,104070,84709,0,1221767,1222377,1010547,662299,197780,6476663,10067744,21,21
2024-09,11493486995,285041200207,20326563,7963437833,269193775897,18065441,24000.37,2579115123,1114922138,634123,581.12,935910396,14237884724,1577759,15023643,494617448,49240,16986901,872178,19645170,589534,282644,168854,0,168757,287042,145411,75200,66315,40033,39103,0,154927,126680,93605,0,1202122,1202939,1085386,651863,191871,6131742,10670936,19,20
2024-10,11818894460,275535479382,21395785,7410735875,258170442462,18895859,24156.87,3314442275,1432967777,797469,601.43,1077118524,15360507092,1649664,16597786,571562051,52793,18178423,826287,22135497,518210,308077,177589,0,177499,290398,149077,69861,71364,17080,16967,0,161647,145706,33143,0,1307278,1308236,1030652,618718,204814,7085939,12241050,22,22
2024-11,12025217832,280339336898,22281813,7986209101,260757004269,19643417,25648,2864394117,1372153132,732906,614.26,1154006820,17538591868,1841692,20607794,671587629,63798,19576991,959855,23771795,640840,319015,156328,0,156243,423204,241215,88229,93597,17156,17004,0,163985,154006,44152,0,1505336,1505994,951137,559286,207814,7368123,13094217,20,21
2024-12,11889867199,293372588752,20701916,7708838580,274446030031,18142502,24727.94,3051837733,1308464098,697660,597.84,1105572371,16871957031,1790296,23618515,746137592,71458,16750195,837502,23611466,545158,292344,139073,0,139037,266504,139876,69582,56857,40476,39479,0,139967,151396,99105,0,1273174,1273830,915518,540607,159432,6976141,13830442,20,20
2025-01,11704905256,286626242040,23229397,7261631489,263188159649,20223009,25533.1,3176667761,1549461480,820969,623.75,1240186241,21061043766,2110334,26419765,827577145,75085,18721658,850976,25745589,509354,341622,148898,0,148826,298393,153808,79298,65146,17583,17529,0,163686,176602,44480,0,1260326,1261151,1137723,673574,181335,6843640,16153321,22,22
2025-02,11544727725,290395079720,23136721,7481544454,267648247481,20259448,25393.45,2872041911,1475899268,763387,614.64,1167076337,20760160079,2061549,24065023,510772892,52337,20343139,1070683,27195984,706919,363764,166951,0,166808,494307,270639,113827,109762,17867,17847,0,162779,200209,27794,0,1331911,1332486,1144765,676522,185206,7048112,17188599,19,19
2025-03,13623800765,356110250169,27624784,9367425348,330702736554,24388132,24917.5,2915858953,1454184782,770864,628.3,1310450908,23366698633,2398676,30065556,586630200,67112,22703026,1081089,26398774,621332,459757,195000,0,194805,329401,165507,86620,77037,39127,39054,0,156687,302191,57804,0,1295996,1296495,1212067,732679,180127,6639461,16671256,21,21
2025-04,13838374427,358443005733,30498094,9398647240,327365584100,26896259,24841.68,2924005711,1477800425,781959,653.62,1488486238,29034792743,2750519,27235238,564828465,69357,20356860,969367,26753007,604865,364502,183705,0,183462,361909,181801,88981,91089,26192,25289,0,146103,216584,33059,0,1391614,1392116,1267081,762858,184607,7090953,16689827,21,21
2025-05,11998474004,301837044746,23594803,8160147119,283149928864,21024337,26175.05,2820818862,1541178178,761917,694.4,994093615,16631931364,1750106,23414408,514006340,58443,19212748,914883,28241797,608778,306105,139914,0,139890,426818,236420,91378,98972,15732,15692,0,168795,136209,26314,0,1445190,1445792,1218681,688033,202065,7649071,17396302,21,21
2025-06,13247743267,318003232776,22648519,8668954854,301250844150,20059102,26857.11,3502964477,1993560951,967728,733.37,1044536784,14091708479,1533468,31287152,667119196,88221,17290612,823354,27549664,537651,285703,161325,0,161292,271648,144099,62748,64653,32688,32605,0,173472,110877,71990,0,1289522,1289722,1165728,658645,178253,7617415,17049657,21,21
2025-07,12973669947,301141556607,23870730,7824020535,282843526025,21065481,27259.78,4000113778,2275267415,1132375,770.88,1112612218,15280294395,1557715,36923416,742468772,115159,17878488,812652,29712966,443098,369554,143255,0,143255,255887,129034,57996,68828,14020,13893,0,179286,188776,29936,0,1394630,1394831,1146171,643651,180049,8349310,18519266,22,22
2025-08,12200372060,300143130282,23188885,7604943671,280671320926,20421300,28564.45,3498516039,2130980680,1017167,829.57,1060876293,16543069653,1642796,36036057,797759023,107622,18282483,914118,30548176,556630,357488,130488,0,130473,402605,206814,95261,100476,14667,14645,0,175945,180232,8870,0,1489355,1489555,1150912,622288,178936,8567347,18996938,20,20
2025-09,17189380707,378148495945,27283644,9859266723,354597976029,23443698,30022.81,5805056692,4442233002,1807632,947.84,1480458760,18165169218,1900198,44598532,943117696,132116,19774523,964658,30757922,550547,414111,182203,0,182173,301054,159092,74159,67714,34543,34349,0,198541,213708,32747,0,1430216,1430416,1283159,698657,167277,8620040,19119205,20,21
2025-10,18846129482,388951149042,32543664,10276749913,359530835199,27510977,30260.74,6622291383,6100705074,2567858,957.88,1893812483,22249060790,2314065,53275703,1070547979,150764,19430481,883191,33112659,502047,381144,180230,0,180198,286890,156798,62332,67714,15855,14925,0,175709,202375,19072,0,1583082,1583438,1472112,831458,168561,9262709,20489343,22,22
2025-11,14208169648,348072436278,28095632,8908413019,325825113125,23960280,31382.78,4048567315,3431901111,1591029,937.34,1221120861,18065379256,2430819,30068453,750042786,113504,20484351,1058313,33839881,719964,338349,184088,0,184026,497619,288807,102749,105997,16142,16060,0,176797,158865,22115,0,1784481,1785177,1278287,738065,163801,9146142,21118707,19,20
2025-12,16242244527,382012822955,26919186,9486106262,360286533284,22635269,31712.76,5362031737,4414555690,1959619,987.74,1364927322,16586344207,2215266,29179206,725389774,109032,19928614,948972,31416963,639513,309459,232306,0,232102,308743,160483,79533,68663,34888,33969,0,157806,148903,63576,0,1386656,1388149,1220931,659336,159196,8611066,19837121,21,21
2026-01,19819944916,433209449124,35674467,10658103477,401721587185,29358817,31923.52,7347760306,7264947766,3113507,1051.08,1773953142,23289330724,3063259,40127991,933583449,138884,17655627,840736,31143188,457915,382821,141383,0,141165,273787,140588,65588,67597,17179,16717,0,184322,191671,25566,0,1582528,1583602,1283759,693790,163924,7139981,20792970,21,21
2026-02,16337914306,426134446369,33311291,10032758420,399864500280,28449445,34339.99,5003027865,5206143773,2263289,1107.6,1269079412,20354218448,2481065,33048609,709583868,117492,21839506,1149437,32152138,703960,445477,177468,0,177360,482663,256378,115040,111213,17995,17879,0,191400,246992,25834,0,1770411,1771530,1354704,797165,155910,7227356,21313361,19,19
2026-03,19055246079,502834706657,38143148,12494183335,477763873355,33070734,32768.04,5280804286,5399809675,2512343,957.84,1238914862,18829536795,2410160,41343596,841486832,149911,29841834,1356446,29664431,971776,384670,375736,0,374942,502434,231052,128246,143069,38529,38321,0,165430,213081,55077,0,1521125,1522489,1292114,699088,145279,7220114,19226323,22,22
2026-04,15008056755,412856267250,31548686,10113076360,394000105156,27740459,33964.33,3963495340,3842314992,1857071,994.87,897177320,14167792150,1816210,34307735,846054952,134946,19794694,942605,31615080,554528,388077,174325,0,174040,345363,160129,88372,96848,16916,16471,0,177751,205357,17924,0,1572635,1573634,1502459,795156,146103,7466322,20723102,21,21
2026-05,14394745046,413167310072,31045063,9795028878,393624547786,27187347,34769.14,3737226075,3653803466,1753088,1011.51,834794649,15126724276,1985319,27695444,762234544,119309,24965353,1248268,33641112,842587,405681,229573,0,229288,589344,314202,128405,146720,15847,15484,0,181257,219921,7675,0,1765553,1766293,1604319,926385,159517,7574533,22311134,20,20
2026-06,15568012598,478909112683,33879991,10796096148,456631843665,29942529,34856.99,3843490586,3427700545,1746508,896.9,894560633,17988073982,2067531,33865231,861494491,123423,22346394,1015744,33325063,670142,345602,221926,0,221639,363290,175930,90692,96630,37187,36714,0,173747,167305,47705,0,1673748,1674938,1653100,1001334,165263,7324375,21975346,22,22
2026-07,11998428161,411385145144,30214800,8695785150,391979566672,26864912,35226.14,2554232103,2308825746,1281453,867.13,696743301,16032443029,1911492,51667607,1064309697,156943,20211732,918716,35470654,554232,364484,192122,0,191902,324170,156822,80980,86355,14520,14438,0,169085,190293,23418,0,1726354,1727663,1650934,938354,163854,7771029,23940305,22,22
