tranche_id,qibie,quanbie,currency,issue_date,maturity_date,tenor_years,coupon_pct,repayment_type,issue_amount_k,outstanding_k_2026_07
109-1A,109-1,甲類,TWD,2020-03-23,2025-03-23,5.0,0.58,bullet,3000000,0
109-1B,109-1,乙類,TWD,2020-03-23,2027-03-23,7.0,0.62,bullet,10500000,10500000
109-1C,109-1,丙類,TWD,2020-03-23,2030-03-23,10.0,0.64,bullet,10500000,10500000
109-2A,109-2,甲類,TWD,2020-04-15,2025-04-15,5.0,0.52,bullet,5900000,0
109-2B,109-2,乙類,TWD,2020-04-15,2027-04-15,7.0,0.58,bullet,10400000,10400000
109-2C,109-2,丙類,TWD,2020-04-15,2030-04-15,10.0,0.6,bullet,5300000,5300000
109-3A,109-3,甲類,TWD,2020-05-29,2025-05-29,5.0,0.55,bullet,4500000,0
109-3B,109-3,乙類,TWD,2020-05-29,2027-05-29,7.0,0.6,bullet,7500000,7500000
109-3C,109-3,丙類,TWD,2020-05-29,2030-05-29,10.0,0.64,bullet,2400000,2400000
109-4A,109-4,甲類,TWD,2020-07-14,2025-07-14,5.0,0.58,amort_50_50,5700000,0
109-4B,109-4,乙類,TWD,2020-07-14,2027-07-14,7.0,0.65,amort_50_50,6300000,3150000
109-4C,109-4,丙類,TWD,2020-07-14,2030-07-14,10.0,0.67,amort_50_50,1900000,1900000
109-5A,109-5,甲類,TWD,2020-09-03,2025-09-03,5.0,0.5,amort_50_50,4800000,0
109-5B,109-5,乙類,TWD,2020-09-03,2027-09-03,7.0,0.58,amort_50_50,8000000,8000000
109-5C,109-5,丙類,TWD,2020-09-03,2030-09-03,10.0,0.6,amort_50_50,2800000,2800000
109-1-USD,109-1,,USD,2020-09-22,2060-09-22,40.0,2.7,bullet,1000000,1000000
109-6A,109-6,甲類,TWD,2020-12-02,2025-12-02,5.0,0.4,amort_50_50,1600000,0
109-6B,109-6,乙類,TWD,2020-12-02,2027-12-02,7.0,0.44,amort_50_50,5600000,5600000
109-6C,109-6,丙類,TWD,2020-12-02,2030-12-02,10.0,0.48,amort_50_50,4800000,4800000
109-7A,109-7,甲類,TWD,2020-12-29,2025-12-29,5.0,0.36,amort_50_50,1900000,0
109-7B,109-7,乙類,TWD,2020-12-29,2027-12-29,7.0,0.41,amort_50_50,10200000,10200000
109-7C,109-7,丙類,TWD,2020-12-29,2030-12-29,10.0,0.45,amort_50_50,6400000,6400000
110-1A,110-1,甲類,TWD,2021-03-30,2026-03-30,5.0,0.5,bullet,4800000,0
110-1B,110-1,乙類,TWD,2021-03-30,2028-03-30,7.0,0.55,bullet,11400000,11400000
110-1C,110-1,丙類,TWD,2021-03-30,2031-03-30,10.0,0.6,bullet,4900000,4900000
110-2A,110-2,甲類,TWD,2021-05-03,2026-05-03,5.0,0.5,bullet,5200000,0
110-2B,110-2,乙類,TWD,2021-05-03,2028-05-03,7.0,0.58,bullet,8400000,8400000
110-2C,110-2,丙類,TWD,2021-05-03,2031-05-03,10.0,0.65,bullet,5600000,5600000
110-3A,110-3,甲類,TWD,2021-06-25,2026-06-25,5.0,0.52,bullet,6900000,0
110-3B,110-3,乙類,TWD,2021-06-25,2028-06-25,7.0,0.58,bullet,7900000,7900000
110-3C,110-3,丙類,TWD,2021-06-25,2031-06-25,10.0,0.65,bullet,4900000,4900000
110-4A,110-4,甲類,TWD,2021-08-19,2025-08-19,4.0,0.485,bullet,4000000,0
110-4B,110-4,乙類,TWD,2021-08-19,2026-08-19,5.0,0.5,bullet,8000000,8000000
110-4C,110-4,丙類,TWD,2021-08-19,2028-08-19,7.0,0.55,bullet,5400000,5400000
110-4D,110-4,丁類,TWD,2021-08-19,2031-08-19,10.0,0.62,bullet,4200000,4200000
110-5-USD,110-5,,USD,2021-09-23,2051-09-23,30.0,3.1,bullet,1000000,1000000
110-6A,110-6,甲類,TWD,2021-10-05,2026-04-05,4.5,0.535,bullet,3200000,0
110-6B,110-6,乙類,TWD,2021-10-05,2026-10-05,5.0,0.54,bullet,6900000,6900000
110-6C,110-6,丙類,TWD,2021-10-05,2028-10-05,7.0,0.6,bullet,4600000,4600000
110-6D,110-6,丁類,TWD,2021-10-05,2031-10-05,10.0,0.62,bullet,1600000,1600000
110-7A,110-7,甲類,TWD,2021-12-09,2026-12-09,5.0,0.65,bullet,7700000,7700000
110-7B,110-7,乙類,TWD,2021-12-09,2027-06-09,5.5,0.675,bullet,3500000,3500000
110-7C,110-7,丙類,TWD,2021-12-09,2028-12-09,7.0,0.72,bullet,5500000,5500000
111-1A,111-1,甲類,TWD,2022-01-12,2027-01-12,5.0,0.63,bullet,2100000,2100000
111-1B,111-1,乙類,TWD,2022-01-12,2029-01-12,7.0,0.72,bullet,3300000,3300000
111-2A,111-2,甲類,TWD,2022-03-29,2026-09-29,4.5,0.84,bullet,3000000,3000000
111-2B,111-2,乙類,TWD,2022-03-29,2027-03-29,5.0,0.85,bullet,9600000,9600000
111-2C,111-2,丙類,TWD,2022-03-29,2029-03-29,7.0,0.9,bullet,1600000,1600000
111-3-TWD,111-3,,TWD,2022-05-20,2027-05-20,5.0,1.5,bullet,6100000,6100000
111-4A,111-4,甲類,TWD,2022-07-27,2026-07-27,4.0,1.6,bullet,1200000,0
111-4B,111-4,乙類,TWD,2022-07-27,2027-07-27,5.0,1.7,bullet,10100000,10100000
111-4C,111-4,丙類,TWD,2022-07-27,2029-07-27,7.0,1.75,bullet,1200000,1200000
111-4D,111-4,丁類,TWD,2022-07-27,2032-07-27,10.0,1.95,bullet,1400000,1400000
111-5A,111-5,甲類,TWD,2022-08-25,2027-06-25,4.83,1.65,bullet,2000000,2000000
111-5B,111-5,乙類,TWD,2022-08-25,2027-08-25,5.0,1.65,bullet,8900000,8900000
111-5C,111-5,丙類,TWD,2022-08-25,2029-08-25,7.0,1.65,bullet,2200000,2200000
111-5D,111-5,丁類,TWD,2022-08-25,2032-08-25,10.0,1.82,bullet,2500000,2500000
111-6A,111-6,甲類,TWD,2022-10-20,2027-10-20,5.0,1.75,bullet,5700000,5700000
111-6B,111-6,乙類,TWD,2022-10-20,2029-10-20,7.0,1.8,bullet,1000000,1000000
111-6C,111-6,丙類,TWD,2022-10-20,2032-10-20,10.0,2.0,bullet,3500000,3500000
112-1A,112-1,甲類,TWD,2023-03-28,2028-03-28,5.0,1.54,bullet,12200000,12200000
112-1B,112-1,乙類,TWD,2023-03-28,2030-03-28,7.0,1.6,bullet,2300000,2300000
112-1C,112-1,丙類,TWD,2023-03-28,2033-03-28,10.0,1.78,bullet,4800000,4800000
112-2A,112-2,甲類,TWD,2023-05-03,2028-05-03,5.0,1.6,bullet,13100000,13100000
112-2B,112-2,乙類,TWD,2023-05-03,2030-05-03,7.0,1.65,bullet,2300000,2300000
112-2C,112-2,丙類,TWD,2023-05-03,2033-05-03,10.0,1.82,bullet,5300000,5300000
112-3A,112-3,甲類,TWD,2023-06-01,2028-06-01,5.0,1.6,bullet,11400000,11400000
112-3B,112-3,乙類,TWD,2023-06-01,2030-06-01,7.0,1.65,bullet,2600000,2600000
112-3C,112-3,丙類,TWD,2023-06-01,2033-06-01,10.0,1.8,bullet,6000000,6000000
112-4A,112-4,甲類,TWD,2023-08-16,2028-08-16,5.0,1.6,bullet,7300000,7300000
112-4B,112-4,乙類,TWD,2023-08-16,2030-08-16,7.0,1.65,bullet,700000,700000
112-4C,112-4,丙類,TWD,2023-08-16,2033-08-16,10.0,1.76,bullet,7900000,7900000
112-5A,112-5,甲類,TWD,2023-10-16,2028-10-16,5.0,1.62,bullet,4300000,4300000
112-5B,112-5,乙類,TWD,2023-10-16,2033-10-16,10.0,1.76,bullet,5500000,5500000
113-1A,113-1,甲類,TWD,2024-03-15,2029-03-15,5.0,1.64,bullet,12000000,12000000
113-1B,113-1,乙類,TWD,2024-03-15,2034-03-15,10.0,1.76,bullet,10800000,10800000
113-2A,113-2,甲類,TWD,2024-05-17,2029-05-17,5.0,1.98,bullet,4900000,4900000
113-2B,113-2,乙類,TWD,2024-05-17,2034-05-17,10.0,2.1,bullet,6600000,6600000
114-1A,114-1,甲類,TWD,2025-03-28,2030-03-28,5.0,1.9,bullet,12000000,12000000
114-1B,114-1,乙類,TWD,2025-03-28,2035-03-28,10.0,2.05,bullet,7200000,7200000
114-2A,114-2,甲類,TWD,2025-06-02,2030-06-02,5.0,1.92,bullet,12500000,12500000
114-2B,114-2,乙類,TWD,2025-06-02,2035-06-02,10.0,2.05,bullet,1600000,1600000
114-3A,114-3,甲類,TWD,2025-07-09,2030-07-09,5.0,1.92,bullet,8300000,8300000
114-3B,114-3,乙類,TWD,2025-07-09,2035-07-09,10.0,2.05,bullet,4000000,4000000
114-4A,114-4,甲類,TWD,2025-09-18,2030-09-18,5.0,1.66,bullet,13800000,13800000
114-4B,114-4,乙類,TWD,2025-09-18,2035-09-18,10.0,1.73,bullet,4000000,4000000
114-5A,114-5,甲類,TWD,2025-11-20,2030-11-20,5.0,1.5,bullet,14000000,14000000
114-5B,114-5,乙類,TWD,2025-11-20,2032-11-20,7.0,1.53,bullet,3000000,3000000
114-5C,114-5,丙類,TWD,2025-11-20,2035-11-20,10.0,1.58,bullet,6500000,6500000
115-1A,115-1,甲類,TWD,2026-03-31,2031-03-31,5.0,1.72,bullet,12600000,12600000
115-1B,115-1,乙類,TWD,2026-03-31,2036-03-31,10.0,1.78,bullet,4600000,4600000
115-2A,115-2,甲類,TWD,2026-05-22,2031-05-22,5.0,1.8,bullet,13700000,13700000
115-2B,115-2,乙類,TWD,2026-05-22,2036-05-22,10.0,1.85,bullet,4700000,4700000
115-3A,115-3,甲類,TWD,2026-07-30,2031-07-30,5.0,2.03,bullet,14000000,14000000
115-3B,115-3,乙類,TWD,2026-07-30,2036-07-30,10.0,2.1,bullet,4500000,4500000
