month,approved_total_k,outstanding_total_k,arizona_approved_k,arizona_outstanding_k
2004-01,18030600,,,
2004-02,18017100,,,
2004-03,17830800,,,
2004-04,18019260,,,
2004-05,18030060,,,
2004-06,18238500,,,
2004-07,18433440,,,
2004-08,18388620,,,
2004-09,18351360,,,
2004-10,18054900,,,
2004-11,17390700,,,
2004-12,3191700,,,
2005-01,3179000,,,
2005-02,3117500,,,
2005-03,3153000,,,
2005-04,3127900,,,
2005-05,3136300,,,
2005-06,2213260,,,
2005-07,2239720,,,
2005-08,2292570,,,
2005-09,2323160,,,
2005-10,2348570,,,
2005-11,2346120,,,
2005-12,3285000,,,
2006-01,3198500,,,
2006-02,1947300,,,
2006-03,1947600,,,
2006-04,1914780,,,
2006-05,1921140,,,
2006-06,1943940,,,
2006-07,1965360,,,
2006-08,1974360,,,
2006-09,0,,,
2006-10,0,,,
2006-11,0,,,
2006-12,0,,,
2007-01,0,0.0,,
2007-02,0,0.0,,
2007-03,0,,,
2007-04,0,,,
2007-05,0,,,
2007-06,0,,,
2007-07,0,,,
2007-08,0,,,
2007-09,0,,,
2007-10,0,,,
2007-11,0,,,
2007-12,0,,,
2008-01,0,,,
2008-02,0,,,
2008-03,0,,,
2008-04,0,,,
2008-05,0,,,
2008-06,0,,,
2008-07,0,,,
2008-08,0,0.0,,
2008-09,0,,,
2008-10,0,0.0,,
2008-11,0,0.0,,
2008-12,0,0.0,,
2009-01,0,0.0,,
2009-02,0,0.0,,
2009-03,0,0.0,,
2009-04,0,0.0,,
2009-05,0,0.0,,
2009-06,0,0.0,,
2009-07,0,0.0,,
2009-08,0,0.0,,
2009-09,0,0.0,,
2009-10,0,0.0,,
2009-11,0,0.0,,
2009-12,0,0.0,,
2010-01,0,0.0,,
2010-02,0,0.0,,
2010-03,0,0.0,,
2010-04,0,0.0,,
2010-05,0,0.0,,
2010-06,0,0.0,,
2010-07,0,0.0,,
2010-08,0,0.0,,
2010-09,0,0.0,,
2010-10,0,0.0,,
2010-11,0,0.0,,
2010-12,0,0.0,,
2011-01,0,0.0,,
2011-02,0,0.0,,
2011-03,0,0.0,,
2011-04,0,0.0,,
2011-05,0,0.0,,
2011-06,0,,,
2011-07,0,0.0,,
2011-08,0,0.0,,
2011-09,0,0.0,,
2011-10,0,0.0,,
2011-11,0,0.0,,
2011-12,0,0.0,,
2012-01,0,0.0,,
2012-02,0,0.0,,
2012-03,0,0.0,,
2012-04,0,0.0,,
2012-05,0,0.0,,
2012-06,0,0.0,,
2012-07,0,0.0,,
2012-08,0,0.0,,
2012-09,0,0.0,,
2012-10,0,0.0,,
2012-11,0,0.0,,
2012-12,0,0.0,,
2013-01,0,0.0,,
2013-02,44475000,0.0,,
2013-03,44803500,0.0,,
2013-04,44190000,44190000.0,,
2013-05,44917500,44917500.0,,
2013-06,44952000,44952000.0,,
2013-07,44950500,44950500.0,,
2013-08,44890500,44890500.0,,
2013-09,44356500,44356500.0,,
2013-10,44074500,44074500.0,,
2013-11,44415000,44415000.0,,
2013-12,44700000,44700000.0,,
2014-01,45441000,45441000.0,,
2014-02,45447000,45447000.0,,
2014-03,45724500,45724500.0,,
2014-04,45315000,45315000.0,,
2014-05,44974500,44974500.0,,
2014-06,44784000,44784000.0,,
2014-07,44974500,44974500.0,,
2014-08,44848500,44848500.0,,
2014-09,45705000,45705000.0,,
2014-10,45574500,45574500.0,,
2014-11,49141358,46558500.0,,
2014-12,50216359,50216359.0,,
2015-01,49958296,49958296.0,,
2015-02,49875969,49875969.0,,
2015-03,49714481,49714481.0,,
2015-04,48686975,48686975.0,,
2015-05,48875378,48875378.0,,
2015-06,49190437,49190437.0,,
2015-07,49955129,49955129.0,,
2015-08,51422768,51422768.0,,
2015-09,52097217,52097217.0,,
2015-10,51532010,51532010.0,,
2015-11,51763159,51763159.0,,
2015-12,52079802,52079802.0,,
2016-01,53023397,53023397.0,,
2016-02,52618094,52618094.0,,
2016-03,50947804,50947804.0,,
2016-04,39726733,39726733.0,,
2016-05,40215086,40215086.0,,
2016-06,39811825,39811825.0,,
2016-07,39322239,39322239.0,,
2016-08,39115059,39115059.0,,
2016-09,38690834,38690834.0,,
2016-10,38906646,38906646.0,,
2016-11,39339504,39339504.0,,
2016-12,39708235,39708235.0,,
2017-01,38603276,38603276.0,,
2017-02,37890479,37890479.0,,
2017-03,37452688,37452688.0,,
2017-04,37204812,37204812.0,,
2017-05,37138219,37138219.0,,
2017-06,37506949,37506949.0,,
2017-07,37310868,37310868.0,,
2017-08,37202346,37202346.0,,
2017-09,37291137,37291137.0,,
2017-10,37196180,37196180.0,,
2017-11,36997632,36997632.0,,
2017-12,36575873,36575873.0,,
2018-01,36050524,36050524.0,,
2018-02,36023394,36023394.0,,
2018-03,35877875,35877875.0,,
2018-04,2457538,2457538.0,,
2018-05,2493903,2493903.0,,
2018-06,2540502,2540502.0,,
2018-07,2546743,2546743.0,,
2018-08,2554648,2554648.0,,
2018-09,2538422,2538422.0,,
2018-10,2574952,2574952.0,,
2018-11,2563968,2563968.0,,
2018-12,2557977,2557977.0,,
2019-01,2557977,2557977.0,,
2019-02,2559808,2559808.0,,
2019-03,2565466,2565466.0,,
2019-04,2571041,2571041.0,,
2019-05,2629374,2629374.0,,
2019-06,2584272,2584272.0,,
2019-07,2586602,2586602.0,,
2019-08,2611233,2611233.0,,
2019-09,2581859,2581859.0,,
2019-10,2531182,2531182.0,,
2019-11,2538422,2538422.0,,
2019-12,2495400,2495400.0,,
2020-01,2515122,2515122.0,,
2020-02,2518284,2518284.0,,
2020-03,2516287,2516287.0,,
2020-04,2479756,2479756.0,,
2020-05,2494485,2494485.0,,
2020-06,2448884,2448884.0,,
2020-07,2437900,2437900.0,,
2020-08,90473811,2441811.0,,
2020-09,89289857,89289857.0,,
2020-10,88189150,88189150.0,,
2020-11,87874662,87874662.0,,
2020-12,86629044,86629044.0,,
2021-01,86425552,86425552.0,,
2021-02,210820913,85716413.0,,
2021-03,216174662,87893162.0,,
2021-04,211268323,183408323.0,,
2021-05,209562100,181927100.0,,
2021-06,211488236,183599236.0,,
2021-07,211761231,183836231.0,,
2021-08,433568058,183683058.0,,900141.0
2021-09,435114006,184338006.0,,903351.0
2021-10,434411303,309225803.0,,126087392.0
2021-11,433333824,308458824.0,,125774655.0
2021-12,432147036,307614036.0,,125430191.0
2022-01,434426918,309236918.0,,126091924.0
2022-02,438393289,312060289.0,,127243159.0
2022-03,446575881,317884881.0,,129618147.0
2022-04,460879801,431365801.0,,237068844.0
2022-05,453634147,424584147.0,,233341801.0
2022-06,464127853,434405853.0,,238739587.0
2022-07,467656986,467656986.0,,240554914.0
2022-08,596746796,475058782.0,,244362267.0
2022-09,623110208,496046192.0,,255157838.0
2022-10,631289927,502557911.0,,258507357.0
2022-11,606495766,482819751.0,,248354379.0
2022-12,602454945,479602931.0,,246699701.0
2023-01,589096699,468968685.0,,241229623.0
2023-02,597688346,475808332.0,,244747823.0
2023-03,596746796,475058782.0,366050281.0,244362267.0
2023-04,602278405,479462390.0,369443424.0,246627409.0
2023-05,602611871,479727856.0,369647975.0,246763960.0
2023-06,610634665,486114650.0,374569235.0,250049220.0
2023-07,616323198,490643183.0,378058636.0,252378621.0
2023-08,625385620,497857605.0,383617614.0,256089599.0
2023-09,647183476,518059282.0,388418550.0,259294534.0
2023-10,650270934,520530740.0,390271543.0,260531527.0
2023-11,626874412,501802225.0,376229709.0,251157693.0
2023-12,603121877,480133862.0,369960818.0,246972803.0
2024-01,613577010,488456994.0,376374098.0,251254082.0
2024-02,621344800,494640785.0,381138936.0,254434921.0
2024-03,627641419,499653403.0,385001343.0,257013327.0
2024-04,637763085,507711070.0,391210071.0,261158056.0
2024-05,636723457,506883442.0,390572353.0,260732338.0
2024-06,637311926,507351910.0,390933326.0,260973310.0
2024-07,645256258,513676242.0,395806456.0,264226440.0
2024-08,626915640,499075625.0,384556143.0,256716128.0
2024-09,620599406,494047391.0,380681704.0,254129689.0
2024-10,628916435,500668420.0,385783450.0,257535435.0
2024-11,686722626,556634611.0,440101363.0,310013348.0
2024-12,718622992,560845056.0,470136259.0,312358323.0
2025-01,717573866,560002991.0,469413211.0,311842336.0
2025-02,719218420,561286420.0,470489024.0,312557024.0
2025-03,741381014,592818470.0,489580416.0,341017872.0
2025-04,725185794,573447650.0,481612983.0,329874839.0
2025-05,677253993,535545117.0,449780344.0,308071468.0
2025-06,658221254,539784846.0,437140253.0,318703845.0
2025-07,675967082,554337596.0,448925676.0,327296190.0
2025-08,690529500,566279739.0,458596921.0,334347160.0
2025-09,658779320,534748931.0,457787235.0,333756846.0
2025-10,663181108,538321981.0,460846047.0,335986920.0
2025-11,676731710,549321370.0,470262391.0,342852051.0
2025-12,678479478,550740080.0,471476919.0,343737521.0
2026-01,677428276,549867626.0,470715378.0,343154728.0
2026-02,674407895,547415986.0,468616647.0,341624738.0
2026-03,691753511,561494551.0,480669360.0,350410400.0
2026-04,648068236,519478950.0,474508085.0,345918799.0
2026-05,641966939,514588269.0,470040786.0,342662116.0
2026-06,653493885,524230212.0,478480683.0,349217010.0
2026-07,674495067,534023318.0,496466098.0,355994349.0
